端口0 帧数: 1172, 端口1 帧数: 1172
切刀切换点: 128 个
检测喂帧: 128 帧

---- 报警时刻 code=9 天线对(1,2) t=4894.0s ----
  频点 Sys=BDS Type=B3I Alarm=1 来向角度=-1 被欺骗卫星数=4
    卫星 Prn=3 Snr=0.0 Angle=-1 Quality=-1
    卫星 Prn=4 Snr=0.0 Angle=-1 Quality=-1
    卫星 Prn=6 Snr=0.0 Angle=-1 Quality=-1
    卫星 Prn=9 Snr=0.0 Angle=-1 Quality=-1

---- 报警时刻 code=57 天线对(1,3) t=4903.0s ----
  频点 Sys=GPS Type=L1_CA Alarm=1 来向角度=-1 被欺骗卫星数=6
    卫星 Prn=3 Snr=0.0 Angle=-1 Quality=-1
    卫星 Prn=4 Snr=0.0 Angle=-1 Quality=-1
    卫星 Prn=26 Snr=0.0 Angle=-1 Quality=-1
    卫星 Prn=29 Snr=0.0 Angle=-1 Quality=-1
    卫星 Prn=31 Snr=0.0 Angle=-1 Quality=-1
    卫星 Prn=32 Snr=0.0 Angle=-1 Quality=-1

---- 报警时刻 code=57 天线对(1,3) t=4903.0s ----
  频点 Sys=Galileo Type=E1C Alarm=1 来向角度=-1 被欺骗卫星数=8
    卫星 Prn=4 Snr=0.0 Angle=-1 Quality=-1
    卫星 Prn=5 Snr=0.0 Angle=-1 Quality=-1
    卫星 Prn=6 Snr=0.0 Angle=-1 Quality=-1
    卫星 Prn=9 Snr=0.0 Angle=-1 Quality=-1
    卫星 Prn=14 Snr=0.0 Angle=-1 Quality=-1
    卫星 Prn=16 Snr=0.0 Angle=-1 Quality=-1
    卫星 Prn=31 Snr=0.0 Angle=-1 Quality=-1
    卫星 Prn=34 Snr=0.0 Angle=-1 Quality=-1

---- 报警时刻 code=57 天线对(1,3) t=4903.0s ----
  频点 Sys=BDS Type=B3I Alarm=1 来向角度=-1 被欺骗卫星数=9
    卫星 Prn=1 Snr=56.7 Angle=-1 Quality=-1
    卫星 Prn=2 Snr=56.5 Angle=-1 Quality=-1
    卫星 Prn=4 Snr=56.5 Angle=-1 Quality=-1
    卫星 Prn=6 Snr=56.6 Angle=-1 Quality=-1
    卫星 Prn=7 Snr=56.6 Angle=-1 Quality=-1
    卫星 Prn=9 Snr=56.6 Angle=-1 Quality=-1
    卫星 Prn=10 Snr=56.5 Angle=-1 Quality=-1
    卫星 Prn=14 Snr=56.5 Angle=-1 Quality=-1
    卫星 Prn=26 Snr=56.5 Angle=-1 Quality=-1

---- 报警时刻 code=57 天线对(1,3) t=4903.0s ----
  频点 Sys=BDS Type=B2a Alarm=1 来向角度=-1 被欺骗卫星数=6
    卫星 Prn=6 Snr=0.0 Angle=-1 Quality=-1
    卫星 Prn=8 Snr=0.0 Angle=-1 Quality=-1
    卫星 Prn=14 Snr=0.0 Angle=-1 Quality=-1
    卫星 Prn=21 Snr=0.0 Angle=-1 Quality=-1
    卫星 Prn=24 Snr=0.0 Angle=-1 Quality=-1
    卫星 Prn=26 Snr=0.0 Angle=-1 Quality=-1

---- 报警时刻 code=57 天线对(1,3) t=4903.0s ----
  频点 Sys=BDS Type=B2b Alarm=1 来向角度=-1 被欺骗卫星数=4
    卫星 Prn=6 Snr=0.0 Angle=-1 Quality=-1
    卫星 Prn=14 Snr=0.0 Angle=-1 Quality=-1
    卫星 Prn=21 Snr=0.0 Angle=-1 Quality=-1
    卫星 Prn=24 Snr=0.0 Angle=-1 Quality=-1

---- 报警时刻 code=17 天线对(1,4) t=4912.0s ----
  频点 Sys=GPS Type=L1_CA Alarm=1 来向角度=-1 被欺骗卫星数=5
    卫星 Prn=4 Snr=50.1 Angle=-1 Quality=-1
    卫星 Prn=26 Snr=50.2 Angle=-1 Quality=-1
    卫星 Prn=28 Snr=50.1 Angle=-1 Quality=-1
    卫星 Prn=29 Snr=50.1 Angle=-1 Quality=-1
    卫星 Prn=31 Snr=50.2 Angle=-1 Quality=-1

---- 报警时刻 code=17 天线对(1,4) t=4912.0s ----
  频点 Sys=Galileo Type=E1C Alarm=1 来向角度=-1 被欺骗卫星数=8
    卫星 Prn=4 Snr=50.0 Angle=-1 Quality=-1
    卫星 Prn=5 Snr=50.0 Angle=-1 Quality=-1
    卫星 Prn=6 Snr=50.1 Angle=-1 Quality=-1
    卫星 Prn=9 Snr=50.0 Angle=-1 Quality=-1
    卫星 Prn=14 Snr=50.0 Angle=-1 Quality=-1
    卫星 Prn=16 Snr=50.0 Angle=-1 Quality=-1
    卫星 Prn=31 Snr=50.0 Angle=-1 Quality=-1
    卫星 Prn=34 Snr=50.0 Angle=-1 Quality=-1

---- 报警时刻 code=17 天线对(1,4) t=4912.0s ----
  频点 Sys=BDS Type=B3I Alarm=1 来向角度=-1 被欺骗卫星数=11
    卫星 Prn=2 Snr=56.8 Angle=-1 Quality=-1
    卫星 Prn=3 Snr=56.7 Angle=-1 Quality=-1
    卫星 Prn=4 Snr=56.8 Angle=-1 Quality=-1
    卫星 Prn=6 Snr=56.7 Angle=-1 Quality=-1
    卫星 Prn=7 Snr=56.8 Angle=-1 Quality=-1
    卫星 Prn=8 Snr=56.8 Angle=-1 Quality=-1
    卫星 Prn=9 Snr=56.8 Angle=-1 Quality=-1
    卫星 Prn=10 Snr=56.7 Angle=-1 Quality=-1
    卫星 Prn=14 Snr=56.7 Angle=-1 Quality=-1
    卫星 Prn=21 Snr=56.7 Angle=-1 Quality=-1
    卫星 Prn=26 Snr=56.7 Angle=-1 Quality=-1

---- 报警时刻 code=17 天线对(1,4) t=4912.0s ----
  频点 Sys=BDS Type=B1C Alarm=1 来向角度=-1 被欺骗卫星数=4
    卫星 Prn=6 Snr=0.0 Angle=-1 Quality=-1
    卫星 Prn=7 Snr=0.0 Angle=-1 Quality=-1
    卫星 Prn=21 Snr=0.0 Angle=-1 Quality=-1
    卫星 Prn=24 Snr=0.0 Angle=-1 Quality=-1

---- 报警时刻 code=17 天线对(1,4) t=4912.0s ----
  频点 Sys=BDS Type=B2a Alarm=1 来向角度=-1 被欺骗卫星数=7
    卫星 Prn=6 Snr=53.2 Angle=-1 Quality=-1
    卫星 Prn=7 Snr=53.2 Angle=-1 Quality=-1
    卫星 Prn=8 Snr=53.3 Angle=-1 Quality=-1
    卫星 Prn=14 Snr=53.2 Angle=-1 Quality=-1
    卫星 Prn=21 Snr=53.2 Angle=-1 Quality=-1
    卫星 Prn=24 Snr=53.2 Angle=-1 Quality=-1
    卫星 Prn=26 Snr=53.2 Angle=-1 Quality=-1

---- 报警时刻 code=17 天线对(1,4) t=4912.0s ----
  频点 Sys=BDS Type=B2b Alarm=1 来向角度=-1 被欺骗卫星数=7
    卫星 Prn=6 Snr=54.2 Angle=-1 Quality=-1
    卫星 Prn=7 Snr=54.2 Angle=-1 Quality=-1
    卫星 Prn=8 Snr=54.2 Angle=-1 Quality=-1
    卫星 Prn=14 Snr=54.2 Angle=-1 Quality=-1
    卫星 Prn=21 Snr=54.2 Angle=-1 Quality=-1
    卫星 Prn=24 Snr=54.2 Angle=-1 Quality=-1
    卫星 Prn=26 Snr=54.2 Angle=-1 Quality=-1

---- 报警时刻 code=25 天线对(1,5) t=4921.0s ----
  频点 Sys=GPS Type=L1_CA Alarm=1 来向角度=-1 被欺骗卫星数=4
    卫星 Prn=4 Snr=50.1 Angle=-1 Quality=-1
    卫星 Prn=26 Snr=50.2 Angle=-1 Quality=-1
    卫星 Prn=29 Snr=50.1 Angle=-1 Quality=-1
    卫星 Prn=32 Snr=49.8 Angle=-1 Quality=-1

---- 报警时刻 code=25 天线对(1,5) t=4921.0s ----
  频点 Sys=Galileo Type=E1C Alarm=1 来向角度=-1 被欺骗卫星数=8
    卫星 Prn=4 Snr=50.0 Angle=-1 Quality=-1
    卫星 Prn=5 Snr=50.0 Angle=-1 Quality=-1
    卫星 Prn=6 Snr=50.1 Angle=-1 Quality=-1
    卫星 Prn=9 Snr=50.0 Angle=-1 Quality=-1
    卫星 Prn=14 Snr=50.0 Angle=-1 Quality=-1
    卫星 Prn=16 Snr=50.0 Angle=-1 Quality=-1
    卫星 Prn=31 Snr=50.0 Angle=-1 Quality=-1
    卫星 Prn=34 Snr=50.0 Angle=-1 Quality=-1

---- 报警时刻 code=25 天线对(1,5) t=4921.0s ----
  频点 Sys=BDS Type=B3I Alarm=1 来向角度=-1 被欺骗卫星数=12
    卫星 Prn=1 Snr=57.4 Angle=-1 Quality=-1
    卫星 Prn=2 Snr=57.4 Angle=-1 Quality=-1
    卫星 Prn=3 Snr=57.5 Angle=-1 Quality=-1
    卫星 Prn=4 Snr=57.5 Angle=-1 Quality=-1
    卫星 Prn=6 Snr=57.5 Angle=-1 Quality=-1
    卫星 Prn=7 Snr=57.5 Angle=-1 Quality=-1
    卫星 Prn=8 Snr=57.3 Angle=-1 Quality=-1
    卫星 Prn=9 Snr=57.5 Angle=-1 Quality=-1
    卫星 Prn=10 Snr=57.4 Angle=-1 Quality=-1
    卫星 Prn=14 Snr=57.4 Angle=-1 Quality=-1
    卫星 Prn=21 Snr=57.4 Angle=-1 Quality=-1
    卫星 Prn=26 Snr=57.3 Angle=-1 Quality=-1

---- 报警时刻 code=25 天线对(1,5) t=4921.0s ----
  频点 Sys=BDS Type=B1C Alarm=1 来向角度=-1 被欺骗卫星数=7
    卫星 Prn=6 Snr=48.1 Angle=-1 Quality=-1
    卫星 Prn=7 Snr=48.1 Angle=-1 Quality=-1
    卫星 Prn=8 Snr=48.4 Angle=-1 Quality=-1
    卫星 Prn=14 Snr=48.1 Angle=-1 Quality=-1
    卫星 Prn=21 Snr=48.3 Angle=-1 Quality=-1
    卫星 Prn=24 Snr=48.2 Angle=-1 Quality=-1
    卫星 Prn=26 Snr=48.2 Angle=-1 Quality=-1

---- 报警时刻 code=25 天线对(1,5) t=4921.0s ----
  频点 Sys=BDS Type=B2a Alarm=1 来向角度=-1 被欺骗卫星数=7
    卫星 Prn=6 Snr=55.5 Angle=-1 Quality=-1
    卫星 Prn=7 Snr=55.5 Angle=-1 Quality=-1
    卫星 Prn=8 Snr=55.5 Angle=-1 Quality=-1
    卫星 Prn=14 Snr=55.5 Angle=-1 Quality=-1
    卫星 Prn=21 Snr=55.5 Angle=-1 Quality=-1
    卫星 Prn=24 Snr=55.5 Angle=-1 Quality=-1
    卫星 Prn=26 Snr=55.5 Angle=-1 Quality=-1

---- 报警时刻 code=25 天线对(1,5) t=4921.0s ----
  频点 Sys=BDS Type=B2b Alarm=1 来向角度=-1 被欺骗卫星数=7
    卫星 Prn=6 Snr=54.8 Angle=-1 Quality=-1
    卫星 Prn=7 Snr=54.8 Angle=-1 Quality=-1
    卫星 Prn=8 Snr=54.8 Angle=-1 Quality=-1
    卫星 Prn=14 Snr=54.8 Angle=-1 Quality=-1
    卫星 Prn=21 Snr=54.7 Angle=-1 Quality=-1
    卫星 Prn=24 Snr=54.8 Angle=-1 Quality=-1
    卫星 Prn=26 Snr=54.7 Angle=-1 Quality=-1

---- 报警时刻 code=33 天线对(1,6) t=4930.0s ----
  频点 Sys=GPS Type=L1_CA Alarm=1 来向角度=-1 被欺骗卫星数=4
    卫星 Prn=3 Snr=49.2 Angle=-1 Quality=-1
    卫星 Prn=26 Snr=50.2 Angle=-1 Quality=-1
    卫星 Prn=28 Snr=50.1 Angle=-1 Quality=-1
    卫星 Prn=29 Snr=50.1 Angle=-1 Quality=-1

---- 报警时刻 code=33 天线对(1,6) t=4930.0s ----
  频点 Sys=Galileo Type=E1C Alarm=1 来向角度=-1 被欺骗卫星数=8
    卫星 Prn=4 Snr=50.0 Angle=-1 Quality=-1
    卫星 Prn=5 Snr=50.0 Angle=-1 Quality=-1
    卫星 Prn=6 Snr=50.1 Angle=-1 Quality=-1
    卫星 Prn=9 Snr=50.0 Angle=-1 Quality=-1
    卫星 Prn=14 Snr=50.0 Angle=-1 Quality=-1
    卫星 Prn=16 Snr=50.0 Angle=-1 Quality=-1
    卫星 Prn=31 Snr=50.0 Angle=-1 Quality=-1
    卫星 Prn=34 Snr=50.0 Angle=-1 Quality=-1

---- 报警时刻 code=33 天线对(1,6) t=4930.0s ----
  频点 Sys=BDS Type=B3I Alarm=1 来向角度=-1 被欺骗卫星数=11
    卫星 Prn=1 Snr=57.4 Angle=-1 Quality=-1
    卫星 Prn=2 Snr=57.4 Angle=-1 Quality=-1
    卫星 Prn=4 Snr=57.5 Angle=-1 Quality=-1
    卫星 Prn=6 Snr=57.5 Angle=-1 Quality=-1
    卫星 Prn=7 Snr=57.5 Angle=-1 Quality=-1
    卫星 Prn=8 Snr=57.3 Angle=-1 Quality=-1
    卫星 Prn=9 Snr=57.5 Angle=-1 Quality=-1
    卫星 Prn=10 Snr=57.4 Angle=-1 Quality=-1
    卫星 Prn=14 Snr=57.4 Angle=-1 Quality=-1
    卫星 Prn=21 Snr=57.4 Angle=-1 Quality=-1
    卫星 Prn=26 Snr=57.3 Angle=-1 Quality=-1

---- 报警时刻 code=33 天线对(1,6) t=4930.0s ----
  频点 Sys=BDS Type=B1C Alarm=1 来向角度=-1 被欺骗卫星数=6
    卫星 Prn=6 Snr=48.1 Angle=-1 Quality=-1
    卫星 Prn=7 Snr=48.1 Angle=-1 Quality=-1
    卫星 Prn=8 Snr=48.4 Angle=-1 Quality=-1
    卫星 Prn=14 Snr=48.1 Angle=-1 Quality=-1
    卫星 Prn=21 Snr=48.3 Angle=-1 Quality=-1
    卫星 Prn=24 Snr=48.2 Angle=-1 Quality=-1

---- 报警时刻 code=33 天线对(1,6) t=4930.0s ----
  频点 Sys=BDS Type=B2a Alarm=1 来向角度=-1 被欺骗卫星数=7
    卫星 Prn=6 Snr=55.5 Angle=-1 Quality=-1
    卫星 Prn=7 Snr=55.5 Angle=-1 Quality=-1
    卫星 Prn=8 Snr=55.5 Angle=-1 Quality=-1
    卫星 Prn=14 Snr=55.5 Angle=-1 Quality=-1
    卫星 Prn=21 Snr=55.5 Angle=-1 Quality=-1
    卫星 Prn=24 Snr=55.5 Angle=-1 Quality=-1
    卫星 Prn=26 Snr=55.5 Angle=-1 Quality=-1

---- 报警时刻 code=33 天线对(1,6) t=4930.0s ----
  频点 Sys=BDS Type=B2b Alarm=1 来向角度=-1 被欺骗卫星数=7
    卫星 Prn=6 Snr=54.8 Angle=-1 Quality=-1
    卫星 Prn=7 Snr=54.8 Angle=-1 Quality=-1
    卫星 Prn=8 Snr=54.8 Angle=-1 Quality=-1
    卫星 Prn=14 Snr=54.8 Angle=-1 Quality=-1
    卫星 Prn=21 Snr=54.7 Angle=-1 Quality=-1
    卫星 Prn=24 Snr=54.8 Angle=-1 Quality=-1
    卫星 Prn=26 Snr=54.7 Angle=-1 Quality=-1

---- 报警时刻 code=1 天线对(1,7) t=4940.0s ----
  频点 Sys=GPS Type=L1_CA Alarm=1 来向角度=-1 被欺骗卫星数=5
    卫星 Prn=4 Snr=50.1 Angle=-1 Quality=-1
    卫星 Prn=26 Snr=50.2 Angle=-1 Quality=-1
    卫星 Prn=28 Snr=50.1 Angle=-1 Quality=-1
    卫星 Prn=29 Snr=50.1 Angle=-1 Quality=-1
    卫星 Prn=32 Snr=49.8 Angle=-1 Quality=-1

---- 报警时刻 code=1 天线对(1,7) t=4940.0s ----
  频点 Sys=Galileo Type=E1C Alarm=1 来向角度=-1 被欺骗卫星数=8
    卫星 Prn=4 Snr=50.0 Angle=-1 Quality=-1
    卫星 Prn=5 Snr=50.0 Angle=-1 Quality=-1
    卫星 Prn=6 Snr=50.1 Angle=-1 Quality=-1
    卫星 Prn=9 Snr=50.0 Angle=-1 Quality=-1
    卫星 Prn=14 Snr=50.0 Angle=-1 Quality=-1
    卫星 Prn=16 Snr=50.0 Angle=-1 Quality=-1
    卫星 Prn=31 Snr=50.0 Angle=-1 Quality=-1
    卫星 Prn=34 Snr=50.0 Angle=-1 Quality=-1

---- 报警时刻 code=1 天线对(1,7) t=4940.0s ----
  频点 Sys=BDS Type=B3I Alarm=1 来向角度=-1 被欺骗卫星数=11
    卫星 Prn=1 Snr=57.4 Angle=-1 Quality=-1
    卫星 Prn=2 Snr=57.4 Angle=-1 Quality=-1
    卫星 Prn=4 Snr=57.5 Angle=-1 Quality=-1
    卫星 Prn=6 Snr=57.5 Angle=-1 Quality=-1
    卫星 Prn=7 Snr=57.5 Angle=-1 Quality=-1
    卫星 Prn=8 Snr=57.3 Angle=-1 Quality=-1
    卫星 Prn=9 Snr=57.5 Angle=-1 Quality=-1
    卫星 Prn=10 Snr=57.4 Angle=-1 Quality=-1
    卫星 Prn=14 Snr=57.4 Angle=-1 Quality=-1
    卫星 Prn=21 Snr=57.4 Angle=-1 Quality=-1
    卫星 Prn=26 Snr=57.3 Angle=-1 Quality=-1

---- 报警时刻 code=1 天线对(1,7) t=4940.0s ----
  频点 Sys=BDS Type=B1C Alarm=1 来向角度=-1 被欺骗卫星数=6
    卫星 Prn=6 Snr=48.1 Angle=-1 Quality=-1
    卫星 Prn=7 Snr=48.1 Angle=-1 Quality=-1
    卫星 Prn=14 Snr=48.1 Angle=-1 Quality=-1
    卫星 Prn=21 Snr=48.3 Angle=-1 Quality=-1
    卫星 Prn=24 Snr=48.2 Angle=-1 Quality=-1
    卫星 Prn=26 Snr=48.2 Angle=-1 Quality=-1

---- 报警时刻 code=1 天线对(1,7) t=4940.0s ----
  频点 Sys=BDS Type=B2a Alarm=1 来向角度=-1 被欺骗卫星数=7
    卫星 Prn=6 Snr=55.5 Angle=-1 Quality=-1
    卫星 Prn=7 Snr=55.5 Angle=-1 Quality=-1
    卫星 Prn=8 Snr=55.5 Angle=-1 Quality=-1
    卫星 Prn=14 Snr=55.5 Angle=-1 Quality=-1
    卫星 Prn=21 Snr=55.5 Angle=-1 Quality=-1
    卫星 Prn=24 Snr=55.5 Angle=-1 Quality=-1
    卫星 Prn=26 Snr=55.5 Angle=-1 Quality=-1

---- 报警时刻 code=1 天线对(1,7) t=4940.0s ----
  频点 Sys=BDS Type=B2b Alarm=1 来向角度=-1 被欺骗卫星数=7
    卫星 Prn=6 Snr=54.8 Angle=-1 Quality=-1
    卫星 Prn=7 Snr=54.8 Angle=-1 Quality=-1
    卫星 Prn=8 Snr=54.8 Angle=-1 Quality=-1
    卫星 Prn=14 Snr=54.8 Angle=-1 Quality=-1
    卫星 Prn=21 Snr=54.7 Angle=-1 Quality=-1
    卫星 Prn=24 Snr=54.8 Angle=-1 Quality=-1
    卫星 Prn=26 Snr=54.7 Angle=-1 Quality=-1

---- 报警时刻 code=9 天线对(1,2) t=4958.0s ----
  频点 Sys=GPS Type=L1_CA Alarm=1 来向角度=111.00° 被欺骗卫星数=7
    卫星 Prn=3 Snr=49.7 Angle=-1 Quality=-1
    卫星 Prn=4 Snr=50.1 Angle=-1 Quality=-1
    卫星 Prn=26 Snr=50.2 Angle=97.5 Quality=0.00
    卫星 Prn=28 Snr=50.1 Angle=-1 Quality=-1
    卫星 Prn=29 Snr=50.1 Angle=97.6 Quality=0.00
    卫星 Prn=31 Snr=50.2 Angle=-1 Quality=-1
    卫星 Prn=32 Snr=49.9 Angle=-1 Quality=-1

---- 报警时刻 code=9 天线对(1,2) t=4958.0s ----
  频点 Sys=GLONASS Type=G1 Alarm=1 来向角度=-1 被欺骗卫星数=4
    卫星 Prn=7 Snr=0.0 Angle=-1 Quality=-1
    卫星 Prn=8 Snr=0.0 Angle=-1 Quality=-1
    卫星 Prn=9 Snr=0.0 Angle=-1 Quality=-1
    卫星 Prn=16 Snr=0.0 Angle=-1 Quality=-1

---- 报警时刻 code=9 天线对(1,2) t=4958.0s ----
  频点 Sys=Galileo Type=E1C Alarm=1 来向角度=111.00° 被欺骗卫星数=7
    卫星 Prn=4 Snr=50.0 Angle=97.3 Quality=0.00
    卫星 Prn=5 Snr=50.0 Angle=97.3 Quality=8876965363392006683896686406662892742631935607775781124567860367072844101467529341139897385073806494410959963118706647645741065022099471703157137719745329483651697091715990039867856095503627848912747997752817220409077532140407542424807929035441808867328.00
    卫星 Prn=9 Snr=50.0 Angle=97.6 Quality=8876965363392006683896686406662892742631935607775781124567860367072844101467529341139897385073806494410959963118706647645741065022099471703157137719745329483651697091715990039867856095503627848912747997752817220409077532140407542424807929035441808867328.00
    卫星 Prn=14 Snr=50.0 Angle=97.5 Quality=8876965363392006683896686406662892742631935607775781124567860367072844101467529341139897385073806494410959963118706647645741065022099471703157137719745329483651697091715990039867856095503627848912747997752817220409077532140407542424807929035441808867328.00
    卫星 Prn=16 Snr=50.0 Angle=97.4 Quality=8876965363392006683896686406662892742631935607775781124567860367072844101467529341139897385073806494410959963118706647645741065022099471703157137719745329483651697091715990039867856095503627848912747997752817220409077532140407542424807929035441808867328.00
    卫星 Prn=31 Snr=50.0 Angle=97.5 Quality=8876965363392006683896686406662892742631935607775781124567860367072844101467529341139897385073806494410959963118706647645741065022099471703157137719745329483651697091715990039867856095503627848912747997752817220409077532140407542424807929035441808867328.00
    卫星 Prn=34 Snr=50.0 Angle=97.4 Quality=8876965363392006683896686406662892742631935607775781124567860367072844101467529341139897385073806494410959963118706647645741065022099471703157137719745329483651697091715990039867856095503627848912747997752817220409077532140407542424807929035441808867328.00

---- 报警时刻 code=9 天线对(1,2) t=4958.0s ----
  频点 Sys=BDS Type=B3I Alarm=1 来向角度=110.50° 被欺骗卫星数=11
    卫星 Prn=1 Snr=57.4 Angle=-1 Quality=-1
    卫星 Prn=2 Snr=57.4 Angle=95.7 Quality=0.00
    卫星 Prn=4 Snr=57.5 Angle=95.7 Quality=8876965363392006683896686406662892742631935607775781124567860367072844101467529341139897385073806494410959963118706647645741065022099471703157137719745329483651697091715990039867856095503627848912747997752817220409077532140407542424807929035441808867328.00
    卫星 Prn=6 Snr=57.5 Angle=95.7 Quality=8876965363392006683896686406662892742631935607775781124567860367072844101467529341139897385073806494410959963118706647645741065022099471703157137719745329483651697091715990039867856095503627848912747997752817220409077532140407542424807929035441808867328.00
    卫星 Prn=7 Snr=57.5 Angle=95.6 Quality=8876965363392006683896686406662892742631935607775781124567860367072844101467529341139897385073806494410959963118706647645741065022099471703157137719745329483651697091715990039867856095503627848912747997752817220409077532140407542424807929035441808867328.00
    卫星 Prn=8 Snr=57.3 Angle=-1 Quality=-1
    卫星 Prn=9 Snr=57.5 Angle=95.7 Quality=0.00
    卫星 Prn=10 Snr=57.4 Angle=95.6 Quality=8876965363392006683896686406662892742631935607775781124567860367072844101467529341139897385073806494410959963118706647645741065022099471703157137719745329483651697091715990039867856095503627848912747997752817220409077532140407542424807929035441808867328.00
    卫星 Prn=14 Snr=57.4 Angle=95.6 Quality=8876965363392006683896686406662892742631935607775781124567860367072844101467529341139897385073806494410959963118706647645741065022099471703157137719745329483651697091715990039867856095503627848912747997752817220409077532140407542424807929035441808867328.00
    卫星 Prn=21 Snr=57.4 Angle=-1 Quality=-1
    卫星 Prn=26 Snr=57.3 Angle=95.7 Quality=0.00

---- 报警时刻 code=9 天线对(1,2) t=4958.0s ----
  频点 Sys=BDS Type=B1C Alarm=1 来向角度=-1 被欺骗卫星数=6
    卫星 Prn=6 Snr=48.6 Angle=-1 Quality=-1
    卫星 Prn=7 Snr=48.5 Angle=-1 Quality=-1
    卫星 Prn=8 Snr=48.4 Angle=-1 Quality=-1
    卫星 Prn=14 Snr=48.1 Angle=-1 Quality=-1
    卫星 Prn=21 Snr=48.6 Angle=-1 Quality=-1
    卫星 Prn=26 Snr=48.2 Angle=-1 Quality=-1

---- 报警时刻 code=9 天线对(1,2) t=4958.0s ----
  频点 Sys=BDS Type=B2a Alarm=1 来向角度=109.83° 被欺骗卫星数=7
    卫星 Prn=6 Snr=55.5 Angle=98.3 Quality=0.00
    卫星 Prn=7 Snr=55.5 Angle=-1 Quality=-1
    卫星 Prn=8 Snr=55.5 Angle=98.3 Quality=0.00
    卫星 Prn=14 Snr=55.5 Angle=98.3 Quality=8876965363392006683896686406662892742631935607775781124567860367072844101467529341139897385073806494410959963118706647645741065022099471703157137719745329483651697091715990039867856095503627848912747997752817220409077532140407542424807929035441808867328.00
    卫星 Prn=21 Snr=55.5 Angle=98.3 Quality=8876965363392006683896686406662892742631935607775781124567860367072844101467529341139897385073806494410959963118706647645741065022099471703157137719745329483651697091715990039867856095503627848912747997752817220409077532140407542424807929035441808867328.00
    卫星 Prn=24 Snr=55.5 Angle=98.1 Quality=8876965363392006683896686406662892742631935607775781124567860367072844101467529341139897385073806494410959963118706647645741065022099471703157137719745329483651697091715990039867856095503627848912747997752817220409077532140407542424807929035441808867328.00
    卫星 Prn=26 Snr=55.5 Angle=98.3 Quality=8876965363392006683896686406662892742631935607775781124567860367072844101467529341139897385073806494410959963118706647645741065022099471703157137719745329483651697091715990039867856095503627848912747997752817220409077532140407542424807929035441808867328.00

---- 报警时刻 code=9 天线对(1,2) t=4958.0s ----
  频点 Sys=BDS Type=B2b Alarm=1 来向角度=112.00° 被欺骗卫星数=7
    卫星 Prn=6 Snr=54.8 Angle=97.8 Quality=0.00
    卫星 Prn=7 Snr=54.8 Angle=-1 Quality=-1
    卫星 Prn=8 Snr=54.8 Angle=-1 Quality=-1
    卫星 Prn=14 Snr=54.8 Angle=97.6 Quality=0.00
    卫星 Prn=21 Snr=54.7 Angle=97.8 Quality=8876965363392006683896686406662892742631935607775781124567860367072844101467529341139897385073806494410959963118706647645741065022099471703157137719745329483651697091715990039867856095503627848912747997752817220409077532140407542424807929035441808867328.00
    卫星 Prn=24 Snr=54.8 Angle=97.7 Quality=8876965363392006683896686406662892742631935607775781124567860367072844101467529341139897385073806494410959963118706647645741065022099471703157137719745329483651697091715990039867856095503627848912747997752817220409077532140407542424807929035441808867328.00
    卫星 Prn=26 Snr=54.7 Angle=-1 Quality=-1

---- 报警时刻 code=57 天线对(1,3) t=4967.0s ----
  频点 Sys=GPS Type=L1_CA Alarm=1 来向角度=111.00° 被欺骗卫星数=7
    卫星 Prn=3 Snr=49.7 Angle=-1 Quality=-1
    卫星 Prn=4 Snr=50.1 Angle=-1 Quality=-1
    卫星 Prn=26 Snr=50.2 Angle=97.5 Quality=0.00
    卫星 Prn=28 Snr=50.1 Angle=-1 Quality=-1
    卫星 Prn=29 Snr=50.1 Angle=97.5 Quality=0.00
    卫星 Prn=31 Snr=50.2 Angle=-1 Quality=-1
    卫星 Prn=32 Snr=49.9 Angle=-1 Quality=-1

---- 报警时刻 code=57 天线对(1,3) t=4967.0s ----
  频点 Sys=Galileo Type=E1C Alarm=1 来向角度=111.00° 被欺骗卫星数=8
    卫星 Prn=4 Snr=50.0 Angle=97.3 Quality=0.00
    卫星 Prn=5 Snr=50.0 Angle=97.2 Quality=8876965363392006683896686406662892742631935607775781124567860367072844101467529341139897385073806494410959963118706647645741065022099471703157137719745329483651697091715990039867856095503627848912747997752817220409077532140407542424807929035441808867328.00
    卫星 Prn=6 Snr=50.1 Angle=-1 Quality=-1
    卫星 Prn=9 Snr=50.0 Angle=97.5 Quality=0.00
    卫星 Prn=14 Snr=50.0 Angle=97.5 Quality=8876965363392006683896686406662892742631935607775781124567860367072844101467529341139897385073806494410959963118706647645741065022099471703157137719745329483651697091715990039867856095503627848912747997752817220409077532140407542424807929035441808867328.00
    卫星 Prn=16 Snr=50.0 Angle=97.4 Quality=8876965363392006683896686406662892742631935607775781124567860367072844101467529341139897385073806494410959963118706647645741065022099471703157137719745329483651697091715990039867856095503627848912747997752817220409077532140407542424807929035441808867328.00
    卫星 Prn=31 Snr=50.0 Angle=97.4 Quality=8876965363392006683896686406662892742631935607775781124567860367072844101467529341139897385073806494410959963118706647645741065022099471703157137719745329483651697091715990039867856095503627848912747997752817220409077532140407542424807929035441808867328.00
    卫星 Prn=34 Snr=50.0 Angle=97.3 Quality=8876965363392006683896686406662892742631935607775781124567860367072844101467529341139897385073806494410959963118706647645741065022099471703157137719745329483651697091715990039867856095503627848912747997752817220409077532140407542424807929035441808867328.00

---- 报警时刻 code=57 天线对(1,3) t=4967.0s ----
  频点 Sys=BDS Type=B3I Alarm=1 来向角度=110.40° 被欺骗卫星数=12
    卫星 Prn=1 Snr=57.4 Angle=-1 Quality=-1
    卫星 Prn=2 Snr=57.4 Angle=95.7 Quality=0.00
    卫星 Prn=3 Snr=57.5 Angle=-1 Quality=-1
    卫星 Prn=4 Snr=57.5 Angle=95.7 Quality=0.00
    卫星 Prn=6 Snr=57.5 Angle=95.7 Quality=8876965363392006683896686406662892742631935607775781124567860367072844101467529341139897385073806494410959963118706647645741065022099471703157137719745329483651697091715990039867856095503627848912747997752817220409077532140407542424807929035441808867328.00
    卫星 Prn=7 Snr=57.5 Angle=95.6 Quality=8876965363392006683896686406662892742631935607775781124567860367072844101467529341139897385073806494410959963118706647645741065022099471703157137719745329483651697091715990039867856095503627848912747997752817220409077532140407542424807929035441808867328.00
    卫星 Prn=8 Snr=57.3 Angle=95.6 Quality=8876965363392006683896686406662892742631935607775781124567860367072844101467529341139897385073806494410959963118706647645741065022099471703157137719745329483651697091715990039867856095503627848912747997752817220409077532140407542424807929035441808867328.00
    卫星 Prn=9 Snr=57.5 Angle=95.7 Quality=8876965363392006683896686406662892742631935607775781124567860367072844101467529341139897385073806494410959963118706647645741065022099471703157137719745329483651697091715990039867856095503627848912747997752817220409077532140407542424807929035441808867328.00
    卫星 Prn=10 Snr=57.4 Angle=95.6 Quality=8876965363392006683896686406662892742631935607775781124567860367072844101467529341139897385073806494410959963118706647645741065022099471703157137719745329483651697091715990039867856095503627848912747997752817220409077532140407542424807929035441808867328.00
    卫星 Prn=14 Snr=57.4 Angle=95.6 Quality=8876965363392006683896686406662892742631935607775781124567860367072844101467529341139897385073806494410959963118706647645741065022099471703157137719745329483651697091715990039867856095503627848912747997752817220409077532140407542424807929035441808867328.00
    卫星 Prn=21 Snr=57.4 Angle=95.7 Quality=8876965363392006683896686406662892742631935607775781124567860367072844101467529341139897385073806494410959963118706647645741065022099471703157137719745329483651697091715990039867856095503627848912747997752817220409077532140407542424807929035441808867328.00
    卫星 Prn=26 Snr=57.3 Angle=95.7 Quality=8876965363392006683896686406662892742631935607775781124567860367072844101467529341139897385073806494410959963118706647645741065022099471703157137719745329483651697091715990039867856095503627848912747997752817220409077532140407542424807929035441808867328.00

---- 报警时刻 code=57 天线对(1,3) t=4967.0s ----
  频点 Sys=BDS Type=B1C Alarm=1 来向角度=111.00° 被欺骗卫星数=7
    卫星 Prn=6 Snr=48.6 Angle=97.7 Quality=0.00
    卫星 Prn=7 Snr=48.5 Angle=97.7 Quality=8876965363392006683896686406662892742631935607775781124567860367072844101467529341139897385073806494410959963118706647645741065022099471703157137719745329483651697091715990039867856095503627848912747997752817220409077532140407542424807929035441808867328.00
    卫星 Prn=8 Snr=48.4 Angle=-1 Quality=-1
    卫星 Prn=14 Snr=48.1 Angle=-1 Quality=-1
    卫星 Prn=21 Snr=48.6 Angle=97.4 Quality=0.00
    卫星 Prn=24 Snr=48.6 Angle=-1 Quality=-1
    卫星 Prn=26 Snr=48.2 Angle=-1 Quality=-1

---- 报警时刻 code=57 天线对(1,3) t=4967.0s ----
  频点 Sys=BDS Type=B2a Alarm=1 来向角度=109.29° 被欺骗卫星数=7
    卫星 Prn=6 Snr=55.5 Angle=98.2 Quality=0.00
    卫星 Prn=7 Snr=55.5 Angle=98.2 Quality=8876965363392006683896686406662892742631935607775781124567860367072844101467529341139897385073806494410959963118706647645741065022099471703157137719745329483651697091715990039867856095503627848912747997752817220409077532140407542424807929035441808867328.00
    卫星 Prn=8 Snr=55.5 Angle=98.3 Quality=8876965363392006683896686406662892742631935607775781124567860367072844101467529341139897385073806494410959963118706647645741065022099471703157137719745329483651697091715990039867856095503627848912747997752817220409077532140407542424807929035441808867328.00
    卫星 Prn=14 Snr=55.5 Angle=98.3 Quality=8876965363392006683896686406662892742631935607775781124567860367072844101467529341139897385073806494410959963118706647645741065022099471703157137719745329483651697091715990039867856095503627848912747997752817220409077532140407542424807929035441808867328.00
    卫星 Prn=21 Snr=55.5 Angle=98.2 Quality=8876965363392006683896686406662892742631935607775781124567860367072844101467529341139897385073806494410959963118706647645741065022099471703157137719745329483651697091715990039867856095503627848912747997752817220409077532140407542424807929035441808867328.00
    卫星 Prn=24 Snr=55.5 Angle=98.0 Quality=8876965363392006683896686406662892742631935607775781124567860367072844101467529341139897385073806494410959963118706647645741065022099471703157137719745329483651697091715990039867856095503627848912747997752817220409077532140407542424807929035441808867328.00
    卫星 Prn=26 Snr=55.5 Angle=98.3 Quality=8876965363392006683896686406662892742631935607775781124567860367072844101467529341139897385073806494410959963118706647645741065022099471703157137719745329483651697091715990039867856095503627848912747997752817220409077532140407542424807929035441808867328.00

---- 报警时刻 code=57 天线对(1,3) t=4967.0s ----
  频点 Sys=BDS Type=B2b Alarm=1 来向角度=112.00° 被欺骗卫星数=7
    卫星 Prn=6 Snr=54.8 Angle=97.8 Quality=0.00
    卫星 Prn=7 Snr=54.8 Angle=97.8 Quality=8876965363392006683896686406662892742631935607775781124567860367072844101467529341139897385073806494410959963118706647645741065022099471703157137719745329483651697091715990039867856095503627848912747997752817220409077532140407542424807929035441808867328.00
    卫星 Prn=8 Snr=54.8 Angle=97.6 Quality=8876965363392006683896686406662892742631935607775781124567860367072844101467529341139897385073806494410959963118706647645741065022099471703157137719745329483651697091715990039867856095503627848912747997752817220409077532140407542424807929035441808867328.00
    卫星 Prn=14 Snr=54.8 Angle=97.6 Quality=8876965363392006683896686406662892742631935607775781124567860367072844101467529341139897385073806494410959963118706647645741065022099471703157137719745329483651697091715990039867856095503627848912747997752817220409077532140407542424807929035441808867328.00
    卫星 Prn=21 Snr=54.7 Angle=97.8 Quality=8876965363392006683896686406662892742631935607775781124567860367072844101467529341139897385073806494410959963118706647645741065022099471703157137719745329483651697091715990039867856095503627848912747997752817220409077532140407542424807929035441808867328.00
    卫星 Prn=24 Snr=54.8 Angle=97.7 Quality=8876965363392006683896686406662892742631935607775781124567860367072844101467529341139897385073806494410959963118706647645741065022099471703157137719745329483651697091715990039867856095503627848912747997752817220409077532140407542424807929035441808867328.00
    卫星 Prn=26 Snr=54.7 Angle=97.7 Quality=8876965363392006683896686406662892742631935607775781124567860367072844101467529341139897385073806494410959963118706647645741065022099471703157137719745329483651697091715990039867856095503627848912747997752817220409077532140407542424807929035441808867328.00

---- 报警时刻 code=17 天线对(1,4) t=4976.0s ----
  频点 Sys=GPS Type=L1_CA Alarm=1 来向角度=111.00° 被欺骗卫星数=7
    卫星 Prn=3 Snr=50.0 Angle=-1 Quality=-1
    卫星 Prn=4 Snr=50.1 Angle=-1 Quality=-1
    卫星 Prn=26 Snr=50.0 Angle=97.2 Quality=0.00
    卫星 Prn=28 Snr=50.1 Angle=-1 Quality=-1
    卫星 Prn=29 Snr=50.1 Angle=97.2 Quality=0.00
    卫星 Prn=31 Snr=50.1 Angle=-1 Quality=-1
    卫星 Prn=32 Snr=50.1 Angle=-1 Quality=-1

---- 报警时刻 code=17 天线对(1,4) t=4976.0s ----
  频点 Sys=Galileo Type=E1C Alarm=1 来向角度=111.00° 被欺骗卫星数=8
    卫星 Prn=4 Snr=50.0 Angle=96.9 Quality=0.00
    卫星 Prn=5 Snr=50.0 Angle=96.9 Quality=8876965363392006683896686406662892742631935607775781124567860367072844101467529341139897385073806494410959963118706647645741065022099471703157137719745329483651697091715990039867856095503627848912747997752817220409077532140407542424807929035441808867328.00
    卫星 Prn=6 Snr=50.0 Angle=-1 Quality=-1
    卫星 Prn=9 Snr=50.1 Angle=97.1 Quality=0.00
    卫星 Prn=14 Snr=49.9 Angle=96.9 Quality=8876965363392006683896686406662892742631935607775781124567860367072844101467529341139897385073806494410959963118706647645741065022099471703157137719745329483651697091715990039867856095503627848912747997752817220409077532140407542424807929035441808867328.00
    卫星 Prn=16 Snr=50.0 Angle=97.0 Quality=8876965363392006683896686406662892742631935607775781124567860367072844101467529341139897385073806494410959963118706647645741065022099471703157137719745329483651697091715990039867856095503627848912747997752817220409077532140407542424807929035441808867328.00
    卫星 Prn=31 Snr=50.0 Angle=97.1 Quality=8876965363392006683896686406662892742631935607775781124567860367072844101467529341139897385073806494410959963118706647645741065022099471703157137719745329483651697091715990039867856095503627848912747997752817220409077532140407542424807929035441808867328.00
    卫星 Prn=34 Snr=50.0 Angle=97.0 Quality=8876965363392006683896686406662892742631935607775781124567860367072844101467529341139897385073806494410959963118706647645741065022099471703157137719745329483651697091715990039867856095503627848912747997752817220409077532140407542424807929035441808867328.00

---- 报警时刻 code=17 天线对(1,4) t=4976.0s ----
  频点 Sys=BDS Type=B3I Alarm=1 来向角度=110.73° 被欺骗卫星数=12
    卫星 Prn=1 Snr=57.4 Angle=95.5 Quality=0.00
    卫星 Prn=2 Snr=57.4 Angle=95.5 Quality=8876965363392006683896686406662892742631935607775781124567860367072844101467529341139897385073806494410959963118706647645741065022099471703157137719745329483651697091715990039867856095503627848912747997752817220409077532140407542424807929035441808867328.00
    卫星 Prn=3 Snr=57.5 Angle=-1 Quality=-1
    卫星 Prn=4 Snr=57.5 Angle=95.6 Quality=0.00
    卫星 Prn=6 Snr=57.5 Angle=95.7 Quality=8876965363392006683896686406662892742631935607775781124567860367072844101467529341139897385073806494410959963118706647645741065022099471703157137719745329483651697091715990039867856095503627848912747997752817220409077532140407542424807929035441808867328.00
    卫星 Prn=7 Snr=57.5 Angle=95.6 Quality=8876965363392006683896686406662892742631935607775781124567860367072844101467529341139897385073806494410959963118706647645741065022099471703157137719745329483651697091715990039867856095503627848912747997752817220409077532140407542424807929035441808867328.00
    卫星 Prn=8 Snr=57.3 Angle=95.4 Quality=8876965363392006683896686406662892742631935607775781124567860367072844101467529341139897385073806494410959963118706647645741065022099471703157137719745329483651697091715990039867856095503627848912747997752817220409077532140407542424807929035441808867328.00
    卫星 Prn=9 Snr=57.5 Angle=95.7 Quality=8876965363392006683896686406662892742631935607775781124567860367072844101467529341139897385073806494410959963118706647645741065022099471703157137719745329483651697091715990039867856095503627848912747997752817220409077532140407542424807929035441808867328.00
    卫星 Prn=10 Snr=57.4 Angle=95.5 Quality=8876965363392006683896686406662892742631935607775781124567860367072844101467529341139897385073806494410959963118706647645741065022099471703157137719745329483651697091715990039867856095503627848912747997752817220409077532140407542424807929035441808867328.00
    卫星 Prn=14 Snr=57.4 Angle=95.5 Quality=8876965363392006683896686406662892742631935607775781124567860367072844101467529341139897385073806494410959963118706647645741065022099471703157137719745329483651697091715990039867856095503627848912747997752817220409077532140407542424807929035441808867328.00
    卫星 Prn=21 Snr=57.4 Angle=95.4 Quality=8876965363392006683896686406662892742631935607775781124567860367072844101467529341139897385073806494410959963118706647645741065022099471703157137719745329483651697091715990039867856095503627848912747997752817220409077532140407542424807929035441808867328.00
    卫星 Prn=26 Snr=57.3 Angle=95.5 Quality=8876965363392006683896686406662892742631935607775781124567860367072844101467529341139897385073806494410959963118706647645741065022099471703157137719745329483651697091715990039867856095503627848912747997752817220409077532140407542424807929035441808867328.00

---- 报警时刻 code=17 天线对(1,4) t=4976.0s ----
  频点 Sys=BDS Type=B1C Alarm=1 来向角度=111.00° 被欺骗卫星数=7
    卫星 Prn=6 Snr=48.6 Angle=97.2 Quality=0.00
    卫星 Prn=7 Snr=48.6 Angle=97.5 Quality=8876965363392006683896686406662892742631935607775781124567860367072844101467529341139897385073806494410959963118706647645741065022099471703157137719745329483651697091715990039867856095503627848912747997752817220409077532140407542424807929035441808867328.00
    卫星 Prn=8 Snr=48.6 Angle=-1 Quality=-1
    卫星 Prn=14 Snr=48.6 Angle=97.1 Quality=0.00
    卫星 Prn=21 Snr=48.5 Angle=97.3 Quality=8876965363392006683896686406662892742631935607775781124567860367072844101467529341139897385073806494410959963118706647645741065022099471703157137719745329483651697091715990039867856095503627848912747997752817220409077532140407542424807929035441808867328.00
    卫星 Prn=24 Snr=48.7 Angle=-1 Quality=-1
    卫星 Prn=26 Snr=48.6 Angle=-1 Quality=-1

---- 报警时刻 code=17 天线对(1,4) t=4976.0s ----
  频点 Sys=BDS Type=B2a Alarm=1 来向角度=109.00° 被欺骗卫星数=7
    卫星 Prn=6 Snr=55.5 Angle=98.4 Quality=0.00
    卫星 Prn=7 Snr=55.5 Angle=98.3 Quality=8876965363392006683896686406662892742631935607775781124567860367072844101467529341139897385073806494410959963118706647645741065022099471703157137719745329483651697091715990039867856095503627848912747997752817220409077532140407542424807929035441808867328.00
    卫星 Prn=8 Snr=55.5 Angle=98.4 Quality=8876965363392006683896686406662892742631935607775781124567860367072844101467529341139897385073806494410959963118706647645741065022099471703157137719745329483651697091715990039867856095503627848912747997752817220409077532140407542424807929035441808867328.00
    卫星 Prn=14 Snr=55.5 Angle=98.4 Quality=8876965363392006683896686406662892742631935607775781124567860367072844101467529341139897385073806494410959963118706647645741065022099471703157137719745329483651697091715990039867856095503627848912747997752817220409077532140407542424807929035441808867328.00
    卫星 Prn=21 Snr=55.5 Angle=98.4 Quality=8876965363392006683896686406662892742631935607775781124567860367072844101467529341139897385073806494410959963118706647645741065022099471703157137719745329483651697091715990039867856095503627848912747997752817220409077532140407542424807929035441808867328.00
    卫星 Prn=24 Snr=55.5 Angle=98.2 Quality=8876965363392006683896686406662892742631935607775781124567860367072844101467529341139897385073806494410959963118706647645741065022099471703157137719745329483651697091715990039867856095503627848912747997752817220409077532140407542424807929035441808867328.00
    卫星 Prn=26 Snr=55.5 Angle=98.5 Quality=8876965363392006683896686406662892742631935607775781124567860367072844101467529341139897385073806494410959963118706647645741065022099471703157137719745329483651697091715990039867856095503627848912747997752817220409077532140407542424807929035441808867328.00

---- 报警时刻 code=17 天线对(1,4) t=4976.0s ----
  频点 Sys=BDS Type=B2b Alarm=1 来向角度=112.00° 被欺骗卫星数=7
    卫星 Prn=6 Snr=54.8 Angle=97.6 Quality=0.00
    卫星 Prn=7 Snr=54.8 Angle=97.6 Quality=8876965363392006683896686406662892742631935607775781124567860367072844101467529341139897385073806494410959963118706647645741065022099471703157137719745329483651697091715990039867856095503627848912747997752817220409077532140407542424807929035441808867328.00
    卫星 Prn=8 Snr=54.8 Angle=97.6 Quality=8876965363392006683896686406662892742631935607775781124567860367072844101467529341139897385073806494410959963118706647645741065022099471703157137719745329483651697091715990039867856095503627848912747997752817220409077532140407542424807929035441808867328.00
    卫星 Prn=14 Snr=54.8 Angle=97.7 Quality=8876965363392006683896686406662892742631935607775781124567860367072844101467529341139897385073806494410959963118706647645741065022099471703157137719745329483651697091715990039867856095503627848912747997752817220409077532140407542424807929035441808867328.00
    卫星 Prn=21 Snr=54.7 Angle=97.7 Quality=8876965363392006683896686406662892742631935607775781124567860367072844101467529341139897385073806494410959963118706647645741065022099471703157137719745329483651697091715990039867856095503627848912747997752817220409077532140407542424807929035441808867328.00
    卫星 Prn=24 Snr=54.8 Angle=97.8 Quality=8876965363392006683896686406662892742631935607775781124567860367072844101467529341139897385073806494410959963118706647645741065022099471703157137719745329483651697091715990039867856095503627848912747997752817220409077532140407542424807929035441808867328.00
    卫星 Prn=26 Snr=54.7 Angle=97.7 Quality=8876965363392006683896686406662892742631935607775781124567860367072844101467529341139897385073806494410959963118706647645741065022099471703157137719745329483651697091715990039867856095503627848912747997752817220409077532140407542424807929035441808867328.00

---- 报警时刻 code=25 天线对(1,5) t=4985.0s ----
  频点 Sys=GPS Type=L1_CA Alarm=1 来向角度=111.00° 被欺骗卫星数=5
    卫星 Prn=3 Snr=50.0 Angle=-1 Quality=-1
    卫星 Prn=4 Snr=50.1 Angle=-1 Quality=-1
    卫星 Prn=26 Snr=50.0 Angle=97.3 Quality=0.00
    卫星 Prn=28 Snr=50.1 Angle=97.5 Quality=8876965363392006683896686406662892742631935607775781124567860367072844101467529341139897385073806494410959963118706647645741065022099471703157137719745329483651697091715990039867856095503627848912747997752817220409077532140407542424807929035441808867328.00
    卫星 Prn=32 Snr=50.1 Angle=-1 Quality=-1

---- 报警时刻 code=25 天线对(1,5) t=4985.0s ----
  频点 Sys=Galileo Type=E1C Alarm=1 来向角度=111.29° 被欺骗卫星数=8
    卫星 Prn=4 Snr=50.0 Angle=97.2 Quality=0.00
    卫星 Prn=5 Snr=50.0 Angle=97.2 Quality=8876965363392006683896686406662892742631935607775781124567860367072844101467529341139897385073806494410959963118706647645741065022099471703157137719745329483651697091715990039867856095503627848912747997752817220409077532140407542424807929035441808867328.00
    卫星 Prn=6 Snr=50.0 Angle=-1 Quality=-1
    卫星 Prn=9 Snr=50.1 Angle=97.4 Quality=0.00
    卫星 Prn=14 Snr=49.9 Angle=97.2 Quality=8876965363392006683896686406662892742631935607775781124567860367072844101467529341139897385073806494410959963118706647645741065022099471703157137719745329483651697091715990039867856095503627848912747997752817220409077532140407542424807929035441808867328.00
    卫星 Prn=16 Snr=50.0 Angle=97.3 Quality=8876965363392006683896686406662892742631935607775781124567860367072844101467529341139897385073806494410959963118706647645741065022099471703157137719745329483651697091715990039867856095503627848912747997752817220409077532140407542424807929035441808867328.00
    卫星 Prn=31 Snr=50.0 Angle=97.3 Quality=8876965363392006683896686406662892742631935607775781124567860367072844101467529341139897385073806494410959963118706647645741065022099471703157137719745329483651697091715990039867856095503627848912747997752817220409077532140407542424807929035441808867328.00
    卫星 Prn=34 Snr=50.0 Angle=97.3 Quality=8876965363392006683896686406662892742631935607775781124567860367072844101467529341139897385073806494410959963118706647645741065022099471703157137719745329483651697091715990039867856095503627848912747997752817220409077532140407542424807929035441808867328.00

---- 报警时刻 code=25 天线对(1,5) t=4985.0s ----
  频点 Sys=BDS Type=B3I Alarm=1 来向角度=111.00° 被欺骗卫星数=12
    卫星 Prn=1 Snr=57.4 Angle=95.7 Quality=0.00
    卫星 Prn=2 Snr=57.4 Angle=95.6 Quality=8876965363392006683896686406662892742631935607775781124567860367072844101467529341139897385073806494410959963118706647645741065022099471703157137719745329483651697091715990039867856095503627848912747997752817220409077532140407542424807929035441808867328.00
    卫星 Prn=3 Snr=57.5 Angle=-1 Quality=-1
    卫星 Prn=4 Snr=57.4 Angle=95.7 Quality=0.00
    卫星 Prn=6 Snr=57.4 Angle=95.8 Quality=8876965363392006683896686406662892742631935607775781124567860367072844101467529341139897385073806494410959963118706647645741065022099471703157137719745329483651697091715990039867856095503627848912747997752817220409077532140407542424807929035441808867328.00
    卫星 Prn=7 Snr=57.4 Angle=95.7 Quality=8876965363392006683896686406662892742631935607775781124567860367072844101467529341139897385073806494410959963118706647645741065022099471703157137719745329483651697091715990039867856095503627848912747997752817220409077532140407542424807929035441808867328.00
    卫星 Prn=8 Snr=57.3 Angle=95.5 Quality=8876965363392006683896686406662892742631935607775781124567860367072844101467529341139897385073806494410959963118706647645741065022099471703157137719745329483651697091715990039867856095503627848912747997752817220409077532140407542424807929035441808867328.00
    卫星 Prn=9 Snr=57.4 Angle=95.8 Quality=8876965363392006683896686406662892742631935607775781124567860367072844101467529341139897385073806494410959963118706647645741065022099471703157137719745329483651697091715990039867856095503627848912747997752817220409077532140407542424807929035441808867328.00
    卫星 Prn=10 Snr=57.3 Angle=95.6 Quality=8876965363392006683896686406662892742631935607775781124567860367072844101467529341139897385073806494410959963118706647645741065022099471703157137719745329483651697091715990039867856095503627848912747997752817220409077532140407542424807929035441808867328.00
    卫星 Prn=14 Snr=57.3 Angle=95.7 Quality=8876965363392006683896686406662892742631935607775781124567860367072844101467529341139897385073806494410959963118706647645741065022099471703157137719745329483651697091715990039867856095503627848912747997752817220409077532140407542424807929035441808867328.00
    卫星 Prn=21 Snr=57.3 Angle=95.5 Quality=8876965363392006683896686406662892742631935607775781124567860367072844101467529341139897385073806494410959963118706647645741065022099471703157137719745329483651697091715990039867856095503627848912747997752817220409077532140407542424807929035441808867328.00
    卫星 Prn=26 Snr=57.3 Angle=95.7 Quality=8876965363392006683896686406662892742631935607775781124567860367072844101467529341139897385073806494410959963118706647645741065022099471703157137719745329483651697091715990039867856095503627848912747997752817220409077532140407542424807929035441808867328.00

---- 报警时刻 code=25 天线对(1,5) t=4985.0s ----
  频点 Sys=BDS Type=B1C Alarm=1 来向角度=111.75° 被欺骗卫星数=7
    卫星 Prn=6 Snr=48.6 Angle=97.7 Quality=0.00
    卫星 Prn=7 Snr=48.6 Angle=97.7 Quality=8876965363392006683896686406662892742631935607775781124567860367072844101467529341139897385073806494410959963118706647645741065022099471703157137719745329483651697091715990039867856095503627848912747997752817220409077532140407542424807929035441808867328.00
    卫星 Prn=8 Snr=48.6 Angle=-1 Quality=-1
    卫星 Prn=14 Snr=48.6 Angle=97.4 Quality=0.00
    卫星 Prn=21 Snr=48.5 Angle=97.6 Quality=8876965363392006683896686406662892742631935607775781124567860367072844101467529341139897385073806494410959963118706647645741065022099471703157137719745329483651697091715990039867856095503627848912747997752817220409077532140407542424807929035441808867328.00
    卫星 Prn=24 Snr=48.7 Angle=-1 Quality=-1
    卫星 Prn=26 Snr=48.6 Angle=-1 Quality=-1

---- 报警时刻 code=25 天线对(1,5) t=4985.0s ----
  频点 Sys=BDS Type=B2a Alarm=1 来向角度=109.00° 被欺骗卫星数=7
    卫星 Prn=6 Snr=55.6 Angle=98.4 Quality=0.00
    卫星 Prn=7 Snr=55.6 Angle=98.4 Quality=8876965363392006683896686406662892742631935607775781124567860367072844101467529341139897385073806494410959963118706647645741065022099471703157137719745329483651697091715990039867856095503627848912747997752817220409077532140407542424807929035441808867328.00
    卫星 Prn=8 Snr=55.6 Angle=98.4 Quality=8876965363392006683896686406662892742631935607775781124567860367072844101467529341139897385073806494410959963118706647645741065022099471703157137719745329483651697091715990039867856095503627848912747997752817220409077532140407542424807929035441808867328.00
    卫星 Prn=14 Snr=55.6 Angle=98.4 Quality=8876965363392006683896686406662892742631935607775781124567860367072844101467529341139897385073806494410959963118706647645741065022099471703157137719745329483651697091715990039867856095503627848912747997752817220409077532140407542424807929035441808867328.00
    卫星 Prn=21 Snr=55.6 Angle=98.5 Quality=8876965363392006683896686406662892742631935607775781124567860367072844101467529341139897385073806494410959963118706647645741065022099471703157137719745329483651697091715990039867856095503627848912747997752817220409077532140407542424807929035441808867328.00
    卫星 Prn=24 Snr=55.6 Angle=98.3 Quality=8876965363392006683896686406662892742631935607775781124567860367072844101467529341139897385073806494410959963118706647645741065022099471703157137719745329483651697091715990039867856095503627848912747997752817220409077532140407542424807929035441808867328.00
    卫星 Prn=26 Snr=55.6 Angle=98.5 Quality=8876965363392006683896686406662892742631935607775781124567860367072844101467529341139897385073806494410959963118706647645741065022099471703157137719745329483651697091715990039867856095503627848912747997752817220409077532140407542424807929035441808867328.00

---- 报警时刻 code=25 天线对(1,5) t=4985.0s ----
  频点 Sys=BDS Type=B2b Alarm=1 来向角度=112.00° 被欺骗卫星数=7
    卫星 Prn=6 Snr=54.7 Angle=97.6 Quality=0.00
    卫星 Prn=7 Snr=54.7 Angle=97.7 Quality=8876965363392006683896686406662892742631935607775781124567860367072844101467529341139897385073806494410959963118706647645741065022099471703157137719745329483651697091715990039867856095503627848912747997752817220409077532140407542424807929035441808867328.00
    卫星 Prn=8 Snr=54.7 Angle=97.7 Quality=8876965363392006683896686406662892742631935607775781124567860367072844101467529341139897385073806494410959963118706647645741065022099471703157137719745329483651697091715990039867856095503627848912747997752817220409077532140407542424807929035441808867328.00
    卫星 Prn=14 Snr=54.7 Angle=97.7 Quality=8876965363392006683896686406662892742631935607775781124567860367072844101467529341139897385073806494410959963118706647645741065022099471703157137719745329483651697091715990039867856095503627848912747997752817220409077532140407542424807929035441808867328.00
    卫星 Prn=21 Snr=54.7 Angle=97.7 Quality=8876965363392006683896686406662892742631935607775781124567860367072844101467529341139897385073806494410959963118706647645741065022099471703157137719745329483651697091715990039867856095503627848912747997752817220409077532140407542424807929035441808867328.00
    卫星 Prn=24 Snr=54.7 Angle=97.8 Quality=8876965363392006683896686406662892742631935607775781124567860367072844101467529341139897385073806494410959963118706647645741065022099471703157137719745329483651697091715990039867856095503627848912747997752817220409077532140407542424807929035441808867328.00
    卫星 Prn=26 Snr=54.6 Angle=97.8 Quality=8876965363392006683896686406662892742631935607775781124567860367072844101467529341139897385073806494410959963118706647645741065022099471703157137719745329483651697091715990039867856095503627848912747997752817220409077532140407542424807929035441808867328.00

---- 报警时刻 code=33 天线对(1,6) t=4994.0s ----
  频点 Sys=GPS Type=L1_CA Alarm=1 来向角度=111.50° 被欺骗卫星数=6
    卫星 Prn=3 Snr=50.0 Angle=-1 Quality=-1
    卫星 Prn=4 Snr=50.1 Angle=97.5 Quality=0.00
    卫星 Prn=26 Snr=50.0 Angle=97.3 Quality=8876965363392006683896686406662892742631935607775781124567860367072844101467529341139897385073806494410959963118706647645741065022099471703157137719745329483651697091715990039867856095503627848912747997752817220409077532140407542424807929035441808867328.00
    卫星 Prn=29 Snr=50.1 Angle=97.3 Quality=8876965363392006683896686406662892742631935607775781124567860367072844101467529341139897385073806494410959963118706647645741065022099471703157137719745329483651697091715990039867856095503627848912747997752817220409077532140407542424807929035441808867328.00
    卫星 Prn=31 Snr=50.1 Angle=-1 Quality=-1
    卫星 Prn=32 Snr=50.1 Angle=97.2 Quality=0.00

---- 报警时刻 code=33 天线对(1,6) t=4994.0s ----
  频点 Sys=Galileo Type=E1C Alarm=1 来向角度=111.57° 被欺骗卫星数=8
    卫星 Prn=4 Snr=50.0 Angle=97.2 Quality=0.00
    卫星 Prn=5 Snr=50.0 Angle=97.2 Quality=8876965363392006683896686406662892742631935607775781124567860367072844101467529341139897385073806494410959963118706647645741065022099471703157137719745329483651697091715990039867856095503627848912747997752817220409077532140407542424807929035441808867328.00
    卫星 Prn=6 Snr=50.0 Angle=-1 Quality=-1
    卫星 Prn=9 Snr=50.1 Angle=97.4 Quality=0.00
    卫星 Prn=14 Snr=49.9 Angle=97.2 Quality=8876965363392006683896686406662892742631935607775781124567860367072844101467529341139897385073806494410959963118706647645741065022099471703157137719745329483651697091715990039867856095503627848912747997752817220409077532140407542424807929035441808867328.00
    卫星 Prn=16 Snr=50.0 Angle=97.3 Quality=8876965363392006683896686406662892742631935607775781124567860367072844101467529341139897385073806494410959963118706647645741065022099471703157137719745329483651697091715990039867856095503627848912747997752817220409077532140407542424807929035441808867328.00
    卫星 Prn=31 Snr=50.0 Angle=97.4 Quality=8876965363392006683896686406662892742631935607775781124567860367072844101467529341139897385073806494410959963118706647645741065022099471703157137719745329483651697091715990039867856095503627848912747997752817220409077532140407542424807929035441808867328.00
    卫星 Prn=34 Snr=50.0 Angle=97.3 Quality=8876965363392006683896686406662892742631935607775781124567860367072844101467529341139897385073806494410959963118706647645741065022099471703157137719745329483651697091715990039867856095503627848912747997752817220409077532140407542424807929035441808867328.00

---- 报警时刻 code=33 天线对(1,6) t=4994.0s ----
  频点 Sys=BDS Type=B3I Alarm=1 来向角度=111.00° 被欺骗卫星数=12
    卫星 Prn=1 Snr=57.4 Angle=96.0 Quality=0.00
    卫星 Prn=2 Snr=57.4 Angle=95.9 Quality=8876965363392006683896686406662892742631935607775781124567860367072844101467529341139897385073806494410959963118706647645741065022099471703157137719745329483651697091715990039867856095503627848912747997752817220409077532140407542424807929035441808867328.00
    卫星 Prn=3 Snr=57.5 Angle=-1 Quality=-1
    卫星 Prn=4 Snr=57.4 Angle=95.9 Quality=0.00
    卫星 Prn=6 Snr=57.4 Angle=96.1 Quality=8876965363392006683896686406662892742631935607775781124567860367072844101467529341139897385073806494410959963118706647645741065022099471703157137719745329483651697091715990039867856095503627848912747997752817220409077532140407542424807929035441808867328.00
    卫星 Prn=7 Snr=57.4 Angle=95.9 Quality=8876965363392006683896686406662892742631935607775781124567860367072844101467529341139897385073806494410959963118706647645741065022099471703157137719745329483651697091715990039867856095503627848912747997752817220409077532140407542424807929035441808867328.00
    卫星 Prn=8 Snr=57.3 Angle=95.7 Quality=8876965363392006683896686406662892742631935607775781124567860367072844101467529341139897385073806494410959963118706647645741065022099471703157137719745329483651697091715990039867856095503627848912747997752817220409077532140407542424807929035441808867328.00
    卫星 Prn=9 Snr=57.4 Angle=96.0 Quality=8876965363392006683896686406662892742631935607775781124567860367072844101467529341139897385073806494410959963118706647645741065022099471703157137719745329483651697091715990039867856095503627848912747997752817220409077532140407542424807929035441808867328.00
    卫星 Prn=10 Snr=57.3 Angle=95.8 Quality=8876965363392006683896686406662892742631935607775781124567860367072844101467529341139897385073806494410959963118706647645741065022099471703157137719745329483651697091715990039867856095503627848912747997752817220409077532140407542424807929035441808867328.00
    卫星 Prn=14 Snr=57.3 Angle=96.0 Quality=8876965363392006683896686406662892742631935607775781124567860367072844101467529341139897385073806494410959963118706647645741065022099471703157137719745329483651697091715990039867856095503627848912747997752817220409077532140407542424807929035441808867328.00
    卫星 Prn=21 Snr=57.3 Angle=95.8 Quality=8876965363392006683896686406662892742631935607775781124567860367072844101467529341139897385073806494410959963118706647645741065022099471703157137719745329483651697091715990039867856095503627848912747997752817220409077532140407542424807929035441808867328.00
    卫星 Prn=26 Snr=57.3 Angle=95.9 Quality=8876965363392006683896686406662892742631935607775781124567860367072844101467529341139897385073806494410959963118706647645741065022099471703157137719745329483651697091715990039867856095503627848912747997752817220409077532140407542424807929035441808867328.00

---- 报警时刻 code=33 天线对(1,6) t=4994.0s ----
  频点 Sys=BDS Type=B1C Alarm=1 来向角度=111.75° 被欺骗卫星数=6
    卫星 Prn=6 Snr=48.6 Angle=97.4 Quality=0.00
    卫星 Prn=8 Snr=48.6 Angle=-1 Quality=-1
    卫星 Prn=14 Snr=48.6 Angle=97.3 Quality=0.00
    卫星 Prn=21 Snr=48.5 Angle=97.6 Quality=8876965363392006683896686406662892742631935607775781124567860367072844101467529341139897385073806494410959963118706647645741065022099471703157137719745329483651697091715990039867856095503627848912747997752817220409077532140407542424807929035441808867328.00
    卫星 Prn=24 Snr=48.7 Angle=-1 Quality=-1
    卫星 Prn=26 Snr=48.6 Angle=97.3 Quality=0.00

---- 报警时刻 code=33 天线对(1,6) t=4994.0s ----
  频点 Sys=BDS Type=B2a Alarm=1 来向角度=109.00° 被欺骗卫星数=7
    卫星 Prn=6 Snr=55.6 Angle=98.3 Quality=0.00
    卫星 Prn=7 Snr=55.6 Angle=98.1 Quality=8876965363392006683896686406662892742631935607775781124567860367072844101467529341139897385073806494410959963118706647645741065022099471703157137719745329483651697091715990039867856095503627848912747997752817220409077532140407542424807929035441808867328.00
    卫星 Prn=8 Snr=55.6 Angle=98.3 Quality=8876965363392006683896686406662892742631935607775781124567860367072844101467529341139897385073806494410959963118706647645741065022099471703157137719745329483651697091715990039867856095503627848912747997752817220409077532140407542424807929035441808867328.00
    卫星 Prn=14 Snr=55.6 Angle=98.2 Quality=8876965363392006683896686406662892742631935607775781124567860367072844101467529341139897385073806494410959963118706647645741065022099471703157137719745329483651697091715990039867856095503627848912747997752817220409077532140407542424807929035441808867328.00
    卫星 Prn=21 Snr=55.6 Angle=98.3 Quality=8876965363392006683896686406662892742631935607775781124567860367072844101467529341139897385073806494410959963118706647645741065022099471703157137719745329483651697091715990039867856095503627848912747997752817220409077532140407542424807929035441808867328.00
    卫星 Prn=24 Snr=55.6 Angle=98.1 Quality=8876965363392006683896686406662892742631935607775781124567860367072844101467529341139897385073806494410959963118706647645741065022099471703157137719745329483651697091715990039867856095503627848912747997752817220409077532140407542424807929035441808867328.00
    卫星 Prn=26 Snr=55.6 Angle=98.3 Quality=8876965363392006683896686406662892742631935607775781124567860367072844101467529341139897385073806494410959963118706647645741065022099471703157137719745329483651697091715990039867856095503627848912747997752817220409077532140407542424807929035441808867328.00

---- 报警时刻 code=33 天线对(1,6) t=4994.0s ----
  频点 Sys=BDS Type=B2b Alarm=1 来向角度=112.00° 被欺骗卫星数=7
    卫星 Prn=6 Snr=54.7 Angle=97.7 Quality=0.00
    卫星 Prn=7 Snr=54.7 Angle=97.7 Quality=8876965363392006683896686406662892742631935607775781124567860367072844101467529341139897385073806494410959963118706647645741065022099471703157137719745329483651697091715990039867856095503627848912747997752817220409077532140407542424807929035441808867328.00
    卫星 Prn=8 Snr=54.7 Angle=97.7 Quality=8876965363392006683896686406662892742631935607775781124567860367072844101467529341139897385073806494410959963118706647645741065022099471703157137719745329483651697091715990039867856095503627848912747997752817220409077532140407542424807929035441808867328.00
    卫星 Prn=14 Snr=54.7 Angle=97.8 Quality=8876965363392006683896686406662892742631935607775781124567860367072844101467529341139897385073806494410959963118706647645741065022099471703157137719745329483651697091715990039867856095503627848912747997752817220409077532140407542424807929035441808867328.00
    卫星 Prn=21 Snr=54.7 Angle=97.8 Quality=8876965363392006683896686406662892742631935607775781124567860367072844101467529341139897385073806494410959963118706647645741065022099471703157137719745329483651697091715990039867856095503627848912747997752817220409077532140407542424807929035441808867328.00
    卫星 Prn=24 Snr=54.7 Angle=97.8 Quality=8876965363392006683896686406662892742631935607775781124567860367072844101467529341139897385073806494410959963118706647645741065022099471703157137719745329483651697091715990039867856095503627848912747997752817220409077532140407542424807929035441808867328.00
    卫星 Prn=26 Snr=54.6 Angle=97.8 Quality=8876965363392006683896686406662892742631935607775781124567860367072844101467529341139897385073806494410959963118706647645741065022099471703157137719745329483651697091715990039867856095503627848912747997752817220409077532140407542424807929035441808867328.00

---- 报警时刻 code=1 天线对(1,7) t=5003.0s ----
  频点 Sys=GPS Type=L1_CA Alarm=1 来向角度=111.50° 被欺骗卫星数=7
    卫星 Prn=3 Snr=50.0 Angle=97.5 Quality=0.00
    卫星 Prn=4 Snr=50.1 Angle=97.5 Quality=8876965363392006683896686406662892742631935607775781124567860367072844101467529341139897385073806494410959963118706647645741065022099471703157137719745329483651697091715990039867856095503627848912747997752817220409077532140407542424807929035441808867328.00
    卫星 Prn=16 Snr=49.7 Angle=-1 Quality=-1
    卫星 Prn=26 Snr=50.0 Angle=97.4 Quality=0.00
    卫星 Prn=28 Snr=50.1 Angle=97.6 Quality=8876965363392006683896686406662892742631935607775781124567860367072844101467529341139897385073806494410959963118706647645741065022099471703157137719745329483651697091715990039867856095503627848912747997752817220409077532140407542424807929035441808867328.00
    卫星 Prn=29 Snr=50.1 Angle=97.2 Quality=8876965363392006683896686406662892742631935607775781124567860367072844101467529341139897385073806494410959963118706647645741065022099471703157137719745329483651697091715990039867856095503627848912747997752817220409077532140407542424807929035441808867328.00
    卫星 Prn=32 Snr=50.1 Angle=97.2 Quality=8876965363392006683896686406662892742631935607775781124567860367072844101467529341139897385073806494410959963118706647645741065022099471703157137719745329483651697091715990039867856095503627848912747997752817220409077532140407542424807929035441808867328.00

---- 报警时刻 code=1 天线对(1,7) t=5003.0s ----
  频点 Sys=Galileo Type=E1C Alarm=1 来向角度=111.86° 被欺骗卫星数=8
    卫星 Prn=4 Snr=50.0 Angle=97.3 Quality=0.00
    卫星 Prn=5 Snr=50.0 Angle=97.2 Quality=8876965363392006683896686406662892742631935607775781124567860367072844101467529341139897385073806494410959963118706647645741065022099471703157137719745329483651697091715990039867856095503627848912747997752817220409077532140407542424807929035441808867328.00
    卫星 Prn=6 Snr=50.0 Angle=-1 Quality=-1
    卫星 Prn=9 Snr=50.1 Angle=97.4 Quality=0.00
    卫星 Prn=14 Snr=49.9 Angle=97.3 Quality=8876965363392006683896686406662892742631935607775781124567860367072844101467529341139897385073806494410959963118706647645741065022099471703157137719745329483651697091715990039867856095503627848912747997752817220409077532140407542424807929035441808867328.00
    卫星 Prn=16 Snr=50.0 Angle=97.4 Quality=8876965363392006683896686406662892742631935607775781124567860367072844101467529341139897385073806494410959963118706647645741065022099471703157137719745329483651697091715990039867856095503627848912747997752817220409077532140407542424807929035441808867328.00
    卫星 Prn=31 Snr=50.0 Angle=97.4 Quality=8876965363392006683896686406662892742631935607775781124567860367072844101467529341139897385073806494410959963118706647645741065022099471703157137719745329483651697091715990039867856095503627848912747997752817220409077532140407542424807929035441808867328.00
    卫星 Prn=34 Snr=50.0 Angle=97.3 Quality=8876965363392006683896686406662892742631935607775781124567860367072844101467529341139897385073806494410959963118706647645741065022099471703157137719745329483651697091715990039867856095503627848912747997752817220409077532140407542424807929035441808867328.00

---- 报警时刻 code=1 天线对(1,7) t=5003.0s ----
  频点 Sys=BDS Type=B3I Alarm=1 来向角度=111.00° 被欺骗卫星数=12
    卫星 Prn=1 Snr=57.4 Angle=96.0 Quality=0.00
    卫星 Prn=2 Snr=57.4 Angle=96.0 Quality=8876965363392006683896686406662892742631935607775781124567860367072844101467529341139897385073806494410959963118706647645741065022099471703157137719745329483651697091715990039867856095503627848912747997752817220409077532140407542424807929035441808867328.00
    卫星 Prn=3 Snr=57.5 Angle=96.1 Quality=8876965363392006683896686406662892742631935607775781124567860367072844101467529341139897385073806494410959963118706647645741065022099471703157137719745329483651697091715990039867856095503627848912747997752817220409077532140407542424807929035441808867328.00
    卫星 Prn=4 Snr=57.4 Angle=95.9 Quality=8876965363392006683896686406662892742631935607775781124567860367072844101467529341139897385073806494410959963118706647645741065022099471703157137719745329483651697091715990039867856095503627848912747997752817220409077532140407542424807929035441808867328.00
    卫星 Prn=6 Snr=57.4 Angle=96.2 Quality=8876965363392006683896686406662892742631935607775781124567860367072844101467529341139897385073806494410959963118706647645741065022099471703157137719745329483651697091715990039867856095503627848912747997752817220409077532140407542424807929035441808867328.00
    卫星 Prn=7 Snr=57.4 Angle=96.0 Quality=8876965363392006683896686406662892742631935607775781124567860367072844101467529341139897385073806494410959963118706647645741065022099471703157137719745329483651697091715990039867856095503627848912747997752817220409077532140407542424807929035441808867328.00
    卫星 Prn=8 Snr=57.3 Angle=95.8 Quality=8876965363392006683896686406662892742631935607775781124567860367072844101467529341139897385073806494410959963118706647645741065022099471703157137719745329483651697091715990039867856095503627848912747997752817220409077532140407542424807929035441808867328.00
    卫星 Prn=9 Snr=57.4 Angle=95.9 Quality=8876965363392006683896686406662892742631935607775781124567860367072844101467529341139897385073806494410959963118706647645741065022099471703157137719745329483651697091715990039867856095503627848912747997752817220409077532140407542424807929035441808867328.00
    卫星 Prn=10 Snr=57.3 Angle=95.9 Quality=8876965363392006683896686406662892742631935607775781124567860367072844101467529341139897385073806494410959963118706647645741065022099471703157137719745329483651697091715990039867856095503627848912747997752817220409077532140407542424807929035441808867328.00
    卫星 Prn=14 Snr=57.3 Angle=96.0 Quality=8876965363392006683896686406662892742631935607775781124567860367072844101467529341139897385073806494410959963118706647645741065022099471703157137719745329483651697091715990039867856095503627848912747997752817220409077532140407542424807929035441808867328.00
    卫星 Prn=21 Snr=57.3 Angle=95.8 Quality=8876965363392006683896686406662892742631935607775781124567860367072844101467529341139897385073806494410959963118706647645741065022099471703157137719745329483651697091715990039867856095503627848912747997752817220409077532140407542424807929035441808867328.00
    卫星 Prn=26 Snr=57.3 Angle=96.0 Quality=8876965363392006683896686406662892742631935607775781124567860367072844101467529341139897385073806494410959963118706647645741065022099471703157137719745329483651697091715990039867856095503627848912747997752817220409077532140407542424807929035441808867328.00

---- 报警时刻 code=1 天线对(1,7) t=5003.0s ----
  频点 Sys=BDS Type=B1C Alarm=1 来向角度=111.50° 被欺骗卫星数=7
    卫星 Prn=6 Snr=48.6 Angle=97.4 Quality=0.00
    卫星 Prn=7 Snr=48.6 Angle=97.6 Quality=8876965363392006683896686406662892742631935607775781124567860367072844101467529341139897385073806494410959963118706647645741065022099471703157137719745329483651697091715990039867856095503627848912747997752817220409077532140407542424807929035441808867328.00
    卫星 Prn=8 Snr=48.6 Angle=97.5 Quality=8876965363392006683896686406662892742631935607775781124567860367072844101467529341139897385073806494410959963118706647645741065022099471703157137719745329483651697091715990039867856095503627848912747997752817220409077532140407542424807929035441808867328.00
    卫星 Prn=14 Snr=48.6 Angle=97.3 Quality=8876965363392006683896686406662892742631935607775781124567860367072844101467529341139897385073806494410959963118706647645741065022099471703157137719745329483651697091715990039867856095503627848912747997752817220409077532140407542424807929035441808867328.00
    卫星 Prn=21 Snr=48.5 Angle=97.6 Quality=8876965363392006683896686406662892742631935607775781124567860367072844101467529341139897385073806494410959963118706647645741065022099471703157137719745329483651697091715990039867856095503627848912747997752817220409077532140407542424807929035441808867328.00
    卫星 Prn=24 Snr=48.7 Angle=-1 Quality=-1
    卫星 Prn=26 Snr=48.6 Angle=97.3 Quality=0.00

---- 报警时刻 code=1 天线对(1,7) t=5003.0s ----
  频点 Sys=BDS Type=B2a Alarm=1 来向角度=109.00° 被欺骗卫星数=7
    卫星 Prn=6 Snr=55.6 Angle=98.3 Quality=0.00
    卫星 Prn=7 Snr=55.6 Angle=98.2 Quality=8876965363392006683896686406662892742631935607775781124567860367072844101467529341139897385073806494410959963118706647645741065022099471703157137719745329483651697091715990039867856095503627848912747997752817220409077532140407542424807929035441808867328.00
    卫星 Prn=8 Snr=55.6 Angle=98.3 Quality=8876965363392006683896686406662892742631935607775781124567860367072844101467529341139897385073806494410959963118706647645741065022099471703157137719745329483651697091715990039867856095503627848912747997752817220409077532140407542424807929035441808867328.00
    卫星 Prn=14 Snr=55.6 Angle=98.3 Quality=8876965363392006683896686406662892742631935607775781124567860367072844101467529341139897385073806494410959963118706647645741065022099471703157137719745329483651697091715990039867856095503627848912747997752817220409077532140407542424807929035441808867328.00
    卫星 Prn=21 Snr=55.6 Angle=98.3 Quality=8876965363392006683896686406662892742631935607775781124567860367072844101467529341139897385073806494410959963118706647645741065022099471703157137719745329483651697091715990039867856095503627848912747997752817220409077532140407542424807929035441808867328.00
    卫星 Prn=24 Snr=55.6 Angle=98.1 Quality=8876965363392006683896686406662892742631935607775781124567860367072844101467529341139897385073806494410959963118706647645741065022099471703157137719745329483651697091715990039867856095503627848912747997752817220409077532140407542424807929035441808867328.00
    卫星 Prn=26 Snr=55.6 Angle=98.3 Quality=8876965363392006683896686406662892742631935607775781124567860367072844101467529341139897385073806494410959963118706647645741065022099471703157137719745329483651697091715990039867856095503627848912747997752817220409077532140407542424807929035441808867328.00

---- 报警时刻 code=1 天线对(1,7) t=5003.0s ----
  频点 Sys=BDS Type=B2b Alarm=1 来向角度=112.00° 被欺骗卫星数=7
    卫星 Prn=6 Snr=54.7 Angle=97.7 Quality=0.00
    卫星 Prn=7 Snr=54.7 Angle=97.7 Quality=8876965363392006683896686406662892742631935607775781124567860367072844101467529341139897385073806494410959963118706647645741065022099471703157137719745329483651697091715990039867856095503627848912747997752817220409077532140407542424807929035441808867328.00
    卫星 Prn=8 Snr=54.7 Angle=97.7 Quality=8876965363392006683896686406662892742631935607775781124567860367072844101467529341139897385073806494410959963118706647645741065022099471703157137719745329483651697091715990039867856095503627848912747997752817220409077532140407542424807929035441808867328.00
    卫星 Prn=14 Snr=54.7 Angle=97.8 Quality=8876965363392006683896686406662892742631935607775781124567860367072844101467529341139897385073806494410959963118706647645741065022099471703157137719745329483651697091715990039867856095503627848912747997752817220409077532140407542424807929035441808867328.00
    卫星 Prn=21 Snr=54.7 Angle=97.8 Quality=8876965363392006683896686406662892742631935607775781124567860367072844101467529341139897385073806494410959963118706647645741065022099471703157137719745329483651697091715990039867856095503627848912747997752817220409077532140407542424807929035441808867328.00
    卫星 Prn=24 Snr=54.7 Angle=97.8 Quality=8876965363392006683896686406662892742631935607775781124567860367072844101467529341139897385073806494410959963118706647645741065022099471703157137719745329483651697091715990039867856095503627848912747997752817220409077532140407542424807929035441808867328.00
    卫星 Prn=26 Snr=54.6 Angle=97.8 Quality=8876965363392006683896686406662892742631935607775781124567860367072844101467529341139897385073806494410959963118706647645741065022099471703157137719745329483651697091715990039867856095503627848912747997752817220409077532140407542424807929035441808867328.00

---- 报警时刻 code=9 天线对(1,2) t=5021.0s ----
  频点 Sys=GPS Type=L1_CA Alarm=1 来向角度=111.50° 被欺骗卫星数=6
    卫星 Prn=3 Snr=50.0 Angle=97.9 Quality=0.00
    卫星 Prn=4 Snr=50.1 Angle=97.9 Quality=8876965363392006683896686406662892742631935607775781124567860367072844101467529341139897385073806494410959963118706647645741065022099471703157137719745329483651697091715990039867856095503627848912747997752817220409077532140407542424807929035441808867328.00
    卫星 Prn=26 Snr=50.0 Angle=97.8 Quality=8876965363392006683896686406662892742631935607775781124567860367072844101467529341139897385073806494410959963118706647645741065022099471703157137719745329483651697091715990039867856095503627848912747997752817220409077532140407542424807929035441808867328.00
    卫星 Prn=28 Snr=50.1 Angle=98.0 Quality=8876965363392006683896686406662892742631935607775781124567860367072844101467529341139897385073806494410959963118706647645741065022099471703157137719745329483651697091715990039867856095503627848912747997752817220409077532140407542424807929035441808867328.00
    卫星 Prn=29 Snr=50.1 Angle=97.4 Quality=8876965363392006683896686406662892742631935607775781124567860367072844101467529341139897385073806494410959963118706647645741065022099471703157137719745329483651697091715990039867856095503627848912747997752817220409077532140407542424807929035441808867328.00
    卫星 Prn=32 Snr=50.1 Angle=97.9 Quality=8876965363392006683896686406662892742631935607775781124567860367072844101467529341139897385073806494410959963118706647645741065022099471703157137719745329483651697091715990039867856095503627848912747997752817220409077532140407542424807929035441808867328.00

---- 报警时刻 code=9 天线对(1,2) t=5021.0s ----
  频点 Sys=GLONASS Type=G1 Alarm=1 来向角度=-1 被欺骗卫星数=5
    卫星 Prn=6 Snr=0.0 Angle=-1 Quality=-1
    卫星 Prn=7 Snr=0.0 Angle=-1 Quality=-1
    卫星 Prn=8 Snr=0.0 Angle=-1 Quality=-1
    卫星 Prn=9 Snr=0.0 Angle=-1 Quality=-1
    卫星 Prn=16 Snr=0.0 Angle=-1 Quality=-1

---- 报警时刻 code=9 天线对(1,2) t=5021.0s ----
  频点 Sys=Galileo Type=E1C Alarm=1 来向角度=111.88° 被欺骗卫星数=8
    卫星 Prn=4 Snr=50.0 Angle=97.8 Quality=0.00
    卫星 Prn=5 Snr=50.0 Angle=97.8 Quality=8876965363392006683896686406662892742631935607775781124567860367072844101467529341139897385073806494410959963118706647645741065022099471703157137719745329483651697091715990039867856095503627848912747997752817220409077532140407542424807929035441808867328.00
    卫星 Prn=6 Snr=50.0 Angle=97.8 Quality=8876965363392006683896686406662892742631935607775781124567860367072844101467529341139897385073806494410959963118706647645741065022099471703157137719745329483651697091715990039867856095503627848912747997752817220409077532140407542424807929035441808867328.00
    卫星 Prn=9 Snr=50.1 Angle=97.8 Quality=8876965363392006683896686406662892742631935607775781124567860367072844101467529341139897385073806494410959963118706647645741065022099471703157137719745329483651697091715990039867856095503627848912747997752817220409077532140407542424807929035441808867328.00
    卫星 Prn=14 Snr=49.9 Angle=97.8 Quality=8876965363392006683896686406662892742631935607775781124567860367072844101467529341139897385073806494410959963118706647645741065022099471703157137719745329483651697091715990039867856095503627848912747997752817220409077532140407542424807929035441808867328.00
    卫星 Prn=16 Snr=50.0 Angle=97.7 Quality=8876965363392006683896686406662892742631935607775781124567860367072844101467529341139897385073806494410959963118706647645741065022099471703157137719745329483651697091715990039867856095503627848912747997752817220409077532140407542424807929035441808867328.00
    卫星 Prn=31 Snr=50.0 Angle=98.0 Quality=8876965363392006683896686406662892742631935607775781124567860367072844101467529341139897385073806494410959963118706647645741065022099471703157137719745329483651697091715990039867856095503627848912747997752817220409077532140407542424807929035441808867328.00
    卫星 Prn=34 Snr=50.0 Angle=97.8 Quality=8876965363392006683896686406662892742631935607775781124567860367072844101467529341139897385073806494410959963118706647645741065022099471703157137719745329483651697091715990039867856095503627848912747997752817220409077532140407542424807929035441808867328.00

---- 报警时刻 code=9 天线对(1,2) t=5021.0s ----
  频点 Sys=BDS Type=B3I Alarm=1 来向角度=111.00° 被欺骗卫星数=12
    卫星 Prn=1 Snr=57.4 Angle=95.9 Quality=0.00
    卫星 Prn=2 Snr=57.4 Angle=95.9 Quality=8876965363392006683896686406662892742631935607775781124567860367072844101467529341139897385073806494410959963118706647645741065022099471703157137719745329483651697091715990039867856095503627848912747997752817220409077532140407542424807929035441808867328.00
    卫星 Prn=3 Snr=57.5 Angle=95.9 Quality=8876965363392006683896686406662892742631935607775781124567860367072844101467529341139897385073806494410959963118706647645741065022099471703157137719745329483651697091715990039867856095503627848912747997752817220409077532140407542424807929035441808867328.00
    卫星 Prn=4 Snr=57.4 Angle=95.9 Quality=8876965363392006683896686406662892742631935607775781124567860367072844101467529341139897385073806494410959963118706647645741065022099471703157137719745329483651697091715990039867856095503627848912747997752817220409077532140407542424807929035441808867328.00
    卫星 Prn=6 Snr=57.4 Angle=96.1 Quality=8876965363392006683896686406662892742631935607775781124567860367072844101467529341139897385073806494410959963118706647645741065022099471703157137719745329483651697091715990039867856095503627848912747997752817220409077532140407542424807929035441808867328.00
    卫星 Prn=7 Snr=57.4 Angle=95.9 Quality=8876965363392006683896686406662892742631935607775781124567860367072844101467529341139897385073806494410959963118706647645741065022099471703157137719745329483651697091715990039867856095503627848912747997752817220409077532140407542424807929035441808867328.00
    卫星 Prn=8 Snr=57.3 Angle=95.7 Quality=8876965363392006683896686406662892742631935607775781124567860367072844101467529341139897385073806494410959963118706647645741065022099471703157137719745329483651697091715990039867856095503627848912747997752817220409077532140407542424807929035441808867328.00
    卫星 Prn=9 Snr=57.4 Angle=95.9 Quality=8876965363392006683896686406662892742631935607775781124567860367072844101467529341139897385073806494410959963118706647645741065022099471703157137719745329483651697091715990039867856095503627848912747997752817220409077532140407542424807929035441808867328.00
    卫星 Prn=10 Snr=57.3 Angle=95.7 Quality=8876965363392006683896686406662892742631935607775781124567860367072844101467529341139897385073806494410959963118706647645741065022099471703157137719745329483651697091715990039867856095503627848912747997752817220409077532140407542424807929035441808867328.00
    卫星 Prn=14 Snr=57.3 Angle=95.9 Quality=8876965363392006683896686406662892742631935607775781124567860367072844101467529341139897385073806494410959963118706647645741065022099471703157137719745329483651697091715990039867856095503627848912747997752817220409077532140407542424807929035441808867328.00
    卫星 Prn=21 Snr=57.3 Angle=95.6 Quality=8876965363392006683896686406662892742631935607775781124567860367072844101467529341139897385073806494410959963118706647645741065022099471703157137719745329483651697091715990039867856095503627848912747997752817220409077532140407542424807929035441808867328.00
    卫星 Prn=26 Snr=57.3 Angle=95.8 Quality=8876965363392006683896686406662892742631935607775781124567860367072844101467529341139897385073806494410959963118706647645741065022099471703157137719745329483651697091715990039867856095503627848912747997752817220409077532140407542424807929035441808867328.00

---- 报警时刻 code=9 天线对(1,2) t=5021.0s ----
  频点 Sys=BDS Type=B1C Alarm=1 来向角度=111.43° 被欺骗卫星数=7
    卫星 Prn=6 Snr=48.6 Angle=97.6 Quality=0.00
    卫星 Prn=7 Snr=48.6 Angle=98.0 Quality=8876965363392006683896686406662892742631935607775781124567860367072844101467529341139897385073806494410959963118706647645741065022099471703157137719745329483651697091715990039867856095503627848912747997752817220409077532140407542424807929035441808867328.00
    卫星 Prn=8 Snr=48.6 Angle=98.0 Quality=8876965363392006683896686406662892742631935607775781124567860367072844101467529341139897385073806494410959963118706647645741065022099471703157137719745329483651697091715990039867856095503627848912747997752817220409077532140407542424807929035441808867328.00
    卫星 Prn=14 Snr=48.6 Angle=97.8 Quality=8876965363392006683896686406662892742631935607775781124567860367072844101467529341139897385073806494410959963118706647645741065022099471703157137719745329483651697091715990039867856095503627848912747997752817220409077532140407542424807929035441808867328.00
    卫星 Prn=21 Snr=48.5 Angle=98.0 Quality=8876965363392006683896686406662892742631935607775781124567860367072844101467529341139897385073806494410959963118706647645741065022099471703157137719745329483651697091715990039867856095503627848912747997752817220409077532140407542424807929035441808867328.00
    卫星 Prn=24 Snr=48.7 Angle=97.9 Quality=8876965363392006683896686406662892742631935607775781124567860367072844101467529341139897385073806494410959963118706647645741065022099471703157137719745329483651697091715990039867856095503627848912747997752817220409077532140407542424807929035441808867328.00
    卫星 Prn=26 Snr=48.6 Angle=97.8 Quality=8876965363392006683896686406662892742631935607775781124567860367072844101467529341139897385073806494410959963118706647645741065022099471703157137719745329483651697091715990039867856095503627848912747997752817220409077532140407542424807929035441808867328.00

---- 报警时刻 code=9 天线对(1,2) t=5021.0s ----
  频点 Sys=BDS Type=B2a Alarm=1 来向角度=109.00° 被欺骗卫星数=7
    卫星 Prn=6 Snr=55.6 Angle=98.5 Quality=0.00
    卫星 Prn=7 Snr=55.6 Angle=98.3 Quality=8876965363392006683896686406662892742631935607775781124567860367072844101467529341139897385073806494410959963118706647645741065022099471703157137719745329483651697091715990039867856095503627848912747997752817220409077532140407542424807929035441808867328.00
    卫星 Prn=8 Snr=55.6 Angle=98.5 Quality=8876965363392006683896686406662892742631935607775781124567860367072844101467529341139897385073806494410959963118706647645741065022099471703157137719745329483651697091715990039867856095503627848912747997752817220409077532140407542424807929035441808867328.00
    卫星 Prn=14 Snr=55.6 Angle=98.4 Quality=8876965363392006683896686406662892742631935607775781124567860367072844101467529341139897385073806494410959963118706647645741065022099471703157137719745329483651697091715990039867856095503627848912747997752817220409077532140407542424807929035441808867328.00
    卫星 Prn=21 Snr=55.6 Angle=98.3 Quality=8876965363392006683896686406662892742631935607775781124567860367072844101467529341139897385073806494410959963118706647645741065022099471703157137719745329483651697091715990039867856095503627848912747997752817220409077532140407542424807929035441808867328.00
    卫星 Prn=24 Snr=55.6 Angle=98.3 Quality=8876965363392006683896686406662892742631935607775781124567860367072844101467529341139897385073806494410959963118706647645741065022099471703157137719745329483651697091715990039867856095503627848912747997752817220409077532140407542424807929035441808867328.00
    卫星 Prn=26 Snr=55.6 Angle=98.4 Quality=8876965363392006683896686406662892742631935607775781124567860367072844101467529341139897385073806494410959963118706647645741065022099471703157137719745329483651697091715990039867856095503627848912747997752817220409077532140407542424807929035441808867328.00

---- 报警时刻 code=9 天线对(1,2) t=5021.0s ----
  频点 Sys=BDS Type=B2b Alarm=1 来向角度=112.00° 被欺骗卫星数=7
    卫星 Prn=6 Snr=54.7 Angle=97.7 Quality=0.00
    卫星 Prn=7 Snr=54.7 Angle=97.7 Quality=8876965363392006683896686406662892742631935607775781124567860367072844101467529341139897385073806494410959963118706647645741065022099471703157137719745329483651697091715990039867856095503627848912747997752817220409077532140407542424807929035441808867328.00
    卫星 Prn=8 Snr=54.7 Angle=97.7 Quality=8876965363392006683896686406662892742631935607775781124567860367072844101467529341139897385073806494410959963118706647645741065022099471703157137719745329483651697091715990039867856095503627848912747997752817220409077532140407542424807929035441808867328.00
    卫星 Prn=14 Snr=54.7 Angle=97.8 Quality=8876965363392006683896686406662892742631935607775781124567860367072844101467529341139897385073806494410959963118706647645741065022099471703157137719745329483651697091715990039867856095503627848912747997752817220409077532140407542424807929035441808867328.00
    卫星 Prn=21 Snr=54.7 Angle=97.7 Quality=8876965363392006683896686406662892742631935607775781124567860367072844101467529341139897385073806494410959963118706647645741065022099471703157137719745329483651697091715990039867856095503627848912747997752817220409077532140407542424807929035441808867328.00
    卫星 Prn=24 Snr=54.7 Angle=97.8 Quality=8876965363392006683896686406662892742631935607775781124567860367072844101467529341139897385073806494410959963118706647645741065022099471703157137719745329483651697091715990039867856095503627848912747997752817220409077532140407542424807929035441808867328.00
    卫星 Prn=26 Snr=54.6 Angle=97.8 Quality=8876965363392006683896686406662892742631935607775781124567860367072844101467529341139897385073806494410959963118706647645741065022099471703157137719745329483651697091715990039867856095503627848912747997752817220409077532140407542424807929035441808867328.00

---- 报警时刻 code=57 天线对(1,3) t=5030.0s ----
  频点 Sys=GPS Type=L1_CA Alarm=1 来向角度=111.33° 被欺骗卫星数=7
    卫星 Prn=3 Snr=50.0 Angle=97.9 Quality=0.00
    卫星 Prn=4 Snr=50.1 Angle=97.9 Quality=8876965363392006683896686406662892742631935607775781124567860367072844101467529341139897385073806494410959963118706647645741065022099471703157137719745329483651697091715990039867856095503627848912747997752817220409077532140407542424807929035441808867328.00
    卫星 Prn=26 Snr=50.0 Angle=97.8 Quality=8876965363392006683896686406662892742631935607775781124567860367072844101467529341139897385073806494410959963118706647645741065022099471703157137719745329483651697091715990039867856095503627848912747997752817220409077532140407542424807929035441808867328.00
    卫星 Prn=28 Snr=50.1 Angle=98.0 Quality=8876965363392006683896686406662892742631935607775781124567860367072844101467529341139897385073806494410959963118706647645741065022099471703157137719745329483651697091715990039867856095503627848912747997752817220409077532140407542424807929035441808867328.00
    卫星 Prn=29 Snr=50.1 Angle=97.5 Quality=8876965363392006683896686406662892742631935607775781124567860367072844101467529341139897385073806494410959963118706647645741065022099471703157137719745329483651697091715990039867856095503627848912747997752817220409077532140407542424807929035441808867328.00
    卫星 Prn=31 Snr=50.1 Angle=-1 Quality=-1
    卫星 Prn=32 Snr=50.1 Angle=97.9 Quality=0.00

---- 报警时刻 code=57 天线对(1,3) t=5030.0s ----
  频点 Sys=GLONASS Type=G1 Alarm=1 来向角度=-1 被欺骗卫星数=3
    卫星 Prn=6 Snr=56.6 Angle=-1 Quality=-1
    卫星 Prn=9 Snr=56.5 Angle=-1 Quality=-1
    卫星 Prn=16 Snr=56.4 Angle=-1 Quality=-1

---- 报警时刻 code=57 天线对(1,3) t=5030.0s ----
  频点 Sys=Galileo Type=E1C Alarm=1 来向角度=111.00° 被欺骗卫星数=8
    卫星 Prn=4 Snr=50.0 Angle=97.8 Quality=0.00
    卫星 Prn=5 Snr=50.0 Angle=97.9 Quality=8876965363392006683896686406662892742631935607775781124567860367072844101467529341139897385073806494410959963118706647645741065022099471703157137719745329483651697091715990039867856095503627848912747997752817220409077532140407542424807929035441808867328.00
    卫星 Prn=6 Snr=50.0 Angle=97.8 Quality=8876965363392006683896686406662892742631935607775781124567860367072844101467529341139897385073806494410959963118706647645741065022099471703157137719745329483651697091715990039867856095503627848912747997752817220409077532140407542424807929035441808867328.00
    卫星 Prn=9 Snr=50.1 Angle=97.8 Quality=8876965363392006683896686406662892742631935607775781124567860367072844101467529341139897385073806494410959963118706647645741065022099471703157137719745329483651697091715990039867856095503627848912747997752817220409077532140407542424807929035441808867328.00
    卫星 Prn=14 Snr=49.9 Angle=97.8 Quality=8876965363392006683896686406662892742631935607775781124567860367072844101467529341139897385073806494410959963118706647645741065022099471703157137719745329483651697091715990039867856095503627848912747997752817220409077532140407542424807929035441808867328.00
    卫星 Prn=16 Snr=50.0 Angle=97.7 Quality=8876965363392006683896686406662892742631935607775781124567860367072844101467529341139897385073806494410959963118706647645741065022099471703157137719745329483651697091715990039867856095503627848912747997752817220409077532140407542424807929035441808867328.00
    卫星 Prn=31 Snr=50.0 Angle=98.0 Quality=8876965363392006683896686406662892742631935607775781124567860367072844101467529341139897385073806494410959963118706647645741065022099471703157137719745329483651697091715990039867856095503627848912747997752817220409077532140407542424807929035441808867328.00
    卫星 Prn=34 Snr=50.0 Angle=97.9 Quality=8876965363392006683896686406662892742631935607775781124567860367072844101467529341139897385073806494410959963118706647645741065022099471703157137719745329483651697091715990039867856095503627848912747997752817220409077532140407542424807929035441808867328.00

---- 报警时刻 code=57 天线对(1,3) t=5030.0s ----
  频点 Sys=BDS Type=B3I Alarm=1 来向角度=111.00° 被欺骗卫星数=12
    卫星 Prn=1 Snr=57.4 Angle=95.9 Quality=0.00
    卫星 Prn=2 Snr=57.4 Angle=95.9 Quality=8876965363392006683896686406662892742631935607775781124567860367072844101467529341139897385073806494410959963118706647645741065022099471703157137719745329483651697091715990039867856095503627848912747997752817220409077532140407542424807929035441808867328.00
    卫星 Prn=3 Snr=57.5 Angle=95.9 Quality=8876965363392006683896686406662892742631935607775781124567860367072844101467529341139897385073806494410959963118706647645741065022099471703157137719745329483651697091715990039867856095503627848912747997752817220409077532140407542424807929035441808867328.00
    卫星 Prn=4 Snr=57.4 Angle=95.9 Quality=8876965363392006683896686406662892742631935607775781124567860367072844101467529341139897385073806494410959963118706647645741065022099471703157137719745329483651697091715990039867856095503627848912747997752817220409077532140407542424807929035441808867328.00
    卫星 Prn=6 Snr=57.4 Angle=96.1 Quality=8876965363392006683896686406662892742631935607775781124567860367072844101467529341139897385073806494410959963118706647645741065022099471703157137719745329483651697091715990039867856095503627848912747997752817220409077532140407542424807929035441808867328.00
    卫星 Prn=7 Snr=57.4 Angle=95.9 Quality=8876965363392006683896686406662892742631935607775781124567860367072844101467529341139897385073806494410959963118706647645741065022099471703157137719745329483651697091715990039867856095503627848912747997752817220409077532140407542424807929035441808867328.00
    卫星 Prn=8 Snr=57.3 Angle=95.7 Quality=8876965363392006683896686406662892742631935607775781124567860367072844101467529341139897385073806494410959963118706647645741065022099471703157137719745329483651697091715990039867856095503627848912747997752817220409077532140407542424807929035441808867328.00
    卫星 Prn=9 Snr=57.4 Angle=95.9 Quality=8876965363392006683896686406662892742631935607775781124567860367072844101467529341139897385073806494410959963118706647645741065022099471703157137719745329483651697091715990039867856095503627848912747997752817220409077532140407542424807929035441808867328.00
    卫星 Prn=10 Snr=57.3 Angle=95.8 Quality=8876965363392006683896686406662892742631935607775781124567860367072844101467529341139897385073806494410959963118706647645741065022099471703157137719745329483651697091715990039867856095503627848912747997752817220409077532140407542424807929035441808867328.00
    卫星 Prn=14 Snr=57.3 Angle=95.9 Quality=8876965363392006683896686406662892742631935607775781124567860367072844101467529341139897385073806494410959963118706647645741065022099471703157137719745329483651697091715990039867856095503627848912747997752817220409077532140407542424807929035441808867328.00
    卫星 Prn=21 Snr=57.3 Angle=95.6 Quality=8876965363392006683896686406662892742631935607775781124567860367072844101467529341139897385073806494410959963118706647645741065022099471703157137719745329483651697091715990039867856095503627848912747997752817220409077532140407542424807929035441808867328.00
    卫星 Prn=26 Snr=57.3 Angle=95.9 Quality=8876965363392006683896686406662892742631935607775781124567860367072844101467529341139897385073806494410959963118706647645741065022099471703157137719745329483651697091715990039867856095503627848912747997752817220409077532140407542424807929035441808867328.00

---- 报警时刻 code=57 天线对(1,3) t=5030.0s ----
  频点 Sys=BDS Type=B1C Alarm=1 来向角度=111.29° 被欺骗卫星数=7
    卫星 Prn=6 Snr=48.6 Angle=97.6 Quality=0.00
    卫星 Prn=7 Snr=48.6 Angle=98.0 Quality=8876965363392006683896686406662892742631935607775781124567860367072844101467529341139897385073806494410959963118706647645741065022099471703157137719745329483651697091715990039867856095503627848912747997752817220409077532140407542424807929035441808867328.00
    卫星 Prn=8 Snr=48.6 Angle=98.0 Quality=8876965363392006683896686406662892742631935607775781124567860367072844101467529341139897385073806494410959963118706647645741065022099471703157137719745329483651697091715990039867856095503627848912747997752817220409077532140407542424807929035441808867328.00
    卫星 Prn=14 Snr=48.6 Angle=97.8 Quality=8876965363392006683896686406662892742631935607775781124567860367072844101467529341139897385073806494410959963118706647645741065022099471703157137719745329483651697091715990039867856095503627848912747997752817220409077532140407542424807929035441808867328.00
    卫星 Prn=21 Snr=48.5 Angle=98.0 Quality=8876965363392006683896686406662892742631935607775781124567860367072844101467529341139897385073806494410959963118706647645741065022099471703157137719745329483651697091715990039867856095503627848912747997752817220409077532140407542424807929035441808867328.00
    卫星 Prn=24 Snr=48.7 Angle=97.9 Quality=8876965363392006683896686406662892742631935607775781124567860367072844101467529341139897385073806494410959963118706647645741065022099471703157137719745329483651697091715990039867856095503627848912747997752817220409077532140407542424807929035441808867328.00
    卫星 Prn=26 Snr=48.6 Angle=97.8 Quality=8876965363392006683896686406662892742631935607775781124567860367072844101467529341139897385073806494410959963118706647645741065022099471703157137719745329483651697091715990039867856095503627848912747997752817220409077532140407542424807929035441808867328.00

---- 报警时刻 code=57 天线对(1,3) t=5030.0s ----
  频点 Sys=BDS Type=B2a Alarm=1 来向角度=109.00° 被欺骗卫星数=7
    卫星 Prn=6 Snr=55.6 Angle=98.5 Quality=0.00
    卫星 Prn=7 Snr=55.6 Angle=98.3 Quality=8876965363392006683896686406662892742631935607775781124567860367072844101467529341139897385073806494410959963118706647645741065022099471703157137719745329483651697091715990039867856095503627848912747997752817220409077532140407542424807929035441808867328.00
    卫星 Prn=8 Snr=55.6 Angle=98.5 Quality=8876965363392006683896686406662892742631935607775781124567860367072844101467529341139897385073806494410959963118706647645741065022099471703157137719745329483651697091715990039867856095503627848912747997752817220409077532140407542424807929035441808867328.00
    卫星 Prn=14 Snr=55.6 Angle=98.4 Quality=8876965363392006683896686406662892742631935607775781124567860367072844101467529341139897385073806494410959963118706647645741065022099471703157137719745329483651697091715990039867856095503627848912747997752817220409077532140407542424807929035441808867328.00
    卫星 Prn=21 Snr=55.6 Angle=98.3 Quality=8876965363392006683896686406662892742631935607775781124567860367072844101467529341139897385073806494410959963118706647645741065022099471703157137719745329483651697091715990039867856095503627848912747997752817220409077532140407542424807929035441808867328.00
    卫星 Prn=24 Snr=55.6 Angle=98.3 Quality=8876965363392006683896686406662892742631935607775781124567860367072844101467529341139897385073806494410959963118706647645741065022099471703157137719745329483651697091715990039867856095503627848912747997752817220409077532140407542424807929035441808867328.00
    卫星 Prn=26 Snr=55.6 Angle=98.4 Quality=8876965363392006683896686406662892742631935607775781124567860367072844101467529341139897385073806494410959963118706647645741065022099471703157137719745329483651697091715990039867856095503627848912747997752817220409077532140407542424807929035441808867328.00

---- 报警时刻 code=57 天线对(1,3) t=5030.0s ----
  频点 Sys=BDS Type=B2b Alarm=1 来向角度=112.00° 被欺骗卫星数=7
    卫星 Prn=6 Snr=54.7 Angle=97.7 Quality=0.00
    卫星 Prn=7 Snr=54.7 Angle=97.7 Quality=8876965363392006683896686406662892742631935607775781124567860367072844101467529341139897385073806494410959963118706647645741065022099471703157137719745329483651697091715990039867856095503627848912747997752817220409077532140407542424807929035441808867328.00
    卫星 Prn=8 Snr=54.7 Angle=97.7 Quality=8876965363392006683896686406662892742631935607775781124567860367072844101467529341139897385073806494410959963118706647645741065022099471703157137719745329483651697091715990039867856095503627848912747997752817220409077532140407542424807929035441808867328.00
    卫星 Prn=14 Snr=54.7 Angle=97.7 Quality=8876965363392006683896686406662892742631935607775781124567860367072844101467529341139897385073806494410959963118706647645741065022099471703157137719745329483651697091715990039867856095503627848912747997752817220409077532140407542424807929035441808867328.00
    卫星 Prn=21 Snr=54.7 Angle=97.7 Quality=8876965363392006683896686406662892742631935607775781124567860367072844101467529341139897385073806494410959963118706647645741065022099471703157137719745329483651697091715990039867856095503627848912747997752817220409077532140407542424807929035441808867328.00
    卫星 Prn=24 Snr=54.7 Angle=97.8 Quality=8876965363392006683896686406662892742631935607775781124567860367072844101467529341139897385073806494410959963118706647645741065022099471703157137719745329483651697091715990039867856095503627848912747997752817220409077532140407542424807929035441808867328.00
    卫星 Prn=26 Snr=54.6 Angle=97.8 Quality=8876965363392006683896686406662892742631935607775781124567860367072844101467529341139897385073806494410959963118706647645741065022099471703157137719745329483651697091715990039867856095503627848912747997752817220409077532140407542424807929035441808867328.00

---- 报警时刻 code=17 天线对(1,4) t=5039.0s ----
  频点 Sys=GPS Type=L1_CA Alarm=1 来向角度=111.00° 被欺骗卫星数=7
    卫星 Prn=3 Snr=49.9 Angle=98.8 Quality=0.00
    卫星 Prn=4 Snr=50.0 Angle=98.8 Quality=8876965363392006683896686406662892742631935607775781124567860367072844101467529341139897385073806494410959963118706647645741065022099471703157137719745329483651697091715990039867856095503627848912747997752817220409077532140407542424807929035441808867328.00
    卫星 Prn=26 Snr=50.0 Angle=98.7 Quality=8876965363392006683896686406662892742631935607775781124567860367072844101467529341139897385073806494410959963118706647645741065022099471703157137719745329483651697091715990039867856095503627848912747997752817220409077532140407542424807929035441808867328.00
    卫星 Prn=28 Snr=50.1 Angle=98.8 Quality=8876965363392006683896686406662892742631935607775781124567860367072844101467529341139897385073806494410959963118706647645741065022099471703157137719745329483651697091715990039867856095503627848912747997752817220409077532140407542424807929035441808867328.00
    卫星 Prn=29 Snr=50.0 Angle=98.3 Quality=8876965363392006683896686406662892742631935607775781124567860367072844101467529341139897385073806494410959963118706647645741065022099471703157137719745329483651697091715990039867856095503627848912747997752817220409077532140407542424807929035441808867328.00
    卫星 Prn=31 Snr=50.1 Angle=-1 Quality=-1
    卫星 Prn=32 Snr=50.0 Angle=98.7 Quality=0.00

---- 报警时刻 code=17 天线对(1,4) t=5039.0s ----
  频点 Sys=GLONASS Type=G1 Alarm=1 来向角度=-1 被欺骗卫星数=4
    卫星 Prn=7 Snr=60.2 Angle=-1 Quality=-1
    卫星 Prn=8 Snr=59.8 Angle=-1 Quality=-1
    卫星 Prn=9 Snr=59.3 Angle=-1 Quality=-1
    卫星 Prn=16 Snr=58.9 Angle=-1 Quality=-1

---- 报警时刻 code=17 天线对(1,4) t=5039.0s ----
  频点 Sys=Galileo Type=E1C Alarm=1 来向角度=111.00° 被欺骗卫星数=8
    卫星 Prn=4 Snr=49.9 Angle=98.7 Quality=0.00
    卫星 Prn=5 Snr=49.9 Angle=98.6 Quality=8876965363392006683896686406662892742631935607775781124567860367072844101467529341139897385073806494410959963118706647645741065022099471703157137719745329483651697091715990039867856095503627848912747997752817220409077532140407542424807929035441808867328.00
    卫星 Prn=6 Snr=50.0 Angle=98.6 Quality=8876965363392006683896686406662892742631935607775781124567860367072844101467529341139897385073806494410959963118706647645741065022099471703157137719745329483651697091715990039867856095503627848912747997752817220409077532140407542424807929035441808867328.00
    卫星 Prn=9 Snr=50.0 Angle=98.7 Quality=8876965363392006683896686406662892742631935607775781124567860367072844101467529341139897385073806494410959963118706647645741065022099471703157137719745329483651697091715990039867856095503627848912747997752817220409077532140407542424807929035441808867328.00
    卫星 Prn=14 Snr=49.9 Angle=98.7 Quality=8876965363392006683896686406662892742631935607775781124567860367072844101467529341139897385073806494410959963118706647645741065022099471703157137719745329483651697091715990039867856095503627848912747997752817220409077532140407542424807929035441808867328.00
    卫星 Prn=16 Snr=49.9 Angle=98.6 Quality=8876965363392006683896686406662892742631935607775781124567860367072844101467529341139897385073806494410959963118706647645741065022099471703157137719745329483651697091715990039867856095503627848912747997752817220409077532140407542424807929035441808867328.00
    卫星 Prn=31 Snr=49.9 Angle=98.8 Quality=8876965363392006683896686406662892742631935607775781124567860367072844101467529341139897385073806494410959963118706647645741065022099471703157137719745329483651697091715990039867856095503627848912747997752817220409077532140407542424807929035441808867328.00
    卫星 Prn=34 Snr=49.9 Angle=98.6 Quality=8876965363392006683896686406662892742631935607775781124567860367072844101467529341139897385073806494410959963118706647645741065022099471703157137719745329483651697091715990039867856095503627848912747997752817220409077532140407542424807929035441808867328.00

---- 报警时刻 code=17 天线对(1,4) t=5039.0s ----
  频点 Sys=BDS Type=B3I Alarm=1 来向角度=111.00° 被欺骗卫星数=11
    卫星 Prn=1 Snr=57.4 Angle=95.9 Quality=0.00
    卫星 Prn=2 Snr=57.4 Angle=96.0 Quality=8876965363392006683896686406662892742631935607775781124567860367072844101467529341139897385073806494410959963118706647645741065022099471703157137719745329483651697091715990039867856095503627848912747997752817220409077532140407542424807929035441808867328.00
    卫星 Prn=4 Snr=57.4 Angle=96.0 Quality=8876965363392006683896686406662892742631935607775781124567860367072844101467529341139897385073806494410959963118706647645741065022099471703157137719745329483651697091715990039867856095503627848912747997752817220409077532140407542424807929035441808867328.00
    卫星 Prn=6 Snr=57.4 Angle=96.1 Quality=8876965363392006683896686406662892742631935607775781124567860367072844101467529341139897385073806494410959963118706647645741065022099471703157137719745329483651697091715990039867856095503627848912747997752817220409077532140407542424807929035441808867328.00
    卫星 Prn=7 Snr=57.4 Angle=95.9 Quality=8876965363392006683896686406662892742631935607775781124567860367072844101467529341139897385073806494410959963118706647645741065022099471703157137719745329483651697091715990039867856095503627848912747997752817220409077532140407542424807929035441808867328.00
    卫星 Prn=8 Snr=57.3 Angle=95.9 Quality=8876965363392006683896686406662892742631935607775781124567860367072844101467529341139897385073806494410959963118706647645741065022099471703157137719745329483651697091715990039867856095503627848912747997752817220409077532140407542424807929035441808867328.00
    卫星 Prn=9 Snr=57.4 Angle=95.9 Quality=8876965363392006683896686406662892742631935607775781124567860367072844101467529341139897385073806494410959963118706647645741065022099471703157137719745329483651697091715990039867856095503627848912747997752817220409077532140407542424807929035441808867328.00
    卫星 Prn=10 Snr=57.3 Angle=95.9 Quality=8876965363392006683896686406662892742631935607775781124567860367072844101467529341139897385073806494410959963118706647645741065022099471703157137719745329483651697091715990039867856095503627848912747997752817220409077532140407542424807929035441808867328.00
    卫星 Prn=14 Snr=57.3 Angle=96.1 Quality=8876965363392006683896686406662892742631935607775781124567860367072844101467529341139897385073806494410959963118706647645741065022099471703157137719745329483651697091715990039867856095503627848912747997752817220409077532140407542424807929035441808867328.00
    卫星 Prn=21 Snr=57.3 Angle=95.8 Quality=8876965363392006683896686406662892742631935607775781124567860367072844101467529341139897385073806494410959963118706647645741065022099471703157137719745329483651697091715990039867856095503627848912747997752817220409077532140407542424807929035441808867328.00
    卫星 Prn=26 Snr=57.3 Angle=96.1 Quality=8876965363392006683896686406662892742631935607775781124567860367072844101467529341139897385073806494410959963118706647645741065022099471703157137719745329483651697091715990039867856095503627848912747997752817220409077532140407542424807929035441808867328.00

---- 报警时刻 code=17 天线对(1,4) t=5039.0s ----
  频点 Sys=BDS Type=B1C Alarm=1 来向角度=111.00° 被欺骗卫星数=7
    卫星 Prn=6 Snr=48.5 Angle=98.5 Quality=0.00
    卫星 Prn=7 Snr=48.4 Angle=98.7 Quality=8876965363392006683896686406662892742631935607775781124567860367072844101467529341139897385073806494410959963118706647645741065022099471703157137719745329483651697091715990039867856095503627848912747997752817220409077532140407542424807929035441808867328.00
    卫星 Prn=8 Snr=48.4 Angle=98.7 Quality=8876965363392006683896686406662892742631935607775781124567860367072844101467529341139897385073806494410959963118706647645741065022099471703157137719745329483651697091715990039867856095503627848912747997752817220409077532140407542424807929035441808867328.00
    卫星 Prn=14 Snr=48.5 Angle=98.7 Quality=8876965363392006683896686406662892742631935607775781124567860367072844101467529341139897385073806494410959963118706647645741065022099471703157137719745329483651697091715990039867856095503627848912747997752817220409077532140407542424807929035441808867328.00
    卫星 Prn=21 Snr=48.3 Angle=98.8 Quality=8876965363392006683896686406662892742631935607775781124567860367072844101467529341139897385073806494410959963118706647645741065022099471703157137719745329483651697091715990039867856095503627848912747997752817220409077532140407542424807929035441808867328.00
    卫星 Prn=24 Snr=48.3 Angle=98.7 Quality=8876965363392006683896686406662892742631935607775781124567860367072844101467529341139897385073806494410959963118706647645741065022099471703157137719745329483651697091715990039867856095503627848912747997752817220409077532140407542424807929035441808867328.00
    卫星 Prn=26 Snr=48.3 Angle=98.6 Quality=8876965363392006683896686406662892742631935607775781124567860367072844101467529341139897385073806494410959963118706647645741065022099471703157137719745329483651697091715990039867856095503627848912747997752817220409077532140407542424807929035441808867328.00

---- 报警时刻 code=17 天线对(1,4) t=5039.0s ----
  频点 Sys=BDS Type=B2a Alarm=1 来向角度=109.00° 被欺骗卫星数=7
    卫星 Prn=6 Snr=55.6 Angle=98.4 Quality=0.00
    卫星 Prn=7 Snr=55.6 Angle=98.3 Quality=8876965363392006683896686406662892742631935607775781124567860367072844101467529341139897385073806494410959963118706647645741065022099471703157137719745329483651697091715990039867856095503627848912747997752817220409077532140407542424807929035441808867328.00
    卫星 Prn=8 Snr=55.6 Angle=98.3 Quality=8876965363392006683896686406662892742631935607775781124567860367072844101467529341139897385073806494410959963118706647645741065022099471703157137719745329483651697091715990039867856095503627848912747997752817220409077532140407542424807929035441808867328.00
    卫星 Prn=14 Snr=55.6 Angle=98.3 Quality=8876965363392006683896686406662892742631935607775781124567860367072844101467529341139897385073806494410959963118706647645741065022099471703157137719745329483651697091715990039867856095503627848912747997752817220409077532140407542424807929035441808867328.00
    卫星 Prn=21 Snr=55.6 Angle=98.2 Quality=8876965363392006683896686406662892742631935607775781124567860367072844101467529341139897385073806494410959963118706647645741065022099471703157137719745329483651697091715990039867856095503627848912747997752817220409077532140407542424807929035441808867328.00
    卫星 Prn=24 Snr=55.6 Angle=98.1 Quality=8876965363392006683896686406662892742631935607775781124567860367072844101467529341139897385073806494410959963118706647645741065022099471703157137719745329483651697091715990039867856095503627848912747997752817220409077532140407542424807929035441808867328.00
    卫星 Prn=26 Snr=55.6 Angle=98.2 Quality=8876965363392006683896686406662892742631935607775781124567860367072844101467529341139897385073806494410959963118706647645741065022099471703157137719745329483651697091715990039867856095503627848912747997752817220409077532140407542424807929035441808867328.00

---- 报警时刻 code=17 天线对(1,4) t=5039.0s ----
  频点 Sys=BDS Type=B2b Alarm=1 来向角度=112.00° 被欺骗卫星数=7
    卫星 Prn=6 Snr=54.7 Angle=98.0 Quality=0.00
    卫星 Prn=7 Snr=54.7 Angle=98.0 Quality=8876965363392006683896686406662892742631935607775781124567860367072844101467529341139897385073806494410959963118706647645741065022099471703157137719745329483651697091715990039867856095503627848912747997752817220409077532140407542424807929035441808867328.00
    卫星 Prn=8 Snr=54.7 Angle=98.1 Quality=8876965363392006683896686406662892742631935607775781124567860367072844101467529341139897385073806494410959963118706647645741065022099471703157137719745329483651697091715990039867856095503627848912747997752817220409077532140407542424807929035441808867328.00
    卫星 Prn=14 Snr=54.7 Angle=97.9 Quality=8876965363392006683896686406662892742631935607775781124567860367072844101467529341139897385073806494410959963118706647645741065022099471703157137719745329483651697091715990039867856095503627848912747997752817220409077532140407542424807929035441808867328.00
    卫星 Prn=21 Snr=54.7 Angle=98.0 Quality=8876965363392006683896686406662892742631935607775781124567860367072844101467529341139897385073806494410959963118706647645741065022099471703157137719745329483651697091715990039867856095503627848912747997752817220409077532140407542424807929035441808867328.00
    卫星 Prn=24 Snr=54.7 Angle=98.0 Quality=8876965363392006683896686406662892742631935607775781124567860367072844101467529341139897385073806494410959963118706647645741065022099471703157137719745329483651697091715990039867856095503627848912747997752817220409077532140407542424807929035441808867328.00
    卫星 Prn=26 Snr=54.6 Angle=98.0 Quality=8876965363392006683896686406662892742631935607775781124567860367072844101467529341139897385073806494410959963118706647645741065022099471703157137719745329483651697091715990039867856095503627848912747997752817220409077532140407542424807929035441808867328.00

---- 报警时刻 code=25 天线对(1,5) t=5049.0s ----
  频点 Sys=GPS Type=L1_CA Alarm=1 来向角度=111.00° 被欺骗卫星数=8
    卫星 Prn=3 Snr=49.9 Angle=98.7 Quality=0.00
    卫星 Prn=4 Snr=50.0 Angle=98.6 Quality=8876965363392006683896686406662892742631935607775781124567860367072844101467529341139897385073806494410959963118706647645741065022099471703157137719745329483651697091715990039867856095503627848912747997752817220409077532140407542424807929035441808867328.00
    卫星 Prn=16 Snr=49.7 Angle=-1 Quality=-1
    卫星 Prn=26 Snr=50.0 Angle=98.6 Quality=0.00
    卫星 Prn=28 Snr=50.1 Angle=98.6 Quality=8876965363392006683896686406662892742631935607775781124567860367072844101467529341139897385073806494410959963118706647645741065022099471703157137719745329483651697091715990039867856095503627848912747997752817220409077532140407542424807929035441808867328.00
    卫星 Prn=29 Snr=50.0 Angle=98.5 Quality=8876965363392006683896686406662892742631935607775781124567860367072844101467529341139897385073806494410959963118706647645741065022099471703157137719745329483651697091715990039867856095503627848912747997752817220409077532140407542424807929035441808867328.00
    卫星 Prn=31 Snr=50.1 Angle=-1 Quality=-1
    卫星 Prn=32 Snr=50.0 Angle=98.6 Quality=0.00

---- 报警时刻 code=25 天线对(1,5) t=5049.0s ----
  频点 Sys=GLONASS Type=G1 Alarm=1 来向角度=-1 被欺骗卫星数=3
    卫星 Prn=6 Snr=56.6 Angle=-1 Quality=-1
    卫星 Prn=9 Snr=59.3 Angle=-1 Quality=-1
    卫星 Prn=10 Snr=57.8 Angle=-1 Quality=-1

---- 报警时刻 code=25 天线对(1,5) t=5049.0s ----
  频点 Sys=Galileo Type=E1C Alarm=1 来向角度=111.00° 被欺骗卫星数=8
    卫星 Prn=4 Snr=49.9 Angle=98.6 Quality=0.00
    卫星 Prn=5 Snr=49.9 Angle=98.5 Quality=8876965363392006683896686406662892742631935607775781124567860367072844101467529341139897385073806494410959963118706647645741065022099471703157137719745329483651697091715990039867856095503627848912747997752817220409077532140407542424807929035441808867328.00
    卫星 Prn=6 Snr=50.0 Angle=98.6 Quality=8876965363392006683896686406662892742631935607775781124567860367072844101467529341139897385073806494410959963118706647645741065022099471703157137719745329483651697091715990039867856095503627848912747997752817220409077532140407542424807929035441808867328.00
    卫星 Prn=9 Snr=50.0 Angle=98.6 Quality=8876965363392006683896686406662892742631935607775781124567860367072844101467529341139897385073806494410959963118706647645741065022099471703157137719745329483651697091715990039867856095503627848912747997752817220409077532140407542424807929035441808867328.00
    卫星 Prn=14 Snr=49.9 Angle=98.6 Quality=8876965363392006683896686406662892742631935607775781124567860367072844101467529341139897385073806494410959963118706647645741065022099471703157137719745329483651697091715990039867856095503627848912747997752817220409077532140407542424807929035441808867328.00
    卫星 Prn=16 Snr=49.9 Angle=98.5 Quality=8876965363392006683896686406662892742631935607775781124567860367072844101467529341139897385073806494410959963118706647645741065022099471703157137719745329483651697091715990039867856095503627848912747997752817220409077532140407542424807929035441808867328.00
    卫星 Prn=31 Snr=49.9 Angle=98.6 Quality=8876965363392006683896686406662892742631935607775781124567860367072844101467529341139897385073806494410959963118706647645741065022099471703157137719745329483651697091715990039867856095503627848912747997752817220409077532140407542424807929035441808867328.00
    卫星 Prn=34 Snr=49.9 Angle=98.5 Quality=8876965363392006683896686406662892742631935607775781124567860367072844101467529341139897385073806494410959963118706647645741065022099471703157137719745329483651697091715990039867856095503627848912747997752817220409077532140407542424807929035441808867328.00

---- 报警时刻 code=25 天线对(1,5) t=5049.0s ----
  频点 Sys=BDS Type=B3I Alarm=1 来向角度=111.00° 被欺骗卫星数=12
    卫星 Prn=1 Snr=56.7 Angle=95.9 Quality=0.00
    卫星 Prn=2 Snr=56.7 Angle=96.0 Quality=8876965363392006683896686406662892742631935607775781124567860367072844101467529341139897385073806494410959963118706647645741065022099471703157137719745329483651697091715990039867856095503627848912747997752817220409077532140407542424807929035441808867328.00
    卫星 Prn=3 Snr=56.7 Angle=95.9 Quality=8876965363392006683896686406662892742631935607775781124567860367072844101467529341139897385073806494410959963118706647645741065022099471703157137719745329483651697091715990039867856095503627848912747997752817220409077532140407542424807929035441808867328.00
    卫星 Prn=4 Snr=56.7 Angle=96.0 Quality=8876965363392006683896686406662892742631935607775781124567860367072844101467529341139897385073806494410959963118706647645741065022099471703157137719745329483651697091715990039867856095503627848912747997752817220409077532140407542424807929035441808867328.00
    卫星 Prn=6 Snr=56.7 Angle=96.1 Quality=8876965363392006683896686406662892742631935607775781124567860367072844101467529341139897385073806494410959963118706647645741065022099471703157137719745329483651697091715990039867856095503627848912747997752817220409077532140407542424807929035441808867328.00
    卫星 Prn=7 Snr=56.7 Angle=95.9 Quality=8876965363392006683896686406662892742631935607775781124567860367072844101467529341139897385073806494410959963118706647645741065022099471703157137719745329483651697091715990039867856095503627848912747997752817220409077532140407542424807929035441808867328.00
    卫星 Prn=8 Snr=56.7 Angle=95.9 Quality=8876965363392006683896686406662892742631935607775781124567860367072844101467529341139897385073806494410959963118706647645741065022099471703157137719745329483651697091715990039867856095503627848912747997752817220409077532140407542424807929035441808867328.00
    卫星 Prn=9 Snr=56.6 Angle=95.9 Quality=8876965363392006683896686406662892742631935607775781124567860367072844101467529341139897385073806494410959963118706647645741065022099471703157137719745329483651697091715990039867856095503627848912747997752817220409077532140407542424807929035441808867328.00
    卫星 Prn=10 Snr=56.7 Angle=96.0 Quality=8876965363392006683896686406662892742631935607775781124567860367072844101467529341139897385073806494410959963118706647645741065022099471703157137719745329483651697091715990039867856095503627848912747997752817220409077532140407542424807929035441808867328.00
    卫星 Prn=14 Snr=56.7 Angle=96.0 Quality=8876965363392006683896686406662892742631935607775781124567860367072844101467529341139897385073806494410959963118706647645741065022099471703157137719745329483651697091715990039867856095503627848912747997752817220409077532140407542424807929035441808867328.00
    卫星 Prn=21 Snr=56.6 Angle=95.9 Quality=8876965363392006683896686406662892742631935607775781124567860367072844101467529341139897385073806494410959963118706647645741065022099471703157137719745329483651697091715990039867856095503627848912747997752817220409077532140407542424807929035441808867328.00
    卫星 Prn=26 Snr=56.6 Angle=96.1 Quality=8876965363392006683896686406662892742631935607775781124567860367072844101467529341139897385073806494410959963118706647645741065022099471703157137719745329483651697091715990039867856095503627848912747997752817220409077532140407542424807929035441808867328.00

---- 报警时刻 code=25 天线对(1,5) t=5049.0s ----
  频点 Sys=BDS Type=B1C Alarm=1 来向角度=111.00° 被欺骗卫星数=7
    卫星 Prn=6 Snr=48.5 Angle=98.4 Quality=0.00
    卫星 Prn=7 Snr=48.4 Angle=98.6 Quality=8876965363392006683896686406662892742631935607775781124567860367072844101467529341139897385073806494410959963118706647645741065022099471703157137719745329483651697091715990039867856095503627848912747997752817220409077532140407542424807929035441808867328.00
    卫星 Prn=8 Snr=48.4 Angle=98.6 Quality=8876965363392006683896686406662892742631935607775781124567860367072844101467529341139897385073806494410959963118706647645741065022099471703157137719745329483651697091715990039867856095503627848912747997752817220409077532140407542424807929035441808867328.00
    卫星 Prn=14 Snr=48.5 Angle=98.6 Quality=8876965363392006683896686406662892742631935607775781124567860367072844101467529341139897385073806494410959963118706647645741065022099471703157137719745329483651697091715990039867856095503627848912747997752817220409077532140407542424807929035441808867328.00
    卫星 Prn=21 Snr=48.3 Angle=98.6 Quality=8876965363392006683896686406662892742631935607775781124567860367072844101467529341139897385073806494410959963118706647645741065022099471703157137719745329483651697091715990039867856095503627848912747997752817220409077532140407542424807929035441808867328.00
    卫星 Prn=24 Snr=48.3 Angle=98.6 Quality=8876965363392006683896686406662892742631935607775781124567860367072844101467529341139897385073806494410959963118706647645741065022099471703157137719745329483651697091715990039867856095503627848912747997752817220409077532140407542424807929035441808867328.00
    卫星 Prn=26 Snr=48.3 Angle=98.5 Quality=8876965363392006683896686406662892742631935607775781124567860367072844101467529341139897385073806494410959963118706647645741065022099471703157137719745329483651697091715990039867856095503627848912747997752817220409077532140407542424807929035441808867328.00

---- 报警时刻 code=25 天线对(1,5) t=5049.0s ----
  频点 Sys=BDS Type=B2a Alarm=1 来向角度=110.00° 被欺骗卫星数=7
    卫星 Prn=6 Snr=55.7 Angle=98.3 Quality=0.00
    卫星 Prn=7 Snr=55.7 Angle=98.2 Quality=8876965363392006683896686406662892742631935607775781124567860367072844101467529341139897385073806494410959963118706647645741065022099471703157137719745329483651697091715990039867856095503627848912747997752817220409077532140407542424807929035441808867328.00
    卫星 Prn=8 Snr=55.7 Angle=98.3 Quality=8876965363392006683896686406662892742631935607775781124567860367072844101467529341139897385073806494410959963118706647645741065022099471703157137719745329483651697091715990039867856095503627848912747997752817220409077532140407542424807929035441808867328.00
    卫星 Prn=14 Snr=55.7 Angle=98.3 Quality=8876965363392006683896686406662892742631935607775781124567860367072844101467529341139897385073806494410959963118706647645741065022099471703157137719745329483651697091715990039867856095503627848912747997752817220409077532140407542424807929035441808867328.00
    卫星 Prn=21 Snr=55.7 Angle=98.1 Quality=8876965363392006683896686406662892742631935607775781124567860367072844101467529341139897385073806494410959963118706647645741065022099471703157137719745329483651697091715990039867856095503627848912747997752817220409077532140407542424807929035441808867328.00
    卫星 Prn=24 Snr=55.7 Angle=98.1 Quality=8876965363392006683896686406662892742631935607775781124567860367072844101467529341139897385073806494410959963118706647645741065022099471703157137719745329483651697091715990039867856095503627848912747997752817220409077532140407542424807929035441808867328.00
    卫星 Prn=26 Snr=55.7 Angle=98.2 Quality=8876965363392006683896686406662892742631935607775781124567860367072844101467529341139897385073806494410959963118706647645741065022099471703157137719745329483651697091715990039867856095503627848912747997752817220409077532140407542424807929035441808867328.00

---- 报警时刻 code=25 天线对(1,5) t=5049.0s ----
  频点 Sys=BDS Type=B2b Alarm=1 来向角度=112.00° 被欺骗卫星数=7
    卫星 Prn=6 Snr=54.9 Angle=98.0 Quality=0.00
    卫星 Prn=7 Snr=54.9 Angle=97.9 Quality=8876965363392006683896686406662892742631935607775781124567860367072844101467529341139897385073806494410959963118706647645741065022099471703157137719745329483651697091715990039867856095503627848912747997752817220409077532140407542424807929035441808867328.00
    卫星 Prn=8 Snr=54.8 Angle=98.0 Quality=8876965363392006683896686406662892742631935607775781124567860367072844101467529341139897385073806494410959963118706647645741065022099471703157137719745329483651697091715990039867856095503627848912747997752817220409077532140407542424807929035441808867328.00
    卫星 Prn=14 Snr=54.9 Angle=97.9 Quality=8876965363392006683896686406662892742631935607775781124567860367072844101467529341139897385073806494410959963118706647645741065022099471703157137719745329483651697091715990039867856095503627848912747997752817220409077532140407542424807929035441808867328.00
    卫星 Prn=21 Snr=54.9 Angle=97.9 Quality=8876965363392006683896686406662892742631935607775781124567860367072844101467529341139897385073806494410959963118706647645741065022099471703157137719745329483651697091715990039867856095503627848912747997752817220409077532140407542424807929035441808867328.00
    卫星 Prn=24 Snr=54.9 Angle=98.0 Quality=8876965363392006683896686406662892742631935607775781124567860367072844101467529341139897385073806494410959963118706647645741065022099471703157137719745329483651697091715990039867856095503627848912747997752817220409077532140407542424807929035441808867328.00
    卫星 Prn=26 Snr=54.8 Angle=98.0 Quality=8876965363392006683896686406662892742631935607775781124567860367072844101467529341139897385073806494410959963118706647645741065022099471703157137719745329483651697091715990039867856095503627848912747997752817220409077532140407542424807929035441808867328.00

---- 报警时刻 code=33 天线对(1,6) t=5058.0s ----
  频点 Sys=GPS Type=L1_CA Alarm=1 来向角度=111.00° 被欺骗卫星数=8
    卫星 Prn=3 Snr=49.9 Angle=98.7 Quality=0.00
    卫星 Prn=4 Snr=50.0 Angle=98.6 Quality=8876965363392006683896686406662892742631935607775781124567860367072844101467529341139897385073806494410959963118706647645741065022099471703157137719745329483651697091715990039867856095503627848912747997752817220409077532140407542424807929035441808867328.00
    卫星 Prn=16 Snr=49.7 Angle=-1 Quality=-1
    卫星 Prn=26 Snr=50.0 Angle=98.6 Quality=0.00
    卫星 Prn=28 Snr=50.1 Angle=98.6 Quality=8876965363392006683896686406662892742631935607775781124567860367072844101467529341139897385073806494410959963118706647645741065022099471703157137719745329483651697091715990039867856095503627848912747997752817220409077532140407542424807929035441808867328.00
    卫星 Prn=29 Snr=50.0 Angle=98.4 Quality=8876965363392006683896686406662892742631935607775781124567860367072844101467529341139897385073806494410959963118706647645741065022099471703157137719745329483651697091715990039867856095503627848912747997752817220409077532140407542424807929035441808867328.00
    卫星 Prn=31 Snr=50.1 Angle=-1 Quality=-1
    卫星 Prn=32 Snr=50.0 Angle=98.6 Quality=0.00

---- 报警时刻 code=33 天线对(1,6) t=5058.0s ----
  频点 Sys=Galileo Type=E1C Alarm=1 来向角度=111.00° 被欺骗卫星数=8
    卫星 Prn=4 Snr=49.9 Angle=98.7 Quality=0.00
    卫星 Prn=5 Snr=49.9 Angle=98.5 Quality=8876965363392006683896686406662892742631935607775781124567860367072844101467529341139897385073806494410959963118706647645741065022099471703157137719745329483651697091715990039867856095503627848912747997752817220409077532140407542424807929035441808867328.00
    卫星 Prn=6 Snr=50.0 Angle=98.5 Quality=8876965363392006683896686406662892742631935607775781124567860367072844101467529341139897385073806494410959963118706647645741065022099471703157137719745329483651697091715990039867856095503627848912747997752817220409077532140407542424807929035441808867328.00
    卫星 Prn=9 Snr=50.0 Angle=98.6 Quality=8876965363392006683896686406662892742631935607775781124567860367072844101467529341139897385073806494410959963118706647645741065022099471703157137719745329483651697091715990039867856095503627848912747997752817220409077532140407542424807929035441808867328.00
    卫星 Prn=14 Snr=49.9 Angle=98.6 Quality=8876965363392006683896686406662892742631935607775781124567860367072844101467529341139897385073806494410959963118706647645741065022099471703157137719745329483651697091715990039867856095503627848912747997752817220409077532140407542424807929035441808867328.00
    卫星 Prn=16 Snr=49.9 Angle=98.5 Quality=8876965363392006683896686406662892742631935607775781124567860367072844101467529341139897385073806494410959963118706647645741065022099471703157137719745329483651697091715990039867856095503627848912747997752817220409077532140407542424807929035441808867328.00
    卫星 Prn=31 Snr=49.9 Angle=98.6 Quality=8876965363392006683896686406662892742631935607775781124567860367072844101467529341139897385073806494410959963118706647645741065022099471703157137719745329483651697091715990039867856095503627848912747997752817220409077532140407542424807929035441808867328.00
    卫星 Prn=34 Snr=49.9 Angle=98.5 Quality=8876965363392006683896686406662892742631935607775781124567860367072844101467529341139897385073806494410959963118706647645741065022099471703157137719745329483651697091715990039867856095503627848912747997752817220409077532140407542424807929035441808867328.00

---- 报警时刻 code=33 天线对(1,6) t=5058.0s ----
  频点 Sys=BDS Type=B3I Alarm=1 来向角度=111.00° 被欺骗卫星数=11
    卫星 Prn=1 Snr=56.7 Angle=96.2 Quality=0.00
    卫星 Prn=2 Snr=56.7 Angle=96.3 Quality=8876965363392006683896686406662892742631935607775781124567860367072844101467529341139897385073806494410959963118706647645741065022099471703157137719745329483651697091715990039867856095503627848912747997752817220409077532140407542424807929035441808867328.00
    卫星 Prn=4 Snr=56.7 Angle=96.3 Quality=8876965363392006683896686406662892742631935607775781124567860367072844101467529341139897385073806494410959963118706647645741065022099471703157137719745329483651697091715990039867856095503627848912747997752817220409077532140407542424807929035441808867328.00
    卫星 Prn=6 Snr=56.7 Angle=96.4 Quality=8876965363392006683896686406662892742631935607775781124567860367072844101467529341139897385073806494410959963118706647645741065022099471703157137719745329483651697091715990039867856095503627848912747997752817220409077532140407542424807929035441808867328.00
    卫星 Prn=7 Snr=56.7 Angle=96.2 Quality=8876965363392006683896686406662892742631935607775781124567860367072844101467529341139897385073806494410959963118706647645741065022099471703157137719745329483651697091715990039867856095503627848912747997752817220409077532140407542424807929035441808867328.00
    卫星 Prn=8 Snr=56.7 Angle=96.2 Quality=8876965363392006683896686406662892742631935607775781124567860367072844101467529341139897385073806494410959963118706647645741065022099471703157137719745329483651697091715990039867856095503627848912747997752817220409077532140407542424807929035441808867328.00
    卫星 Prn=9 Snr=56.6 Angle=96.2 Quality=8876965363392006683896686406662892742631935607775781124567860367072844101467529341139897385073806494410959963118706647645741065022099471703157137719745329483651697091715990039867856095503627848912747997752817220409077532140407542424807929035441808867328.00
    卫星 Prn=10 Snr=56.7 Angle=96.3 Quality=8876965363392006683896686406662892742631935607775781124567860367072844101467529341139897385073806494410959963118706647645741065022099471703157137719745329483651697091715990039867856095503627848912747997752817220409077532140407542424807929035441808867328.00
    卫星 Prn=14 Snr=56.7 Angle=96.3 Quality=8876965363392006683896686406662892742631935607775781124567860367072844101467529341139897385073806494410959963118706647645741065022099471703157137719745329483651697091715990039867856095503627848912747997752817220409077532140407542424807929035441808867328.00
    卫星 Prn=21 Snr=56.6 Angle=96.1 Quality=8876965363392006683896686406662892742631935607775781124567860367072844101467529341139897385073806494410959963118706647645741065022099471703157137719745329483651697091715990039867856095503627848912747997752817220409077532140407542424807929035441808867328.00
    卫星 Prn=26 Snr=56.6 Angle=96.4 Quality=8876965363392006683896686406662892742631935607775781124567860367072844101467529341139897385073806494410959963118706647645741065022099471703157137719745329483651697091715990039867856095503627848912747997752817220409077532140407542424807929035441808867328.00

---- 报警时刻 code=33 天线对(1,6) t=5058.0s ----
  频点 Sys=BDS Type=B1C Alarm=1 来向角度=111.00° 被欺骗卫星数=6
    卫星 Prn=6 Snr=48.5 Angle=98.4 Quality=0.00
    卫星 Prn=7 Snr=48.4 Angle=98.5 Quality=8876965363392006683896686406662892742631935607775781124567860367072844101467529341139897385073806494410959963118706647645741065022099471703157137719745329483651697091715990039867856095503627848912747997752817220409077532140407542424807929035441808867328.00
    卫星 Prn=8 Snr=48.4 Angle=98.6 Quality=8876965363392006683896686406662892742631935607775781124567860367072844101467529341139897385073806494410959963118706647645741065022099471703157137719745329483651697091715990039867856095503627848912747997752817220409077532140407542424807929035441808867328.00
    卫星 Prn=21 Snr=48.3 Angle=98.6 Quality=8876965363392006683896686406662892742631935607775781124567860367072844101467529341139897385073806494410959963118706647645741065022099471703157137719745329483651697091715990039867856095503627848912747997752817220409077532140407542424807929035441808867328.00
    卫星 Prn=24 Snr=48.3 Angle=98.6 Quality=8876965363392006683896686406662892742631935607775781124567860367072844101467529341139897385073806494410959963118706647645741065022099471703157137719745329483651697091715990039867856095503627848912747997752817220409077532140407542424807929035441808867328.00
    卫星 Prn=26 Snr=48.3 Angle=98.5 Quality=8876965363392006683896686406662892742631935607775781124567860367072844101467529341139897385073806494410959963118706647645741065022099471703157137719745329483651697091715990039867856095503627848912747997752817220409077532140407542424807929035441808867328.00

---- 报警时刻 code=33 天线对(1,6) t=5058.0s ----
  频点 Sys=BDS Type=B2a Alarm=1 来向角度=110.00° 被欺骗卫星数=7
    卫星 Prn=6 Snr=55.7 Angle=98.7 Quality=0.00
    卫星 Prn=7 Snr=55.7 Angle=98.9 Quality=8876965363392006683896686406662892742631935607775781124567860367072844101467529341139897385073806494410959963118706647645741065022099471703157137719745329483651697091715990039867856095503627848912747997752817220409077532140407542424807929035441808867328.00
    卫星 Prn=8 Snr=55.7 Angle=98.7 Quality=8876965363392006683896686406662892742631935607775781124567860367072844101467529341139897385073806494410959963118706647645741065022099471703157137719745329483651697091715990039867856095503627848912747997752817220409077532140407542424807929035441808867328.00
    卫星 Prn=14 Snr=55.7 Angle=98.8 Quality=8876965363392006683896686406662892742631935607775781124567860367072844101467529341139897385073806494410959963118706647645741065022099471703157137719745329483651697091715990039867856095503627848912747997752817220409077532140407542424807929035441808867328.00
    卫星 Prn=21 Snr=55.7 Angle=98.7 Quality=8876965363392006683896686406662892742631935607775781124567860367072844101467529341139897385073806494410959963118706647645741065022099471703157137719745329483651697091715990039867856095503627848912747997752817220409077532140407542424807929035441808867328.00
    卫星 Prn=24 Snr=55.7 Angle=98.6 Quality=8876965363392006683896686406662892742631935607775781124567860367072844101467529341139897385073806494410959963118706647645741065022099471703157137719745329483651697091715990039867856095503627848912747997752817220409077532140407542424807929035441808867328.00
    卫星 Prn=26 Snr=55.7 Angle=98.7 Quality=8876965363392006683896686406662892742631935607775781124567860367072844101467529341139897385073806494410959963118706647645741065022099471703157137719745329483651697091715990039867856095503627848912747997752817220409077532140407542424807929035441808867328.00

---- 报警时刻 code=33 天线对(1,6) t=5058.0s ----
  频点 Sys=BDS Type=B2b Alarm=1 来向角度=111.71° 被欺骗卫星数=7
    卫星 Prn=6 Snr=54.9 Angle=97.7 Quality=0.00
    卫星 Prn=7 Snr=54.9 Angle=97.8 Quality=8876965363392006683896686406662892742631935607775781124567860367072844101467529341139897385073806494410959963118706647645741065022099471703157137719745329483651697091715990039867856095503627848912747997752817220409077532140407542424807929035441808867328.00
    卫星 Prn=8 Snr=54.8 Angle=97.8 Quality=8876965363392006683896686406662892742631935607775781124567860367072844101467529341139897385073806494410959963118706647645741065022099471703157137719745329483651697091715990039867856095503627848912747997752817220409077532140407542424807929035441808867328.00
    卫星 Prn=14 Snr=54.9 Angle=97.6 Quality=8876965363392006683896686406662892742631935607775781124567860367072844101467529341139897385073806494410959963118706647645741065022099471703157137719745329483651697091715990039867856095503627848912747997752817220409077532140407542424807929035441808867328.00
    卫星 Prn=21 Snr=54.9 Angle=97.7 Quality=8876965363392006683896686406662892742631935607775781124567860367072844101467529341139897385073806494410959963118706647645741065022099471703157137719745329483651697091715990039867856095503627848912747997752817220409077532140407542424807929035441808867328.00
    卫星 Prn=24 Snr=54.9 Angle=97.7 Quality=8876965363392006683896686406662892742631935607775781124567860367072844101467529341139897385073806494410959963118706647645741065022099471703157137719745329483651697091715990039867856095503627848912747997752817220409077532140407542424807929035441808867328.00
    卫星 Prn=26 Snr=54.8 Angle=97.6 Quality=8876965363392006683896686406662892742631935607775781124567860367072844101467529341139897385073806494410959963118706647645741065022099471703157137719745329483651697091715990039867856095503627848912747997752817220409077532140407542424807929035441808867328.00

---- 报警时刻 code=1 天线对(1,7) t=5067.0s ----
  频点 Sys=GPS Type=L1_CA Alarm=1 来向角度=111.00° 被欺骗卫星数=8
    卫星 Prn=3 Snr=49.9 Angle=98.7 Quality=0.00
    卫星 Prn=4 Snr=50.0 Angle=98.6 Quality=8876965363392006683896686406662892742631935607775781124567860367072844101467529341139897385073806494410959963118706647645741065022099471703157137719745329483651697091715990039867856095503627848912747997752817220409077532140407542424807929035441808867328.00
    卫星 Prn=16 Snr=49.5 Angle=-1 Quality=-1
    卫星 Prn=26 Snr=50.0 Angle=98.6 Quality=0.00
    卫星 Prn=28 Snr=50.1 Angle=98.6 Quality=8876965363392006683896686406662892742631935607775781124567860367072844101467529341139897385073806494410959963118706647645741065022099471703157137719745329483651697091715990039867856095503627848912747997752817220409077532140407542424807929035441808867328.00
    卫星 Prn=29 Snr=50.0 Angle=98.5 Quality=8876965363392006683896686406662892742631935607775781124567860367072844101467529341139897385073806494410959963118706647645741065022099471703157137719745329483651697091715990039867856095503627848912747997752817220409077532140407542424807929035441808867328.00
    卫星 Prn=31 Snr=50.1 Angle=98.1 Quality=8876965363392006683896686406662892742631935607775781124567860367072844101467529341139897385073806494410959963118706647645741065022099471703157137719745329483651697091715990039867856095503627848912747997752817220409077532140407542424807929035441808867328.00
    卫星 Prn=32 Snr=50.0 Angle=98.6 Quality=8876965363392006683896686406662892742631935607775781124567860367072844101467529341139897385073806494410959963118706647645741065022099471703157137719745329483651697091715990039867856095503627848912747997752817220409077532140407542424807929035441808867328.00

---- 报警时刻 code=1 天线对(1,7) t=5067.0s ----
  频点 Sys=Galileo Type=E1C Alarm=1 来向角度=111.00° 被欺骗卫星数=8
    卫星 Prn=4 Snr=49.9 Angle=98.7 Quality=0.00
    卫星 Prn=5 Snr=49.9 Angle=98.5 Quality=8876965363392006683896686406662892742631935607775781124567860367072844101467529341139897385073806494410959963118706647645741065022099471703157137719745329483651697091715990039867856095503627848912747997752817220409077532140407542424807929035441808867328.00
    卫星 Prn=6 Snr=50.0 Angle=98.6 Quality=8876965363392006683896686406662892742631935607775781124567860367072844101467529341139897385073806494410959963118706647645741065022099471703157137719745329483651697091715990039867856095503627848912747997752817220409077532140407542424807929035441808867328.00
    卫星 Prn=9 Snr=50.0 Angle=98.6 Quality=8876965363392006683896686406662892742631935607775781124567860367072844101467529341139897385073806494410959963118706647645741065022099471703157137719745329483651697091715990039867856095503627848912747997752817220409077532140407542424807929035441808867328.00
    卫星 Prn=14 Snr=49.9 Angle=98.6 Quality=8876965363392006683896686406662892742631935607775781124567860367072844101467529341139897385073806494410959963118706647645741065022099471703157137719745329483651697091715990039867856095503627848912747997752817220409077532140407542424807929035441808867328.00
    卫星 Prn=16 Snr=49.9 Angle=98.5 Quality=8876965363392006683896686406662892742631935607775781124567860367072844101467529341139897385073806494410959963118706647645741065022099471703157137719745329483651697091715990039867856095503627848912747997752817220409077532140407542424807929035441808867328.00
    卫星 Prn=31 Snr=49.9 Angle=98.6 Quality=8876965363392006683896686406662892742631935607775781124567860367072844101467529341139897385073806494410959963118706647645741065022099471703157137719745329483651697091715990039867856095503627848912747997752817220409077532140407542424807929035441808867328.00
    卫星 Prn=34 Snr=49.9 Angle=98.5 Quality=8876965363392006683896686406662892742631935607775781124567860367072844101467529341139897385073806494410959963118706647645741065022099471703157137719745329483651697091715990039867856095503627848912747997752817220409077532140407542424807929035441808867328.00

---- 报警时刻 code=1 天线对(1,7) t=5067.0s ----
  频点 Sys=BDS Type=B3I Alarm=1 来向角度=111.00° 被欺骗卫星数=12
    卫星 Prn=1 Snr=56.7 Angle=96.0 Quality=0.00
    卫星 Prn=2 Snr=56.7 Angle=96.1 Quality=8876965363392006683896686406662892742631935607775781124567860367072844101467529341139897385073806494410959963118706647645741065022099471703157137719745329483651697091715990039867856095503627848912747997752817220409077532140407542424807929035441808867328.00
    卫星 Prn=3 Snr=56.7 Angle=95.7 Quality=8876965363392006683896686406662892742631935607775781124567860367072844101467529341139897385073806494410959963118706647645741065022099471703157137719745329483651697091715990039867856095503627848912747997752817220409077532140407542424807929035441808867328.00
    卫星 Prn=4 Snr=56.7 Angle=96.1 Quality=8876965363392006683896686406662892742631935607775781124567860367072844101467529341139897385073806494410959963118706647645741065022099471703157137719745329483651697091715990039867856095503627848912747997752817220409077532140407542424807929035441808867328.00
    卫星 Prn=6 Snr=56.7 Angle=96.2 Quality=8876965363392006683896686406662892742631935607775781124567860367072844101467529341139897385073806494410959963118706647645741065022099471703157137719745329483651697091715990039867856095503627848912747997752817220409077532140407542424807929035441808867328.00
    卫星 Prn=7 Snr=56.7 Angle=96.0 Quality=8876965363392006683896686406662892742631935607775781124567860367072844101467529341139897385073806494410959963118706647645741065022099471703157137719745329483651697091715990039867856095503627848912747997752817220409077532140407542424807929035441808867328.00
    卫星 Prn=8 Snr=56.7 Angle=96.1 Quality=8876965363392006683896686406662892742631935607775781124567860367072844101467529341139897385073806494410959963118706647645741065022099471703157137719745329483651697091715990039867856095503627848912747997752817220409077532140407542424807929035441808867328.00
    卫星 Prn=9 Snr=56.6 Angle=96.1 Quality=8876965363392006683896686406662892742631935607775781124567860367072844101467529341139897385073806494410959963118706647645741065022099471703157137719745329483651697091715990039867856095503627848912747997752817220409077532140407542424807929035441808867328.00
    卫星 Prn=10 Snr=56.7 Angle=96.2 Quality=8876965363392006683896686406662892742631935607775781124567860367072844101467529341139897385073806494410959963118706647645741065022099471703157137719745329483651697091715990039867856095503627848912747997752817220409077532140407542424807929035441808867328.00
    卫星 Prn=14 Snr=56.7 Angle=96.1 Quality=8876965363392006683896686406662892742631935607775781124567860367072844101467529341139897385073806494410959963118706647645741065022099471703157137719745329483651697091715990039867856095503627848912747997752817220409077532140407542424807929035441808867328.00
    卫星 Prn=21 Snr=56.6 Angle=96.0 Quality=8876965363392006683896686406662892742631935607775781124567860367072844101467529341139897385073806494410959963118706647645741065022099471703157137719745329483651697091715990039867856095503627848912747997752817220409077532140407542424807929035441808867328.00
    卫星 Prn=26 Snr=56.6 Angle=96.3 Quality=8876965363392006683896686406662892742631935607775781124567860367072844101467529341139897385073806494410959963118706647645741065022099471703157137719745329483651697091715990039867856095503627848912747997752817220409077532140407542424807929035441808867328.00

---- 报警时刻 code=1 天线对(1,7) t=5067.0s ----
  频点 Sys=BDS Type=B1C Alarm=1 来向角度=111.00° 被欺骗卫星数=7
    卫星 Prn=6 Snr=48.5 Angle=98.4 Quality=0.00
    卫星 Prn=7 Snr=48.4 Angle=98.5 Quality=8876965363392006683896686406662892742631935607775781124567860367072844101467529341139897385073806494410959963118706647645741065022099471703157137719745329483651697091715990039867856095503627848912747997752817220409077532140407542424807929035441808867328.00
    卫星 Prn=8 Snr=48.4 Angle=98.6 Quality=8876965363392006683896686406662892742631935607775781124567860367072844101467529341139897385073806494410959963118706647645741065022099471703157137719745329483651697091715990039867856095503627848912747997752817220409077532140407542424807929035441808867328.00
    卫星 Prn=14 Snr=48.5 Angle=98.6 Quality=8876965363392006683896686406662892742631935607775781124567860367072844101467529341139897385073806494410959963118706647645741065022099471703157137719745329483651697091715990039867856095503627848912747997752817220409077532140407542424807929035441808867328.00
    卫星 Prn=21 Snr=48.3 Angle=98.6 Quality=8876965363392006683896686406662892742631935607775781124567860367072844101467529341139897385073806494410959963118706647645741065022099471703157137719745329483651697091715990039867856095503627848912747997752817220409077532140407542424807929035441808867328.00
    卫星 Prn=24 Snr=48.3 Angle=98.6 Quality=8876965363392006683896686406662892742631935607775781124567860367072844101467529341139897385073806494410959963118706647645741065022099471703157137719745329483651697091715990039867856095503627848912747997752817220409077532140407542424807929035441808867328.00
    卫星 Prn=26 Snr=48.3 Angle=98.5 Quality=8876965363392006683896686406662892742631935607775781124567860367072844101467529341139897385073806494410959963118706647645741065022099471703157137719745329483651697091715990039867856095503627848912747997752817220409077532140407542424807929035441808867328.00

---- 报警时刻 code=1 天线对(1,7) t=5067.0s ----
  频点 Sys=BDS Type=B2a Alarm=1 来向角度=110.00° 被欺骗卫星数=7
    卫星 Prn=6 Snr=55.7 Angle=98.5 Quality=0.00
    卫星 Prn=7 Snr=55.7 Angle=98.8 Quality=8876965363392006683896686406662892742631935607775781124567860367072844101467529341139897385073806494410959963118706647645741065022099471703157137719745329483651697091715990039867856095503627848912747997752817220409077532140407542424807929035441808867328.00
    卫星 Prn=8 Snr=55.7 Angle=98.6 Quality=8876965363392006683896686406662892742631935607775781124567860367072844101467529341139897385073806494410959963118706647645741065022099471703157137719745329483651697091715990039867856095503627848912747997752817220409077532140407542424807929035441808867328.00
    卫星 Prn=14 Snr=55.7 Angle=98.7 Quality=8876965363392006683896686406662892742631935607775781124567860367072844101467529341139897385073806494410959963118706647645741065022099471703157137719745329483651697091715990039867856095503627848912747997752817220409077532140407542424807929035441808867328.00
    卫星 Prn=21 Snr=55.7 Angle=98.6 Quality=8876965363392006683896686406662892742631935607775781124567860367072844101467529341139897385073806494410959963118706647645741065022099471703157137719745329483651697091715990039867856095503627848912747997752817220409077532140407542424807929035441808867328.00
    卫星 Prn=24 Snr=55.7 Angle=98.5 Quality=8876965363392006683896686406662892742631935607775781124567860367072844101467529341139897385073806494410959963118706647645741065022099471703157137719745329483651697091715990039867856095503627848912747997752817220409077532140407542424807929035441808867328.00
    卫星 Prn=26 Snr=55.7 Angle=98.6 Quality=8876965363392006683896686406662892742631935607775781124567860367072844101467529341139897385073806494410959963118706647645741065022099471703157137719745329483651697091715990039867856095503627848912747997752817220409077532140407542424807929035441808867328.00

---- 报警时刻 code=1 天线对(1,7) t=5067.0s ----
  频点 Sys=BDS Type=B2b Alarm=1 来向角度=111.00° 被欺骗卫星数=7
    卫星 Prn=6 Snr=54.9 Angle=97.7 Quality=0.00
    卫星 Prn=7 Snr=54.9 Angle=97.7 Quality=8876965363392006683896686406662892742631935607775781124567860367072844101467529341139897385073806494410959963118706647645741065022099471703157137719745329483651697091715990039867856095503627848912747997752817220409077532140407542424807929035441808867328.00
    卫星 Prn=8 Snr=54.8 Angle=97.8 Quality=8876965363392006683896686406662892742631935607775781124567860367072844101467529341139897385073806494410959963118706647645741065022099471703157137719745329483651697091715990039867856095503627848912747997752817220409077532140407542424807929035441808867328.00
    卫星 Prn=14 Snr=54.9 Angle=97.6 Quality=8876965363392006683896686406662892742631935607775781124567860367072844101467529341139897385073806494410959963118706647645741065022099471703157137719745329483651697091715990039867856095503627848912747997752817220409077532140407542424807929035441808867328.00
    卫星 Prn=21 Snr=54.9 Angle=97.8 Quality=8876965363392006683896686406662892742631935607775781124567860367072844101467529341139897385073806494410959963118706647645741065022099471703157137719745329483651697091715990039867856095503627848912747997752817220409077532140407542424807929035441808867328.00
    卫星 Prn=24 Snr=54.9 Angle=97.7 Quality=8876965363392006683896686406662892742631935607775781124567860367072844101467529341139897385073806494410959963118706647645741065022099471703157137719745329483651697091715990039867856095503627848912747997752817220409077532140407542424807929035441808867328.00
    卫星 Prn=26 Snr=54.8 Angle=97.6 Quality=8876965363392006683896686406662892742631935607775781124567860367072844101467529341139897385073806494410959963118706647645741065022099471703157137719745329483651697091715990039867856095503627848912747997752817220409077532140407542424807929035441808867328.00

---- 报警时刻 code=9 天线对(1,2) t=5085.0s ----
  频点 Sys=GPS Type=L1_CA Alarm=1 来向角度=111.00° 被欺骗卫星数=7
    卫星 Prn=3 Snr=49.9 Angle=98.3 Quality=0.00
    卫星 Prn=4 Snr=50.0 Angle=98.3 Quality=8876965363392006683896686406662892742631935607775781124567860367072844101467529341139897385073806494410959963118706647645741065022099471703157137719745329483651697091715990039867856095503627848912747997752817220409077532140407542424807929035441808867328.00
    卫星 Prn=16 Snr=49.9 Angle=-1 Quality=-1
    卫星 Prn=26 Snr=50.0 Angle=98.4 Quality=0.00
    卫星 Prn=28 Snr=50.1 Angle=98.3 Quality=8876965363392006683896686406662892742631935607775781124567860367072844101467529341139897385073806494410959963118706647645741065022099471703157137719745329483651697091715990039867856095503627848912747997752817220409077532140407542424807929035441808867328.00
    卫星 Prn=29 Snr=50.0 Angle=98.2 Quality=8876965363392006683896686406662892742631935607775781124567860367072844101467529341139897385073806494410959963118706647645741065022099471703157137719745329483651697091715990039867856095503627848912747997752817220409077532140407542424807929035441808867328.00
    卫星 Prn=32 Snr=50.0 Angle=98.3 Quality=8876965363392006683896686406662892742631935607775781124567860367072844101467529341139897385073806494410959963118706647645741065022099471703157137719745329483651697091715990039867856095503627848912747997752817220409077532140407542424807929035441808867328.00

---- 报警时刻 code=9 天线对(1,2) t=5085.0s ----
  频点 Sys=GLONASS Type=G1 Alarm=1 来向角度=-1 被欺骗卫星数=4
    卫星 Prn=7 Snr=60.2 Angle=-1 Quality=-1
    卫星 Prn=8 Snr=59.8 Angle=-1 Quality=-1
    卫星 Prn=9 Snr=59.3 Angle=-1 Quality=-1
    卫星 Prn=16 Snr=58.9 Angle=-1 Quality=-1

---- 报警时刻 code=9 天线对(1,2) t=5085.0s ----
  频点 Sys=Galileo Type=E1C Alarm=1 来向角度=111.00° 被欺骗卫星数=8
    卫星 Prn=4 Snr=49.9 Angle=98.3 Quality=0.00
    卫星 Prn=5 Snr=49.9 Angle=98.2 Quality=8876965363392006683896686406662892742631935607775781124567860367072844101467529341139897385073806494410959963118706647645741065022099471703157137719745329483651697091715990039867856095503627848912747997752817220409077532140407542424807929035441808867328.00
    卫星 Prn=6 Snr=50.0 Angle=98.3 Quality=8876965363392006683896686406662892742631935607775781124567860367072844101467529341139897385073806494410959963118706647645741065022099471703157137719745329483651697091715990039867856095503627848912747997752817220409077532140407542424807929035441808867328.00
    卫星 Prn=9 Snr=50.0 Angle=98.2 Quality=8876965363392006683896686406662892742631935607775781124567860367072844101467529341139897385073806494410959963118706647645741065022099471703157137719745329483651697091715990039867856095503627848912747997752817220409077532140407542424807929035441808867328.00
    卫星 Prn=14 Snr=49.9 Angle=98.2 Quality=8876965363392006683896686406662892742631935607775781124567860367072844101467529341139897385073806494410959963118706647645741065022099471703157137719745329483651697091715990039867856095503627848912747997752817220409077532140407542424807929035441808867328.00
    卫星 Prn=16 Snr=49.9 Angle=98.4 Quality=8876965363392006683896686406662892742631935607775781124567860367072844101467529341139897385073806494410959963118706647645741065022099471703157137719745329483651697091715990039867856095503627848912747997752817220409077532140407542424807929035441808867328.00
    卫星 Prn=31 Snr=49.9 Angle=98.2 Quality=8876965363392006683896686406662892742631935607775781124567860367072844101467529341139897385073806494410959963118706647645741065022099471703157137719745329483651697091715990039867856095503627848912747997752817220409077532140407542424807929035441808867328.00
    卫星 Prn=34 Snr=49.9 Angle=98.3 Quality=8876965363392006683896686406662892742631935607775781124567860367072844101467529341139897385073806494410959963118706647645741065022099471703157137719745329483651697091715990039867856095503627848912747997752817220409077532140407542424807929035441808867328.00

---- 报警时刻 code=9 天线对(1,2) t=5085.0s ----
  频点 Sys=BDS Type=B3I Alarm=1 来向角度=111.00° 被欺骗卫星数=12
    卫星 Prn=1 Snr=56.6 Angle=96.0 Quality=0.00
    卫星 Prn=2 Snr=56.6 Angle=96.2 Quality=8876965363392006683896686406662892742631935607775781124567860367072844101467529341139897385073806494410959963118706647645741065022099471703157137719745329483651697091715990039867856095503627848912747997752817220409077532140407542424807929035441808867328.00
    卫星 Prn=3 Snr=56.6 Angle=95.9 Quality=8876965363392006683896686406662892742631935607775781124567860367072844101467529341139897385073806494410959963118706647645741065022099471703157137719745329483651697091715990039867856095503627848912747997752817220409077532140407542424807929035441808867328.00
    卫星 Prn=4 Snr=56.6 Angle=96.3 Quality=8876965363392006683896686406662892742631935607775781124567860367072844101467529341139897385073806494410959963118706647645741065022099471703157137719745329483651697091715990039867856095503627848912747997752817220409077532140407542424807929035441808867328.00
    卫星 Prn=6 Snr=56.6 Angle=96.3 Quality=8876965363392006683896686406662892742631935607775781124567860367072844101467529341139897385073806494410959963118706647645741065022099471703157137719745329483651697091715990039867856095503627848912747997752817220409077532140407542424807929035441808867328.00
    卫星 Prn=7 Snr=56.6 Angle=96.1 Quality=8876965363392006683896686406662892742631935607775781124567860367072844101467529341139897385073806494410959963118706647645741065022099471703157137719745329483651697091715990039867856095503627848912747997752817220409077532140407542424807929035441808867328.00
    卫星 Prn=8 Snr=56.6 Angle=96.2 Quality=8876965363392006683896686406662892742631935607775781124567860367072844101467529341139897385073806494410959963118706647645741065022099471703157137719745329483651697091715990039867856095503627848912747997752817220409077532140407542424807929035441808867328.00
    卫星 Prn=9 Snr=56.6 Angle=96.2 Quality=8876965363392006683896686406662892742631935607775781124567860367072844101467529341139897385073806494410959963118706647645741065022099471703157137719745329483651697091715990039867856095503627848912747997752817220409077532140407542424807929035441808867328.00
    卫星 Prn=10 Snr=56.6 Angle=96.3 Quality=8876965363392006683896686406662892742631935607775781124567860367072844101467529341139897385073806494410959963118706647645741065022099471703157137719745329483651697091715990039867856095503627848912747997752817220409077532140407542424807929035441808867328.00
    卫星 Prn=14 Snr=56.6 Angle=96.2 Quality=8876965363392006683896686406662892742631935607775781124567860367072844101467529341139897385073806494410959963118706647645741065022099471703157137719745329483651697091715990039867856095503627848912747997752817220409077532140407542424807929035441808867328.00
    卫星 Prn=21 Snr=56.6 Angle=96.2 Quality=8876965363392006683896686406662892742631935607775781124567860367072844101467529341139897385073806494410959963118706647645741065022099471703157137719745329483651697091715990039867856095503627848912747997752817220409077532140407542424807929035441808867328.00
    卫星 Prn=26 Snr=56.6 Angle=96.4 Quality=8876965363392006683896686406662892742631935607775781124567860367072844101467529341139897385073806494410959963118706647645741065022099471703157137719745329483651697091715990039867856095503627848912747997752817220409077532140407542424807929035441808867328.00

---- 报警时刻 code=9 天线对(1,2) t=5085.0s ----
  频点 Sys=BDS Type=B1C Alarm=1 来向角度=111.00° 被欺骗卫星数=7
    卫星 Prn=6 Snr=48.5 Angle=98.3 Quality=0.00
    卫星 Prn=7 Snr=48.4 Angle=98.1 Quality=8876965363392006683896686406662892742631935607775781124567860367072844101467529341139897385073806494410959963118706647645741065022099471703157137719745329483651697091715990039867856095503627848912747997752817220409077532140407542424807929035441808867328.00
    卫星 Prn=8 Snr=48.4 Angle=98.3 Quality=8876965363392006683896686406662892742631935607775781124567860367072844101467529341139897385073806494410959963118706647645741065022099471703157137719745329483651697091715990039867856095503627848912747997752817220409077532140407542424807929035441808867328.00
    卫星 Prn=14 Snr=48.5 Angle=98.3 Quality=8876965363392006683896686406662892742631935607775781124567860367072844101467529341139897385073806494410959963118706647645741065022099471703157137719745329483651697091715990039867856095503627848912747997752817220409077532140407542424807929035441808867328.00
    卫星 Prn=21 Snr=48.3 Angle=98.2 Quality=8876965363392006683896686406662892742631935607775781124567860367072844101467529341139897385073806494410959963118706647645741065022099471703157137719745329483651697091715990039867856095503627848912747997752817220409077532140407542424807929035441808867328.00
    卫星 Prn=24 Snr=48.3 Angle=98.4 Quality=8876965363392006683896686406662892742631935607775781124567860367072844101467529341139897385073806494410959963118706647645741065022099471703157137719745329483651697091715990039867856095503627848912747997752817220409077532140407542424807929035441808867328.00
    卫星 Prn=26 Snr=48.3 Angle=98.4 Quality=8876965363392006683896686406662892742631935607775781124567860367072844101467529341139897385073806494410959963118706647645741065022099471703157137719745329483651697091715990039867856095503627848912747997752817220409077532140407542424807929035441808867328.00

---- 报警时刻 code=9 天线对(1,2) t=5085.0s ----
  频点 Sys=BDS Type=B2a Alarm=1 来向角度=110.00° 被欺骗卫星数=6
    卫星 Prn=6 Snr=55.7 Angle=98.5 Quality=0.00
    卫星 Prn=7 Snr=55.7 Angle=98.8 Quality=8876965363392006683896686406662892742631935607775781124567860367072844101467529341139897385073806494410959963118706647645741065022099471703157137719745329483651697091715990039867856095503627848912747997752817220409077532140407542424807929035441808867328.00
    卫星 Prn=8 Snr=55.7 Angle=98.6 Quality=8876965363392006683896686406662892742631935607775781124567860367072844101467529341139897385073806494410959963118706647645741065022099471703157137719745329483651697091715990039867856095503627848912747997752817220409077532140407542424807929035441808867328.00
    卫星 Prn=14 Snr=55.7 Angle=98.6 Quality=8876965363392006683896686406662892742631935607775781124567860367072844101467529341139897385073806494410959963118706647645741065022099471703157137719745329483651697091715990039867856095503627848912747997752817220409077532140407542424807929035441808867328.00
    卫星 Prn=24 Snr=55.7 Angle=98.4 Quality=8876965363392006683896686406662892742631935607775781124567860367072844101467529341139897385073806494410959963118706647645741065022099471703157137719745329483651697091715990039867856095503627848912747997752817220409077532140407542424807929035441808867328.00
    卫星 Prn=26 Snr=55.7 Angle=98.6 Quality=8876965363392006683896686406662892742631935607775781124567860367072844101467529341139897385073806494410959963118706647645741065022099471703157137719745329483651697091715990039867856095503627848912747997752817220409077532140407542424807929035441808867328.00

---- 报警时刻 code=9 天线对(1,2) t=5085.0s ----
  频点 Sys=BDS Type=B2b Alarm=1 来向角度=111.00° 被欺骗卫星数=7
    卫星 Prn=6 Snr=54.9 Angle=97.7 Quality=0.00
    卫星 Prn=7 Snr=54.9 Angle=97.8 Quality=8876965363392006683896686406662892742631935607775781124567860367072844101467529341139897385073806494410959963118706647645741065022099471703157137719745329483651697091715990039867856095503627848912747997752817220409077532140407542424807929035441808867328.00
    卫星 Prn=8 Snr=54.8 Angle=97.9 Quality=8876965363392006683896686406662892742631935607775781124567860367072844101467529341139897385073806494410959963118706647645741065022099471703157137719745329483651697091715990039867856095503627848912747997752817220409077532140407542424807929035441808867328.00
    卫星 Prn=14 Snr=54.9 Angle=97.6 Quality=8876965363392006683896686406662892742631935607775781124567860367072844101467529341139897385073806494410959963118706647645741065022099471703157137719745329483651697091715990039867856095503627848912747997752817220409077532140407542424807929035441808867328.00
    卫星 Prn=21 Snr=54.9 Angle=97.8 Quality=8876965363392006683896686406662892742631935607775781124567860367072844101467529341139897385073806494410959963118706647645741065022099471703157137719745329483651697091715990039867856095503627848912747997752817220409077532140407542424807929035441808867328.00
    卫星 Prn=24 Snr=54.9 Angle=97.7 Quality=8876965363392006683896686406662892742631935607775781124567860367072844101467529341139897385073806494410959963118706647645741065022099471703157137719745329483651697091715990039867856095503627848912747997752817220409077532140407542424807929035441808867328.00
    卫星 Prn=26 Snr=54.8 Angle=97.7 Quality=8876965363392006683896686406662892742631935607775781124567860367072844101467529341139897385073806494410959963118706647645741065022099471703157137719745329483651697091715990039867856095503627848912747997752817220409077532140407542424807929035441808867328.00

---- 报警时刻 code=57 天线对(1,3) t=5094.0s ----
  频点 Sys=GPS Type=L1_CA Alarm=1 来向角度=111.00° 被欺骗卫星数=7
    卫星 Prn=3 Snr=49.9 Angle=98.3 Quality=0.00
    卫星 Prn=4 Snr=50.0 Angle=98.3 Quality=8876965363392006683896686406662892742631935607775781124567860367072844101467529341139897385073806494410959963118706647645741065022099471703157137719745329483651697091715990039867856095503627848912747997752817220409077532140407542424807929035441808867328.00
    卫星 Prn=26 Snr=50.0 Angle=98.4 Quality=8876965363392006683896686406662892742631935607775781124567860367072844101467529341139897385073806494410959963118706647645741065022099471703157137719745329483651697091715990039867856095503627848912747997752817220409077532140407542424807929035441808867328.00
    卫星 Prn=28 Snr=50.1 Angle=98.3 Quality=8876965363392006683896686406662892742631935607775781124567860367072844101467529341139897385073806494410959963118706647645741065022099471703157137719745329483651697091715990039867856095503627848912747997752817220409077532140407542424807929035441808867328.00
    卫星 Prn=29 Snr=50.0 Angle=98.2 Quality=8876965363392006683896686406662892742631935607775781124567860367072844101467529341139897385073806494410959963118706647645741065022099471703157137719745329483651697091715990039867856095503627848912747997752817220409077532140407542424807929035441808867328.00
    卫星 Prn=31 Snr=50.1 Angle=98.1 Quality=8876965363392006683896686406662892742631935607775781124567860367072844101467529341139897385073806494410959963118706647645741065022099471703157137719745329483651697091715990039867856095503627848912747997752817220409077532140407542424807929035441808867328.00
    卫星 Prn=32 Snr=50.0 Angle=98.3 Quality=8876965363392006683896686406662892742631935607775781124567860367072844101467529341139897385073806494410959963118706647645741065022099471703157137719745329483651697091715990039867856095503627848912747997752817220409077532140407542424807929035441808867328.00

---- 报警时刻 code=57 天线对(1,3) t=5094.0s ----
  频点 Sys=Galileo Type=E1C Alarm=1 来向角度=111.00° 被欺骗卫星数=8
    卫星 Prn=4 Snr=49.9 Angle=98.3 Quality=0.00
    卫星 Prn=5 Snr=49.9 Angle=98.2 Quality=8876965363392006683896686406662892742631935607775781124567860367072844101467529341139897385073806494410959963118706647645741065022099471703157137719745329483651697091715990039867856095503627848912747997752817220409077532140407542424807929035441808867328.00
    卫星 Prn=6 Snr=50.0 Angle=98.3 Quality=8876965363392006683896686406662892742631935607775781124567860367072844101467529341139897385073806494410959963118706647645741065022099471703157137719745329483651697091715990039867856095503627848912747997752817220409077532140407542424807929035441808867328.00
    卫星 Prn=9 Snr=50.0 Angle=98.2 Quality=8876965363392006683896686406662892742631935607775781124567860367072844101467529341139897385073806494410959963118706647645741065022099471703157137719745329483651697091715990039867856095503627848912747997752817220409077532140407542424807929035441808867328.00
    卫星 Prn=14 Snr=49.9 Angle=98.2 Quality=8876965363392006683896686406662892742631935607775781124567860367072844101467529341139897385073806494410959963118706647645741065022099471703157137719745329483651697091715990039867856095503627848912747997752817220409077532140407542424807929035441808867328.00
    卫星 Prn=16 Snr=49.9 Angle=98.3 Quality=8876965363392006683896686406662892742631935607775781124567860367072844101467529341139897385073806494410959963118706647645741065022099471703157137719745329483651697091715990039867856095503627848912747997752817220409077532140407542424807929035441808867328.00
    卫星 Prn=31 Snr=49.9 Angle=98.2 Quality=8876965363392006683896686406662892742631935607775781124567860367072844101467529341139897385073806494410959963118706647645741065022099471703157137719745329483651697091715990039867856095503627848912747997752817220409077532140407542424807929035441808867328.00
    卫星 Prn=34 Snr=49.9 Angle=98.3 Quality=8876965363392006683896686406662892742631935607775781124567860367072844101467529341139897385073806494410959963118706647645741065022099471703157137719745329483651697091715990039867856095503627848912747997752817220409077532140407542424807929035441808867328.00

---- 报警时刻 code=57 天线对(1,3) t=5094.0s ----
  频点 Sys=BDS Type=B3I Alarm=1 来向角度=111.00° 被欺骗卫星数=12
    卫星 Prn=1 Snr=56.5 Angle=96.0 Quality=0.00
    卫星 Prn=2 Snr=56.6 Angle=96.2 Quality=8876965363392006683896686406662892742631935607775781124567860367072844101467529341139897385073806494410959963118706647645741065022099471703157137719745329483651697091715990039867856095503627848912747997752817220409077532140407542424807929035441808867328.00
    卫星 Prn=3 Snr=56.6 Angle=95.9 Quality=8876965363392006683896686406662892742631935607775781124567860367072844101467529341139897385073806494410959963118706647645741065022099471703157137719745329483651697091715990039867856095503627848912747997752817220409077532140407542424807929035441808867328.00
    卫星 Prn=4 Snr=56.6 Angle=96.3 Quality=8876965363392006683896686406662892742631935607775781124567860367072844101467529341139897385073806494410959963118706647645741065022099471703157137719745329483651697091715990039867856095503627848912747997752817220409077532140407542424807929035441808867328.00
    卫星 Prn=6 Snr=56.6 Angle=96.3 Quality=8876965363392006683896686406662892742631935607775781124567860367072844101467529341139897385073806494410959963118706647645741065022099471703157137719745329483651697091715990039867856095503627848912747997752817220409077532140407542424807929035441808867328.00
    卫星 Prn=7 Snr=56.5 Angle=96.1 Quality=8876965363392006683896686406662892742631935607775781124567860367072844101467529341139897385073806494410959963118706647645741065022099471703157137719745329483651697091715990039867856095503627848912747997752817220409077532140407542424807929035441808867328.00
    卫星 Prn=8 Snr=56.6 Angle=96.1 Quality=8876965363392006683896686406662892742631935607775781124567860367072844101467529341139897385073806494410959963118706647645741065022099471703157137719745329483651697091715990039867856095503627848912747997752817220409077532140407542424807929035441808867328.00
    卫星 Prn=9 Snr=56.6 Angle=96.2 Quality=8876965363392006683896686406662892742631935607775781124567860367072844101467529341139897385073806494410959963118706647645741065022099471703157137719745329483651697091715990039867856095503627848912747997752817220409077532140407542424807929035441808867328.00
    卫星 Prn=10 Snr=56.6 Angle=96.3 Quality=8876965363392006683896686406662892742631935607775781124567860367072844101467529341139897385073806494410959963118706647645741065022099471703157137719745329483651697091715990039867856095503627848912747997752817220409077532140407542424807929035441808867328.00
    卫星 Prn=14 Snr=56.5 Angle=96.2 Quality=8876965363392006683896686406662892742631935607775781124567860367072844101467529341139897385073806494410959963118706647645741065022099471703157137719745329483651697091715990039867856095503627848912747997752817220409077532140407542424807929035441808867328.00
    卫星 Prn=21 Snr=56.6 Angle=96.2 Quality=8876965363392006683896686406662892742631935607775781124567860367072844101467529341139897385073806494410959963118706647645741065022099471703157137719745329483651697091715990039867856095503627848912747997752817220409077532140407542424807929035441808867328.00
    卫星 Prn=26 Snr=56.6 Angle=96.4 Quality=8876965363392006683896686406662892742631935607775781124567860367072844101467529341139897385073806494410959963118706647645741065022099471703157137719745329483651697091715990039867856095503627848912747997752817220409077532140407542424807929035441808867328.00

---- 报警时刻 code=57 天线对(1,3) t=5094.0s ----
  频点 Sys=BDS Type=B1C Alarm=1 来向角度=111.00° 被欺骗卫星数=7
    卫星 Prn=6 Snr=48.5 Angle=98.3 Quality=0.00
    卫星 Prn=7 Snr=48.4 Angle=98.2 Quality=8876965363392006683896686406662892742631935607775781124567860367072844101467529341139897385073806494410959963118706647645741065022099471703157137719745329483651697091715990039867856095503627848912747997752817220409077532140407542424807929035441808867328.00
    卫星 Prn=8 Snr=48.4 Angle=98.3 Quality=8876965363392006683896686406662892742631935607775781124567860367072844101467529341139897385073806494410959963118706647645741065022099471703157137719745329483651697091715990039867856095503627848912747997752817220409077532140407542424807929035441808867328.00
    卫星 Prn=14 Snr=48.5 Angle=98.3 Quality=8876965363392006683896686406662892742631935607775781124567860367072844101467529341139897385073806494410959963118706647645741065022099471703157137719745329483651697091715990039867856095503627848912747997752817220409077532140407542424807929035441808867328.00
    卫星 Prn=21 Snr=48.3 Angle=98.2 Quality=8876965363392006683896686406662892742631935607775781124567860367072844101467529341139897385073806494410959963118706647645741065022099471703157137719745329483651697091715990039867856095503627848912747997752817220409077532140407542424807929035441808867328.00
    卫星 Prn=24 Snr=48.3 Angle=98.3 Quality=8876965363392006683896686406662892742631935607775781124567860367072844101467529341139897385073806494410959963118706647645741065022099471703157137719745329483651697091715990039867856095503627848912747997752817220409077532140407542424807929035441808867328.00
    卫星 Prn=26 Snr=48.3 Angle=98.4 Quality=8876965363392006683896686406662892742631935607775781124567860367072844101467529341139897385073806494410959963118706647645741065022099471703157137719745329483651697091715990039867856095503627848912747997752817220409077532140407542424807929035441808867328.00

---- 报警时刻 code=57 天线对(1,3) t=5094.0s ----
  频点 Sys=BDS Type=B2a Alarm=1 来向角度=110.00° 被欺骗卫星数=7
    卫星 Prn=6 Snr=55.7 Angle=98.5 Quality=0.00
    卫星 Prn=7 Snr=55.7 Angle=98.8 Quality=8876965363392006683896686406662892742631935607775781124567860367072844101467529341139897385073806494410959963118706647645741065022099471703157137719745329483651697091715990039867856095503627848912747997752817220409077532140407542424807929035441808867328.00
    卫星 Prn=8 Snr=55.7 Angle=98.6 Quality=8876965363392006683896686406662892742631935607775781124567860367072844101467529341139897385073806494410959963118706647645741065022099471703157137719745329483651697091715990039867856095503627848912747997752817220409077532140407542424807929035441808867328.00
    卫星 Prn=14 Snr=55.7 Angle=98.6 Quality=8876965363392006683896686406662892742631935607775781124567860367072844101467529341139897385073806494410959963118706647645741065022099471703157137719745329483651697091715990039867856095503627848912747997752817220409077532140407542424807929035441808867328.00
    卫星 Prn=21 Snr=55.7 Angle=98.6 Quality=8876965363392006683896686406662892742631935607775781124567860367072844101467529341139897385073806494410959963118706647645741065022099471703157137719745329483651697091715990039867856095503627848912747997752817220409077532140407542424807929035441808867328.00
    卫星 Prn=24 Snr=55.7 Angle=98.4 Quality=8876965363392006683896686406662892742631935607775781124567860367072844101467529341139897385073806494410959963118706647645741065022099471703157137719745329483651697091715990039867856095503627848912747997752817220409077532140407542424807929035441808867328.00
    卫星 Prn=26 Snr=55.7 Angle=98.6 Quality=8876965363392006683896686406662892742631935607775781124567860367072844101467529341139897385073806494410959963118706647645741065022099471703157137719745329483651697091715990039867856095503627848912747997752817220409077532140407542424807929035441808867328.00

---- 报警时刻 code=57 天线对(1,3) t=5094.0s ----
  频点 Sys=BDS Type=B2b Alarm=1 来向角度=111.00° 被欺骗卫星数=7
    卫星 Prn=6 Snr=54.9 Angle=97.7 Quality=0.00
    卫星 Prn=7 Snr=54.9 Angle=97.8 Quality=8876965363392006683896686406662892742631935607775781124567860367072844101467529341139897385073806494410959963118706647645741065022099471703157137719745329483651697091715990039867856095503627848912747997752817220409077532140407542424807929035441808867328.00
    卫星 Prn=8 Snr=54.8 Angle=97.9 Quality=8876965363392006683896686406662892742631935607775781124567860367072844101467529341139897385073806494410959963118706647645741065022099471703157137719745329483651697091715990039867856095503627848912747997752817220409077532140407542424807929035441808867328.00
    卫星 Prn=14 Snr=54.9 Angle=97.6 Quality=8876965363392006683896686406662892742631935607775781124567860367072844101467529341139897385073806494410959963118706647645741065022099471703157137719745329483651697091715990039867856095503627848912747997752817220409077532140407542424807929035441808867328.00
    卫星 Prn=21 Snr=54.9 Angle=97.8 Quality=8876965363392006683896686406662892742631935607775781124567860367072844101467529341139897385073806494410959963118706647645741065022099471703157137719745329483651697091715990039867856095503627848912747997752817220409077532140407542424807929035441808867328.00
    卫星 Prn=24 Snr=54.9 Angle=97.7 Quality=8876965363392006683896686406662892742631935607775781124567860367072844101467529341139897385073806494410959963118706647645741065022099471703157137719745329483651697091715990039867856095503627848912747997752817220409077532140407542424807929035441808867328.00
    卫星 Prn=26 Snr=54.8 Angle=97.7 Quality=8876965363392006683896686406662892742631935607775781124567860367072844101467529341139897385073806494410959963118706647645741065022099471703157137719745329483651697091715990039867856095503627848912747997752817220409077532140407542424807929035441808867328.00

---- 报警时刻 code=17 天线对(1,4) t=5103.0s ----
  频点 Sys=GPS Type=L1_CA Alarm=1 来向角度=111.00° 被欺骗卫星数=7
    卫星 Prn=3 Snr=50.0 Angle=97.5 Quality=0.00
    卫星 Prn=4 Snr=50.0 Angle=97.6 Quality=8876965363392006683896686406662892742631935607775781124567860367072844101467529341139897385073806494410959963118706647645741065022099471703157137719745329483651697091715990039867856095503627848912747997752817220409077532140407542424807929035441808867328.00
    卫星 Prn=26 Snr=50.0 Angle=97.5 Quality=8876965363392006683896686406662892742631935607775781124567860367072844101467529341139897385073806494410959963118706647645741065022099471703157137719745329483651697091715990039867856095503627848912747997752817220409077532140407542424807929035441808867328.00
    卫星 Prn=28 Snr=50.0 Angle=97.5 Quality=8876965363392006683896686406662892742631935607775781124567860367072844101467529341139897385073806494410959963118706647645741065022099471703157137719745329483651697091715990039867856095503627848912747997752817220409077532140407542424807929035441808867328.00
    卫星 Prn=29 Snr=50.0 Angle=97.4 Quality=8876965363392006683896686406662892742631935607775781124567860367072844101467529341139897385073806494410959963118706647645741065022099471703157137719745329483651697091715990039867856095503627848912747997752817220409077532140407542424807929035441808867328.00
    卫星 Prn=31 Snr=50.0 Angle=97.3 Quality=8876965363392006683896686406662892742631935607775781124567860367072844101467529341139897385073806494410959963118706647645741065022099471703157137719745329483651697091715990039867856095503627848912747997752817220409077532140407542424807929035441808867328.00
    卫星 Prn=32 Snr=50.1 Angle=97.5 Quality=8876965363392006683896686406662892742631935607775781124567860367072844101467529341139897385073806494410959963118706647645741065022099471703157137719745329483651697091715990039867856095503627848912747997752817220409077532140407542424807929035441808867328.00

---- 报警时刻 code=17 天线对(1,4) t=5103.0s ----
  频点 Sys=GLONASS Type=G1 Alarm=1 来向角度=-1 被欺骗卫星数=4
    卫星 Prn=7 Snr=60.4 Angle=-1 Quality=-1
    卫星 Prn=8 Snr=60.0 Angle=-1 Quality=-1
    卫星 Prn=9 Snr=59.3 Angle=-1 Quality=-1
    卫星 Prn=16 Snr=59.2 Angle=-1 Quality=-1

---- 报警时刻 code=17 天线对(1,4) t=5103.0s ----
  频点 Sys=Galileo Type=E1C Alarm=1 来向角度=111.00° 被欺骗卫星数=8
    卫星 Prn=4 Snr=50.1 Angle=97.5 Quality=0.00
    卫星 Prn=5 Snr=50.1 Angle=97.5 Quality=8876965363392006683896686406662892742631935607775781124567860367072844101467529341139897385073806494410959963118706647645741065022099471703157137719745329483651697091715990039867856095503627848912747997752817220409077532140407542424807929035441808867328.00
    卫星 Prn=6 Snr=50.1 Angle=97.6 Quality=8876965363392006683896686406662892742631935607775781124567860367072844101467529341139897385073806494410959963118706647645741065022099471703157137719745329483651697091715990039867856095503627848912747997752817220409077532140407542424807929035441808867328.00
    卫星 Prn=9 Snr=50.1 Angle=97.5 Quality=8876965363392006683896686406662892742631935607775781124567860367072844101467529341139897385073806494410959963118706647645741065022099471703157137719745329483651697091715990039867856095503627848912747997752817220409077532140407542424807929035441808867328.00
    卫星 Prn=14 Snr=50.1 Angle=97.4 Quality=8876965363392006683896686406662892742631935607775781124567860367072844101467529341139897385073806494410959963118706647645741065022099471703157137719745329483651697091715990039867856095503627848912747997752817220409077532140407542424807929035441808867328.00
    卫星 Prn=16 Snr=50.1 Angle=97.5 Quality=8876965363392006683896686406662892742631935607775781124567860367072844101467529341139897385073806494410959963118706647645741065022099471703157137719745329483651697091715990039867856095503627848912747997752817220409077532140407542424807929035441808867328.00
    卫星 Prn=31 Snr=50.1 Angle=97.4 Quality=8876965363392006683896686406662892742631935607775781124567860367072844101467529341139897385073806494410959963118706647645741065022099471703157137719745329483651697091715990039867856095503627848912747997752817220409077532140407542424807929035441808867328.00
    卫星 Prn=34 Snr=50.1 Angle=97.5 Quality=8876965363392006683896686406662892742631935607775781124567860367072844101467529341139897385073806494410959963118706647645741065022099471703157137719745329483651697091715990039867856095503627848912747997752817220409077532140407542424807929035441808867328.00

---- 报警时刻 code=17 天线对(1,4) t=5103.0s ----
  频点 Sys=BDS Type=B3I Alarm=1 来向角度=111.00° 被欺骗卫星数=12
    卫星 Prn=1 Snr=56.5 Angle=95.9 Quality=0.00
    卫星 Prn=2 Snr=56.6 Angle=95.9 Quality=8876965363392006683896686406662892742631935607775781124567860367072844101467529341139897385073806494410959963118706647645741065022099471703157137719745329483651697091715990039867856095503627848912747997752817220409077532140407542424807929035441808867328.00
    卫星 Prn=3 Snr=56.6 Angle=95.8 Quality=8876965363392006683896686406662892742631935607775781124567860367072844101467529341139897385073806494410959963118706647645741065022099471703157137719745329483651697091715990039867856095503627848912747997752817220409077532140407542424807929035441808867328.00
    卫星 Prn=4 Snr=56.6 Angle=95.8 Quality=8876965363392006683896686406662892742631935607775781124567860367072844101467529341139897385073806494410959963118706647645741065022099471703157137719745329483651697091715990039867856095503627848912747997752817220409077532140407542424807929035441808867328.00
    卫星 Prn=6 Snr=56.6 Angle=95.9 Quality=8876965363392006683896686406662892742631935607775781124567860367072844101467529341139897385073806494410959963118706647645741065022099471703157137719745329483651697091715990039867856095503627848912747997752817220409077532140407542424807929035441808867328.00
    卫星 Prn=7 Snr=56.5 Angle=96.1 Quality=8876965363392006683896686406662892742631935607775781124567860367072844101467529341139897385073806494410959963118706647645741065022099471703157137719745329483651697091715990039867856095503627848912747997752817220409077532140407542424807929035441808867328.00
    卫星 Prn=8 Snr=56.6 Angle=95.7 Quality=8876965363392006683896686406662892742631935607775781124567860367072844101467529341139897385073806494410959963118706647645741065022099471703157137719745329483651697091715990039867856095503627848912747997752817220409077532140407542424807929035441808867328.00
    卫星 Prn=9 Snr=56.6 Angle=96.0 Quality=8876965363392006683896686406662892742631935607775781124567860367072844101467529341139897385073806494410959963118706647645741065022099471703157137719745329483651697091715990039867856095503627848912747997752817220409077532140407542424807929035441808867328.00
    卫星 Prn=10 Snr=56.6 Angle=96.1 Quality=8876965363392006683896686406662892742631935607775781124567860367072844101467529341139897385073806494410959963118706647645741065022099471703157137719745329483651697091715990039867856095503627848912747997752817220409077532140407542424807929035441808867328.00
    卫星 Prn=14 Snr=56.5 Angle=96.0 Quality=8876965363392006683896686406662892742631935607775781124567860367072844101467529341139897385073806494410959963118706647645741065022099471703157137719745329483651697091715990039867856095503627848912747997752817220409077532140407542424807929035441808867328.00
    卫星 Prn=21 Snr=56.6 Angle=96.0 Quality=8876965363392006683896686406662892742631935607775781124567860367072844101467529341139897385073806494410959963118706647645741065022099471703157137719745329483651697091715990039867856095503627848912747997752817220409077532140407542424807929035441808867328.00
    卫星 Prn=26 Snr=56.6 Angle=96.1 Quality=8876965363392006683896686406662892742631935607775781124567860367072844101467529341139897385073806494410959963118706647645741065022099471703157137719745329483651697091715990039867856095503627848912747997752817220409077532140407542424807929035441808867328.00

---- 报警时刻 code=17 天线对(1,4) t=5103.0s ----
  频点 Sys=BDS Type=B1C Alarm=1 来向角度=111.00° 被欺骗卫星数=7
    卫星 Prn=6 Snr=48.3 Angle=97.7 Quality=0.00
    卫星 Prn=7 Snr=48.3 Angle=97.4 Quality=8876965363392006683896686406662892742631935607775781124567860367072844101467529341139897385073806494410959963118706647645741065022099471703157137719745329483651697091715990039867856095503627848912747997752817220409077532140407542424807929035441808867328.00
    卫星 Prn=8 Snr=48.4 Angle=97.6 Quality=8876965363392006683896686406662892742631935607775781124567860367072844101467529341139897385073806494410959963118706647645741065022099471703157137719745329483651697091715990039867856095503627848912747997752817220409077532140407542424807929035441808867328.00
    卫星 Prn=14 Snr=48.3 Angle=97.6 Quality=8876965363392006683896686406662892742631935607775781124567860367072844101467529341139897385073806494410959963118706647645741065022099471703157137719745329483651697091715990039867856095503627848912747997752817220409077532140407542424807929035441808867328.00
    卫星 Prn=21 Snr=48.4 Angle=97.4 Quality=8876965363392006683896686406662892742631935607775781124567860367072844101467529341139897385073806494410959963118706647645741065022099471703157137719745329483651697091715990039867856095503627848912747997752817220409077532140407542424807929035441808867328.00
    卫星 Prn=24 Snr=48.3 Angle=97.6 Quality=8876965363392006683896686406662892742631935607775781124567860367072844101467529341139897385073806494410959963118706647645741065022099471703157137719745329483651697091715990039867856095503627848912747997752817220409077532140407542424807929035441808867328.00
    卫星 Prn=26 Snr=48.2 Angle=97.7 Quality=8876965363392006683896686406662892742631935607775781124567860367072844101467529341139897385073806494410959963118706647645741065022099471703157137719745329483651697091715990039867856095503627848912747997752817220409077532140407542424807929035441808867328.00

---- 报警时刻 code=17 天线对(1,4) t=5103.0s ----
  频点 Sys=BDS Type=B2a Alarm=1 来向角度=110.00° 被欺骗卫星数=7
    卫星 Prn=6 Snr=55.7 Angle=98.5 Quality=0.00
    卫星 Prn=7 Snr=55.7 Angle=98.7 Quality=8876965363392006683896686406662892742631935607775781124567860367072844101467529341139897385073806494410959963118706647645741065022099471703157137719745329483651697091715990039867856095503627848912747997752817220409077532140407542424807929035441808867328.00
    卫星 Prn=8 Snr=55.7 Angle=98.6 Quality=8876965363392006683896686406662892742631935607775781124567860367072844101467529341139897385073806494410959963118706647645741065022099471703157137719745329483651697091715990039867856095503627848912747997752817220409077532140407542424807929035441808867328.00
    卫星 Prn=14 Snr=55.7 Angle=98.6 Quality=8876965363392006683896686406662892742631935607775781124567860367072844101467529341139897385073806494410959963118706647645741065022099471703157137719745329483651697091715990039867856095503627848912747997752817220409077532140407542424807929035441808867328.00
    卫星 Prn=21 Snr=55.7 Angle=98.6 Quality=8876965363392006683896686406662892742631935607775781124567860367072844101467529341139897385073806494410959963118706647645741065022099471703157137719745329483651697091715990039867856095503627848912747997752817220409077532140407542424807929035441808867328.00
    卫星 Prn=24 Snr=55.7 Angle=98.5 Quality=8876965363392006683896686406662892742631935607775781124567860367072844101467529341139897385073806494410959963118706647645741065022099471703157137719745329483651697091715990039867856095503627848912747997752817220409077532140407542424807929035441808867328.00
    卫星 Prn=26 Snr=55.7 Angle=98.6 Quality=8876965363392006683896686406662892742631935607775781124567860367072844101467529341139897385073806494410959963118706647645741065022099471703157137719745329483651697091715990039867856095503627848912747997752817220409077532140407542424807929035441808867328.00

---- 报警时刻 code=17 天线对(1,4) t=5103.0s ----
  频点 Sys=BDS Type=B2b Alarm=1 来向角度=112.00° 被欺骗卫星数=7
    卫星 Prn=6 Snr=54.9 Angle=97.3 Quality=0.00
    卫星 Prn=7 Snr=54.9 Angle=97.3 Quality=8876965363392006683896686406662892742631935607775781124567860367072844101467529341139897385073806494410959963118706647645741065022099471703157137719745329483651697091715990039867856095503627848912747997752817220409077532140407542424807929035441808867328.00
    卫星 Prn=8 Snr=54.8 Angle=97.3 Quality=8876965363392006683896686406662892742631935607775781124567860367072844101467529341139897385073806494410959963118706647645741065022099471703157137719745329483651697091715990039867856095503627848912747997752817220409077532140407542424807929035441808867328.00
    卫星 Prn=14 Snr=54.9 Angle=97.3 Quality=8876965363392006683896686406662892742631935607775781124567860367072844101467529341139897385073806494410959963118706647645741065022099471703157137719745329483651697091715990039867856095503627848912747997752817220409077532140407542424807929035441808867328.00
    卫星 Prn=21 Snr=54.9 Angle=97.2 Quality=8876965363392006683896686406662892742631935607775781124567860367072844101467529341139897385073806494410959963118706647645741065022099471703157137719745329483651697091715990039867856095503627848912747997752817220409077532140407542424807929035441808867328.00
    卫星 Prn=24 Snr=54.9 Angle=97.2 Quality=8876965363392006683896686406662892742631935607775781124567860367072844101467529341139897385073806494410959963118706647645741065022099471703157137719745329483651697091715990039867856095503627848912747997752817220409077532140407542424807929035441808867328.00
    卫星 Prn=26 Snr=54.8 Angle=97.2 Quality=8876965363392006683896686406662892742631935607775781124567860367072844101467529341139897385073806494410959963118706647645741065022099471703157137719745329483651697091715990039867856095503627848912747997752817220409077532140407542424807929035441808867328.00

---- 报警时刻 code=25 天线对(1,5) t=5112.0s ----
  频点 Sys=GPS Type=L1_CA Alarm=1 来向角度=111.00° 被欺骗卫星数=8
    卫星 Prn=3 Snr=50.0 Angle=97.6 Quality=0.00
    卫星 Prn=4 Snr=50.0 Angle=97.6 Quality=8876965363392006683896686406662892742631935607775781124567860367072844101467529341139897385073806494410959963118706647645741065022099471703157137719745329483651697091715990039867856095503627848912747997752817220409077532140407542424807929035441808867328.00
    卫星 Prn=16 Snr=49.9 Angle=-1 Quality=-1
    卫星 Prn=26 Snr=50.0 Angle=97.6 Quality=0.00
    卫星 Prn=28 Snr=50.0 Angle=97.5 Quality=8876965363392006683896686406662892742631935607775781124567860367072844101467529341139897385073806494410959963118706647645741065022099471703157137719745329483651697091715990039867856095503627848912747997752817220409077532140407542424807929035441808867328.00
    卫星 Prn=29 Snr=50.0 Angle=97.4 Quality=8876965363392006683896686406662892742631935607775781124567860367072844101467529341139897385073806494410959963118706647645741065022099471703157137719745329483651697091715990039867856095503627848912747997752817220409077532140407542424807929035441808867328.00
    卫星 Prn=31 Snr=50.0 Angle=97.3 Quality=8876965363392006683896686406662892742631935607775781124567860367072844101467529341139897385073806494410959963118706647645741065022099471703157137719745329483651697091715990039867856095503627848912747997752817220409077532140407542424807929035441808867328.00
    卫星 Prn=32 Snr=50.1 Angle=97.6 Quality=8876965363392006683896686406662892742631935607775781124567860367072844101467529341139897385073806494410959963118706647645741065022099471703157137719745329483651697091715990039867856095503627848912747997752817220409077532140407542424807929035441808867328.00

---- 报警时刻 code=25 天线对(1,5) t=5112.0s ----
  频点 Sys=GLONASS Type=G1 Alarm=1 来向角度=-1 被欺骗卫星数=3
    卫星 Prn=6 Snr=57.8 Angle=-1 Quality=-1
    卫星 Prn=9 Snr=59.3 Angle=-1 Quality=-1
    卫星 Prn=16 Snr=59.2 Angle=-1 Quality=-1

---- 报警时刻 code=25 天线对(1,5) t=5112.0s ----
  频点 Sys=Galileo Type=E1C Alarm=1 来向角度=111.00° 被欺骗卫星数=8
    卫星 Prn=4 Snr=50.1 Angle=97.5 Quality=0.00
    卫星 Prn=5 Snr=50.1 Angle=97.5 Quality=8876965363392006683896686406662892742631935607775781124567860367072844101467529341139897385073806494410959963118706647645741065022099471703157137719745329483651697091715990039867856095503627848912747997752817220409077532140407542424807929035441808867328.00
    卫星 Prn=6 Snr=50.1 Angle=97.6 Quality=8876965363392006683896686406662892742631935607775781124567860367072844101467529341139897385073806494410959963118706647645741065022099471703157137719745329483651697091715990039867856095503627848912747997752817220409077532140407542424807929035441808867328.00
    卫星 Prn=9 Snr=50.1 Angle=97.6 Quality=8876965363392006683896686406662892742631935607775781124567860367072844101467529341139897385073806494410959963118706647645741065022099471703157137719745329483651697091715990039867856095503627848912747997752817220409077532140407542424807929035441808867328.00
    卫星 Prn=14 Snr=50.1 Angle=97.5 Quality=8876965363392006683896686406662892742631935607775781124567860367072844101467529341139897385073806494410959963118706647645741065022099471703157137719745329483651697091715990039867856095503627848912747997752817220409077532140407542424807929035441808867328.00
    卫星 Prn=16 Snr=50.1 Angle=97.6 Quality=8876965363392006683896686406662892742631935607775781124567860367072844101467529341139897385073806494410959963118706647645741065022099471703157137719745329483651697091715990039867856095503627848912747997752817220409077532140407542424807929035441808867328.00
    卫星 Prn=31 Snr=50.1 Angle=97.4 Quality=8876965363392006683896686406662892742631935607775781124567860367072844101467529341139897385073806494410959963118706647645741065022099471703157137719745329483651697091715990039867856095503627848912747997752817220409077532140407542424807929035441808867328.00
    卫星 Prn=34 Snr=50.1 Angle=97.5 Quality=8876965363392006683896686406662892742631935607775781124567860367072844101467529341139897385073806494410959963118706647645741065022099471703157137719745329483651697091715990039867856095503627848912747997752817220409077532140407542424807929035441808867328.00

---- 报警时刻 code=25 天线对(1,5) t=5112.0s ----
  频点 Sys=BDS Type=B3I Alarm=1 来向角度=111.00° 被欺骗卫星数=12
    卫星 Prn=1 Snr=57.3 Angle=95.8 Quality=0.00
    卫星 Prn=2 Snr=57.4 Angle=95.8 Quality=8876965363392006683896686406662892742631935607775781124567860367072844101467529341139897385073806494410959963118706647645741065022099471703157137719745329483651697091715990039867856095503627848912747997752817220409077532140407542424807929035441808867328.00
    卫星 Prn=3 Snr=57.3 Angle=95.6 Quality=8876965363392006683896686406662892742631935607775781124567860367072844101467529341139897385073806494410959963118706647645741065022099471703157137719745329483651697091715990039867856095503627848912747997752817220409077532140407542424807929035441808867328.00
    卫星 Prn=4 Snr=57.5 Angle=95.8 Quality=8876965363392006683896686406662892742631935607775781124567860367072844101467529341139897385073806494410959963118706647645741065022099471703157137719745329483651697091715990039867856095503627848912747997752817220409077532140407542424807929035441808867328.00
    卫星 Prn=6 Snr=57.3 Angle=95.8 Quality=8876965363392006683896686406662892742631935607775781124567860367072844101467529341139897385073806494410959963118706647645741065022099471703157137719745329483651697091715990039867856095503627848912747997752817220409077532140407542424807929035441808867328.00
    卫星 Prn=7 Snr=57.3 Angle=95.9 Quality=8876965363392006683896686406662892742631935607775781124567860367072844101467529341139897385073806494410959963118706647645741065022099471703157137719745329483651697091715990039867856095503627848912747997752817220409077532140407542424807929035441808867328.00
    卫星 Prn=8 Snr=57.2 Angle=95.6 Quality=8876965363392006683896686406662892742631935607775781124567860367072844101467529341139897385073806494410959963118706647645741065022099471703157137719745329483651697091715990039867856095503627848912747997752817220409077532140407542424807929035441808867328.00
    卫星 Prn=9 Snr=57.3 Angle=95.8 Quality=8876965363392006683896686406662892742631935607775781124567860367072844101467529341139897385073806494410959963118706647645741065022099471703157137719745329483651697091715990039867856095503627848912747997752817220409077532140407542424807929035441808867328.00
    卫星 Prn=10 Snr=57.3 Angle=96.0 Quality=8876965363392006683896686406662892742631935607775781124567860367072844101467529341139897385073806494410959963118706647645741065022099471703157137719745329483651697091715990039867856095503627848912747997752817220409077532140407542424807929035441808867328.00
    卫星 Prn=14 Snr=57.3 Angle=95.9 Quality=8876965363392006683896686406662892742631935607775781124567860367072844101467529341139897385073806494410959963118706647645741065022099471703157137719745329483651697091715990039867856095503627848912747997752817220409077532140407542424807929035441808867328.00
    卫星 Prn=21 Snr=57.3 Angle=95.9 Quality=8876965363392006683896686406662892742631935607775781124567860367072844101467529341139897385073806494410959963118706647645741065022099471703157137719745329483651697091715990039867856095503627848912747997752817220409077532140407542424807929035441808867328.00
    卫星 Prn=26 Snr=57.3 Angle=96.0 Quality=8876965363392006683896686406662892742631935607775781124567860367072844101467529341139897385073806494410959963118706647645741065022099471703157137719745329483651697091715990039867856095503627848912747997752817220409077532140407542424807929035441808867328.00

---- 报警时刻 code=25 天线对(1,5) t=5112.0s ----
  频点 Sys=BDS Type=B1C Alarm=1 来向角度=111.00° 被欺骗卫星数=7
    卫星 Prn=6 Snr=48.3 Angle=97.7 Quality=0.00
    卫星 Prn=7 Snr=48.3 Angle=97.5 Quality=8876965363392006683896686406662892742631935607775781124567860367072844101467529341139897385073806494410959963118706647645741065022099471703157137719745329483651697091715990039867856095503627848912747997752817220409077532140407542424807929035441808867328.00
    卫星 Prn=8 Snr=48.4 Angle=97.7 Quality=8876965363392006683896686406662892742631935607775781124567860367072844101467529341139897385073806494410959963118706647645741065022099471703157137719745329483651697091715990039867856095503627848912747997752817220409077532140407542424807929035441808867328.00
    卫星 Prn=14 Snr=48.3 Angle=97.6 Quality=8876965363392006683896686406662892742631935607775781124567860367072844101467529341139897385073806494410959963118706647645741065022099471703157137719745329483651697091715990039867856095503627848912747997752817220409077532140407542424807929035441808867328.00
    卫星 Prn=21 Snr=48.4 Angle=97.5 Quality=8876965363392006683896686406662892742631935607775781124567860367072844101467529341139897385073806494410959963118706647645741065022099471703157137719745329483651697091715990039867856095503627848912747997752817220409077532140407542424807929035441808867328.00
    卫星 Prn=24 Snr=48.3 Angle=97.6 Quality=8876965363392006683896686406662892742631935607775781124567860367072844101467529341139897385073806494410959963118706647645741065022099471703157137719745329483651697091715990039867856095503627848912747997752817220409077532140407542424807929035441808867328.00
    卫星 Prn=26 Snr=48.2 Angle=97.7 Quality=8876965363392006683896686406662892742631935607775781124567860367072844101467529341139897385073806494410959963118706647645741065022099471703157137719745329483651697091715990039867856095503627848912747997752817220409077532140407542424807929035441808867328.00

---- 报警时刻 code=25 天线对(1,5) t=5112.0s ----
  频点 Sys=BDS Type=B2a Alarm=1 来向角度=110.00° 被欺骗卫星数=7
    卫星 Prn=6 Snr=55.5 Angle=98.5 Quality=0.00
    卫星 Prn=7 Snr=55.5 Angle=98.7 Quality=8876965363392006683896686406662892742631935607775781124567860367072844101467529341139897385073806494410959963118706647645741065022099471703157137719745329483651697091715990039867856095503627848912747997752817220409077532140407542424807929035441808867328.00
    卫星 Prn=8 Snr=55.5 Angle=98.6 Quality=8876965363392006683896686406662892742631935607775781124567860367072844101467529341139897385073806494410959963118706647645741065022099471703157137719745329483651697091715990039867856095503627848912747997752817220409077532140407542424807929035441808867328.00
    卫星 Prn=14 Snr=55.5 Angle=98.6 Quality=8876965363392006683896686406662892742631935607775781124567860367072844101467529341139897385073806494410959963118706647645741065022099471703157137719745329483651697091715990039867856095503627848912747997752817220409077532140407542424807929035441808867328.00
    卫星 Prn=21 Snr=55.5 Angle=98.6 Quality=8876965363392006683896686406662892742631935607775781124567860367072844101467529341139897385073806494410959963118706647645741065022099471703157137719745329483651697091715990039867856095503627848912747997752817220409077532140407542424807929035441808867328.00
    卫星 Prn=24 Snr=55.5 Angle=98.5 Quality=8876965363392006683896686406662892742631935607775781124567860367072844101467529341139897385073806494410959963118706647645741065022099471703157137719745329483651697091715990039867856095503627848912747997752817220409077532140407542424807929035441808867328.00
    卫星 Prn=26 Snr=55.5 Angle=98.6 Quality=8876965363392006683896686406662892742631935607775781124567860367072844101467529341139897385073806494410959963118706647645741065022099471703157137719745329483651697091715990039867856095503627848912747997752817220409077532140407542424807929035441808867328.00

---- 报警时刻 code=25 天线对(1,5) t=5112.0s ----
  频点 Sys=BDS Type=B2b Alarm=1 来向角度=112.00° 被欺骗卫星数=7
    卫星 Prn=6 Snr=54.7 Angle=97.3 Quality=0.00
    卫星 Prn=7 Snr=54.7 Angle=97.4 Quality=8876965363392006683896686406662892742631935607775781124567860367072844101467529341139897385073806494410959963118706647645741065022099471703157137719745329483651697091715990039867856095503627848912747997752817220409077532140407542424807929035441808867328.00
    卫星 Prn=8 Snr=54.7 Angle=97.3 Quality=8876965363392006683896686406662892742631935607775781124567860367072844101467529341139897385073806494410959963118706647645741065022099471703157137719745329483651697091715990039867856095503627848912747997752817220409077532140407542424807929035441808867328.00
    卫星 Prn=14 Snr=54.8 Angle=97.4 Quality=8876965363392006683896686406662892742631935607775781124567860367072844101467529341139897385073806494410959963118706647645741065022099471703157137719745329483651697091715990039867856095503627848912747997752817220409077532140407542424807929035441808867328.00
    卫星 Prn=21 Snr=54.7 Angle=97.2 Quality=8876965363392006683896686406662892742631935607775781124567860367072844101467529341139897385073806494410959963118706647645741065022099471703157137719745329483651697091715990039867856095503627848912747997752817220409077532140407542424807929035441808867328.00
    卫星 Prn=24 Snr=54.7 Angle=97.2 Quality=8876965363392006683896686406662892742631935607775781124567860367072844101467529341139897385073806494410959963118706647645741065022099471703157137719745329483651697091715990039867856095503627848912747997752817220409077532140407542424807929035441808867328.00
    卫星 Prn=26 Snr=54.7 Angle=97.2 Quality=8876965363392006683896686406662892742631935607775781124567860367072844101467529341139897385073806494410959963118706647645741065022099471703157137719745329483651697091715990039867856095503627848912747997752817220409077532140407542424807929035441808867328.00

---- 报警时刻 code=33 天线对(1,6) t=5121.0s ----
  频点 Sys=GPS Type=L1_CA Alarm=1 来向角度=111.00° 被欺骗卫星数=8
    卫星 Prn=3 Snr=50.0 Angle=97.6 Quality=0.00
    卫星 Prn=4 Snr=50.0 Angle=97.5 Quality=8876965363392006683896686406662892742631935607775781124567860367072844101467529341139897385073806494410959963118706647645741065022099471703157137719745329483651697091715990039867856095503627848912747997752817220409077532140407542424807929035441808867328.00
    卫星 Prn=16 Snr=49.9 Angle=-1 Quality=-1
    卫星 Prn=26 Snr=50.0 Angle=97.5 Quality=0.00
    卫星 Prn=28 Snr=50.0 Angle=97.5 Quality=8876965363392006683896686406662892742631935607775781124567860367072844101467529341139897385073806494410959963118706647645741065022099471703157137719745329483651697091715990039867856095503627848912747997752817220409077532140407542424807929035441808867328.00
    卫星 Prn=29 Snr=50.0 Angle=97.5 Quality=8876965363392006683896686406662892742631935607775781124567860367072844101467529341139897385073806494410959963118706647645741065022099471703157137719745329483651697091715990039867856095503627848912747997752817220409077532140407542424807929035441808867328.00
    卫星 Prn=31 Snr=50.0 Angle=97.3 Quality=8876965363392006683896686406662892742631935607775781124567860367072844101467529341139897385073806494410959963118706647645741065022099471703157137719745329483651697091715990039867856095503627848912747997752817220409077532140407542424807929035441808867328.00
    卫星 Prn=32 Snr=50.1 Angle=97.6 Quality=8876965363392006683896686406662892742631935607775781124567860367072844101467529341139897385073806494410959963118706647645741065022099471703157137719745329483651697091715990039867856095503627848912747997752817220409077532140407542424807929035441808867328.00

---- 报警时刻 code=33 天线对(1,6) t=5121.0s ----
  频点 Sys=Galileo Type=E1C Alarm=1 来向角度=111.12° 被欺骗卫星数=8
    卫星 Prn=4 Snr=50.1 Angle=97.5 Quality=0.00
    卫星 Prn=5 Snr=50.1 Angle=97.5 Quality=8876965363392006683896686406662892742631935607775781124567860367072844101467529341139897385073806494410959963118706647645741065022099471703157137719745329483651697091715990039867856095503627848912747997752817220409077532140407542424807929035441808867328.00
    卫星 Prn=6 Snr=50.1 Angle=97.6 Quality=8876965363392006683896686406662892742631935607775781124567860367072844101467529341139897385073806494410959963118706647645741065022099471703157137719745329483651697091715990039867856095503627848912747997752817220409077532140407542424807929035441808867328.00
    卫星 Prn=9 Snr=50.1 Angle=97.6 Quality=8876965363392006683896686406662892742631935607775781124567860367072844101467529341139897385073806494410959963118706647645741065022099471703157137719745329483651697091715990039867856095503627848912747997752817220409077532140407542424807929035441808867328.00
    卫星 Prn=14 Snr=50.1 Angle=97.5 Quality=8876965363392006683896686406662892742631935607775781124567860367072844101467529341139897385073806494410959963118706647645741065022099471703157137719745329483651697091715990039867856095503627848912747997752817220409077532140407542424807929035441808867328.00
    卫星 Prn=16 Snr=50.1 Angle=97.6 Quality=8876965363392006683896686406662892742631935607775781124567860367072844101467529341139897385073806494410959963118706647645741065022099471703157137719745329483651697091715990039867856095503627848912747997752817220409077532140407542424807929035441808867328.00
    卫星 Prn=31 Snr=50.1 Angle=97.5 Quality=8876965363392006683896686406662892742631935607775781124567860367072844101467529341139897385073806494410959963118706647645741065022099471703157137719745329483651697091715990039867856095503627848912747997752817220409077532140407542424807929035441808867328.00
    卫星 Prn=34 Snr=50.1 Angle=97.5 Quality=8876965363392006683896686406662892742631935607775781124567860367072844101467529341139897385073806494410959963118706647645741065022099471703157137719745329483651697091715990039867856095503627848912747997752817220409077532140407542424807929035441808867328.00

---- 报警时刻 code=33 天线对(1,6) t=5121.0s ----
  频点 Sys=BDS Type=B3I Alarm=1 来向角度=111.00° 被欺骗卫星数=12
    卫星 Prn=1 Snr=57.3 Angle=95.3 Quality=0.00
    卫星 Prn=2 Snr=57.4 Angle=95.4 Quality=8876965363392006683896686406662892742631935607775781124567860367072844101467529341139897385073806494410959963118706647645741065022099471703157137719745329483651697091715990039867856095503627848912747997752817220409077532140407542424807929035441808867328.00
    卫星 Prn=3 Snr=57.3 Angle=95.5 Quality=8876965363392006683896686406662892742631935607775781124567860367072844101467529341139897385073806494410959963118706647645741065022099471703157137719745329483651697091715990039867856095503627848912747997752817220409077532140407542424807929035441808867328.00
    卫星 Prn=4 Snr=57.5 Angle=95.3 Quality=8876965363392006683896686406662892742631935607775781124567860367072844101467529341139897385073806494410959963118706647645741065022099471703157137719745329483651697091715990039867856095503627848912747997752817220409077532140407542424807929035441808867328.00
    卫星 Prn=6 Snr=57.3 Angle=95.4 Quality=8876965363392006683896686406662892742631935607775781124567860367072844101467529341139897385073806494410959963118706647645741065022099471703157137719745329483651697091715990039867856095503627848912747997752817220409077532140407542424807929035441808867328.00
    卫星 Prn=7 Snr=57.3 Angle=95.5 Quality=8876965363392006683896686406662892742631935607775781124567860367072844101467529341139897385073806494410959963118706647645741065022099471703157137719745329483651697091715990039867856095503627848912747997752817220409077532140407542424807929035441808867328.00
    卫星 Prn=8 Snr=57.2 Angle=95.2 Quality=8876965363392006683896686406662892742631935607775781124567860367072844101467529341139897385073806494410959963118706647645741065022099471703157137719745329483651697091715990039867856095503627848912747997752817220409077532140407542424807929035441808867328.00
    卫星 Prn=9 Snr=57.3 Angle=95.4 Quality=8876965363392006683896686406662892742631935607775781124567860367072844101467529341139897385073806494410959963118706647645741065022099471703157137719745329483651697091715990039867856095503627848912747997752817220409077532140407542424807929035441808867328.00
    卫星 Prn=10 Snr=57.3 Angle=95.4 Quality=8876965363392006683896686406662892742631935607775781124567860367072844101467529341139897385073806494410959963118706647645741065022099471703157137719745329483651697091715990039867856095503627848912747997752817220409077532140407542424807929035441808867328.00
    卫星 Prn=14 Snr=57.3 Angle=95.5 Quality=8876965363392006683896686406662892742631935607775781124567860367072844101467529341139897385073806494410959963118706647645741065022099471703157137719745329483651697091715990039867856095503627848912747997752817220409077532140407542424807929035441808867328.00
    卫星 Prn=21 Snr=57.3 Angle=95.5 Quality=8876965363392006683896686406662892742631935607775781124567860367072844101467529341139897385073806494410959963118706647645741065022099471703157137719745329483651697091715990039867856095503627848912747997752817220409077532140407542424807929035441808867328.00
    卫星 Prn=26 Snr=57.3 Angle=95.6 Quality=8876965363392006683896686406662892742631935607775781124567860367072844101467529341139897385073806494410959963118706647645741065022099471703157137719745329483651697091715990039867856095503627848912747997752817220409077532140407542424807929035441808867328.00

---- 报警时刻 code=33 天线对(1,6) t=5121.0s ----
  频点 Sys=BDS Type=B1C Alarm=1 来向角度=111.00° 被欺骗卫星数=5
    卫星 Prn=6 Snr=48.3 Angle=97.8 Quality=0.00
    卫星 Prn=7 Snr=48.3 Angle=97.5 Quality=8876965363392006683896686406662892742631935607775781124567860367072844101467529341139897385073806494410959963118706647645741065022099471703157137719745329483651697091715990039867856095503627848912747997752817220409077532140407542424807929035441808867328.00
    卫星 Prn=8 Snr=48.4 Angle=97.7 Quality=8876965363392006683896686406662892742631935607775781124567860367072844101467529341139897385073806494410959963118706647645741065022099471703157137719745329483651697091715990039867856095503627848912747997752817220409077532140407542424807929035441808867328.00
    卫星 Prn=21 Snr=48.4 Angle=97.5 Quality=8876965363392006683896686406662892742631935607775781124567860367072844101467529341139897385073806494410959963118706647645741065022099471703157137719745329483651697091715990039867856095503627848912747997752817220409077532140407542424807929035441808867328.00
    卫星 Prn=24 Snr=48.3 Angle=97.6 Quality=8876965363392006683896686406662892742631935607775781124567860367072844101467529341139897385073806494410959963118706647645741065022099471703157137719745329483651697091715990039867856095503627848912747997752817220409077532140407542424807929035441808867328.00

---- 报警时刻 code=33 天线对(1,6) t=5121.0s ----
  频点 Sys=BDS Type=B2a Alarm=1 来向角度=110.00° 被欺骗卫星数=7
    卫星 Prn=6 Snr=55.5 Angle=98.5 Quality=0.00
    卫星 Prn=7 Snr=55.5 Angle=98.6 Quality=8876965363392006683896686406662892742631935607775781124567860367072844101467529341139897385073806494410959963118706647645741065022099471703157137719745329483651697091715990039867856095503627848912747997752817220409077532140407542424807929035441808867328.00
    卫星 Prn=8 Snr=55.5 Angle=98.5 Quality=8876965363392006683896686406662892742631935607775781124567860367072844101467529341139897385073806494410959963118706647645741065022099471703157137719745329483651697091715990039867856095503627848912747997752817220409077532140407542424807929035441808867328.00
    卫星 Prn=14 Snr=55.5 Angle=98.5 Quality=8876965363392006683896686406662892742631935607775781124567860367072844101467529341139897385073806494410959963118706647645741065022099471703157137719745329483651697091715990039867856095503627848912747997752817220409077532140407542424807929035441808867328.00
    卫星 Prn=21 Snr=55.5 Angle=98.5 Quality=8876965363392006683896686406662892742631935607775781124567860367072844101467529341139897385073806494410959963118706647645741065022099471703157137719745329483651697091715990039867856095503627848912747997752817220409077532140407542424807929035441808867328.00
    卫星 Prn=24 Snr=55.5 Angle=98.4 Quality=8876965363392006683896686406662892742631935607775781124567860367072844101467529341139897385073806494410959963118706647645741065022099471703157137719745329483651697091715990039867856095503627848912747997752817220409077532140407542424807929035441808867328.00
    卫星 Prn=26 Snr=55.5 Angle=98.5 Quality=8876965363392006683896686406662892742631935607775781124567860367072844101467529341139897385073806494410959963118706647645741065022099471703157137719745329483651697091715990039867856095503627848912747997752817220409077532140407542424807929035441808867328.00

---- 报警时刻 code=33 天线对(1,6) t=5121.0s ----
  频点 Sys=BDS Type=B2b Alarm=1 来向角度=112.00° 被欺骗卫星数=7
    卫星 Prn=6 Snr=54.7 Angle=97.6 Quality=0.00
    卫星 Prn=7 Snr=54.7 Angle=97.6 Quality=8876965363392006683896686406662892742631935607775781124567860367072844101467529341139897385073806494410959963118706647645741065022099471703157137719745329483651697091715990039867856095503627848912747997752817220409077532140407542424807929035441808867328.00
    卫星 Prn=8 Snr=54.7 Angle=97.4 Quality=8876965363392006683896686406662892742631935607775781124567860367072844101467529341139897385073806494410959963118706647645741065022099471703157137719745329483651697091715990039867856095503627848912747997752817220409077532140407542424807929035441808867328.00
    卫星 Prn=14 Snr=54.8 Angle=97.7 Quality=8876965363392006683896686406662892742631935607775781124567860367072844101467529341139897385073806494410959963118706647645741065022099471703157137719745329483651697091715990039867856095503627848912747997752817220409077532140407542424807929035441808867328.00
    卫星 Prn=21 Snr=54.7 Angle=97.4 Quality=8876965363392006683896686406662892742631935607775781124567860367072844101467529341139897385073806494410959963118706647645741065022099471703157137719745329483651697091715990039867856095503627848912747997752817220409077532140407542424807929035441808867328.00
    卫星 Prn=24 Snr=54.7 Angle=97.5 Quality=8876965363392006683896686406662892742631935607775781124567860367072844101467529341139897385073806494410959963118706647645741065022099471703157137719745329483651697091715990039867856095503627848912747997752817220409077532140407542424807929035441808867328.00
    卫星 Prn=26 Snr=54.7 Angle=97.4 Quality=8876965363392006683896686406662892742631935607775781124567860367072844101467529341139897385073806494410959963118706647645741065022099471703157137719745329483651697091715990039867856095503627848912747997752817220409077532140407542424807929035441808867328.00

---- 报警时刻 code=1 天线对(1,7) t=5130.0s ----
  频点 Sys=GPS Type=L1_CA Alarm=1 来向角度=111.00° 被欺骗卫星数=7
    卫星 Prn=3 Snr=50.0 Angle=97.6 Quality=0.00
    卫星 Prn=4 Snr=50.0 Angle=97.5 Quality=8876965363392006683896686406662892742631935607775781124567860367072844101467529341139897385073806494410959963118706647645741065022099471703157137719745329483651697091715990039867856095503627848912747997752817220409077532140407542424807929035441808867328.00
    卫星 Prn=26 Snr=50.0 Angle=97.5 Quality=8876965363392006683896686406662892742631935607775781124567860367072844101467529341139897385073806494410959963118706647645741065022099471703157137719745329483651697091715990039867856095503627848912747997752817220409077532140407542424807929035441808867328.00
    卫星 Prn=28 Snr=50.0 Angle=97.6 Quality=8876965363392006683896686406662892742631935607775781124567860367072844101467529341139897385073806494410959963118706647645741065022099471703157137719745329483651697091715990039867856095503627848912747997752817220409077532140407542424807929035441808867328.00
    卫星 Prn=29 Snr=50.0 Angle=97.5 Quality=8876965363392006683896686406662892742631935607775781124567860367072844101467529341139897385073806494410959963118706647645741065022099471703157137719745329483651697091715990039867856095503627848912747997752817220409077532140407542424807929035441808867328.00
    卫星 Prn=31 Snr=50.0 Angle=97.3 Quality=8876965363392006683896686406662892742631935607775781124567860367072844101467529341139897385073806494410959963118706647645741065022099471703157137719745329483651697091715990039867856095503627848912747997752817220409077532140407542424807929035441808867328.00
    卫星 Prn=32 Snr=50.1 Angle=97.6 Quality=8876965363392006683896686406662892742631935607775781124567860367072844101467529341139897385073806494410959963118706647645741065022099471703157137719745329483651697091715990039867856095503627848912747997752817220409077532140407542424807929035441808867328.00

---- 报警时刻 code=1 天线对(1,7) t=5130.0s ----
  频点 Sys=Galileo Type=E1C Alarm=1 来向角度=111.12° 被欺骗卫星数=8
    卫星 Prn=4 Snr=50.1 Angle=97.6 Quality=0.00
    卫星 Prn=5 Snr=50.1 Angle=97.6 Quality=8876965363392006683896686406662892742631935607775781124567860367072844101467529341139897385073806494410959963118706647645741065022099471703157137719745329483651697091715990039867856095503627848912747997752817220409077532140407542424807929035441808867328.00
    卫星 Prn=6 Snr=50.1 Angle=97.6 Quality=8876965363392006683896686406662892742631935607775781124567860367072844101467529341139897385073806494410959963118706647645741065022099471703157137719745329483651697091715990039867856095503627848912747997752817220409077532140407542424807929035441808867328.00
    卫星 Prn=9 Snr=50.1 Angle=97.6 Quality=8876965363392006683896686406662892742631935607775781124567860367072844101467529341139897385073806494410959963118706647645741065022099471703157137719745329483651697091715990039867856095503627848912747997752817220409077532140407542424807929035441808867328.00
    卫星 Prn=14 Snr=50.1 Angle=97.5 Quality=8876965363392006683896686406662892742631935607775781124567860367072844101467529341139897385073806494410959963118706647645741065022099471703157137719745329483651697091715990039867856095503627848912747997752817220409077532140407542424807929035441808867328.00
    卫星 Prn=16 Snr=50.1 Angle=97.6 Quality=8876965363392006683896686406662892742631935607775781124567860367072844101467529341139897385073806494410959963118706647645741065022099471703157137719745329483651697091715990039867856095503627848912747997752817220409077532140407542424807929035441808867328.00
    卫星 Prn=31 Snr=50.1 Angle=97.5 Quality=8876965363392006683896686406662892742631935607775781124567860367072844101467529341139897385073806494410959963118706647645741065022099471703157137719745329483651697091715990039867856095503627848912747997752817220409077532140407542424807929035441808867328.00
    卫星 Prn=34 Snr=50.1 Angle=97.6 Quality=8876965363392006683896686406662892742631935607775781124567860367072844101467529341139897385073806494410959963118706647645741065022099471703157137719745329483651697091715990039867856095503627848912747997752817220409077532140407542424807929035441808867328.00

---- 报警时刻 code=1 天线对(1,7) t=5130.0s ----
  频点 Sys=BDS Type=B3I Alarm=1 来向角度=111.00° 被欺骗卫星数=12
    卫星 Prn=1 Snr=57.3 Angle=95.4 Quality=0.00
    卫星 Prn=2 Snr=57.4 Angle=95.4 Quality=8876965363392006683896686406662892742631935607775781124567860367072844101467529341139897385073806494410959963118706647645741065022099471703157137719745329483651697091715990039867856095503627848912747997752817220409077532140407542424807929035441808867328.00
    卫星 Prn=3 Snr=57.3 Angle=95.4 Quality=8876965363392006683896686406662892742631935607775781124567860367072844101467529341139897385073806494410959963118706647645741065022099471703157137719745329483651697091715990039867856095503627848912747997752817220409077532140407542424807929035441808867328.00
    卫星 Prn=4 Snr=57.5 Angle=95.4 Quality=8876965363392006683896686406662892742631935607775781124567860367072844101467529341139897385073806494410959963118706647645741065022099471703157137719745329483651697091715990039867856095503627848912747997752817220409077532140407542424807929035441808867328.00
    卫星 Prn=6 Snr=57.3 Angle=95.4 Quality=8876965363392006683896686406662892742631935607775781124567860367072844101467529341139897385073806494410959963118706647645741065022099471703157137719745329483651697091715990039867856095503627848912747997752817220409077532140407542424807929035441808867328.00
    卫星 Prn=7 Snr=57.3 Angle=95.6 Quality=8876965363392006683896686406662892742631935607775781124567860367072844101467529341139897385073806494410959963118706647645741065022099471703157137719745329483651697091715990039867856095503627848912747997752817220409077532140407542424807929035441808867328.00
    卫星 Prn=8 Snr=57.2 Angle=95.2 Quality=8876965363392006683896686406662892742631935607775781124567860367072844101467529341139897385073806494410959963118706647645741065022099471703157137719745329483651697091715990039867856095503627848912747997752817220409077532140407542424807929035441808867328.00
    卫星 Prn=9 Snr=57.3 Angle=95.4 Quality=8876965363392006683896686406662892742631935607775781124567860367072844101467529341139897385073806494410959963118706647645741065022099471703157137719745329483651697091715990039867856095503627848912747997752817220409077532140407542424807929035441808867328.00
    卫星 Prn=10 Snr=57.3 Angle=95.4 Quality=8876965363392006683896686406662892742631935607775781124567860367072844101467529341139897385073806494410959963118706647645741065022099471703157137719745329483651697091715990039867856095503627848912747997752817220409077532140407542424807929035441808867328.00
    卫星 Prn=14 Snr=57.3 Angle=95.6 Quality=8876965363392006683896686406662892742631935607775781124567860367072844101467529341139897385073806494410959963118706647645741065022099471703157137719745329483651697091715990039867856095503627848912747997752817220409077532140407542424807929035441808867328.00
    卫星 Prn=21 Snr=57.3 Angle=95.5 Quality=8876965363392006683896686406662892742631935607775781124567860367072844101467529341139897385073806494410959963118706647645741065022099471703157137719745329483651697091715990039867856095503627848912747997752817220409077532140407542424807929035441808867328.00
    卫星 Prn=26 Snr=57.3 Angle=95.4 Quality=8876965363392006683896686406662892742631935607775781124567860367072844101467529341139897385073806494410959963118706647645741065022099471703157137719745329483651697091715990039867856095503627848912747997752817220409077532140407542424807929035441808867328.00

---- 报警时刻 code=1 天线对(1,7) t=5130.0s ----
  频点 Sys=BDS Type=B1C Alarm=1 来向角度=111.00° 被欺骗卫星数=7
    卫星 Prn=6 Snr=48.3 Angle=97.8 Quality=0.00
    卫星 Prn=7 Snr=48.3 Angle=97.5 Quality=8876965363392006683896686406662892742631935607775781124567860367072844101467529341139897385073806494410959963118706647645741065022099471703157137719745329483651697091715990039867856095503627848912747997752817220409077532140407542424807929035441808867328.00
    卫星 Prn=8 Snr=48.4 Angle=97.7 Quality=8876965363392006683896686406662892742631935607775781124567860367072844101467529341139897385073806494410959963118706647645741065022099471703157137719745329483651697091715990039867856095503627848912747997752817220409077532140407542424807929035441808867328.00
    卫星 Prn=14 Snr=48.3 Angle=97.6 Quality=8876965363392006683896686406662892742631935607775781124567860367072844101467529341139897385073806494410959963118706647645741065022099471703157137719745329483651697091715990039867856095503627848912747997752817220409077532140407542424807929035441808867328.00
    卫星 Prn=21 Snr=48.4 Angle=97.5 Quality=8876965363392006683896686406662892742631935607775781124567860367072844101467529341139897385073806494410959963118706647645741065022099471703157137719745329483651697091715990039867856095503627848912747997752817220409077532140407542424807929035441808867328.00
    卫星 Prn=24 Snr=48.3 Angle=97.6 Quality=8876965363392006683896686406662892742631935607775781124567860367072844101467529341139897385073806494410959963118706647645741065022099471703157137719745329483651697091715990039867856095503627848912747997752817220409077532140407542424807929035441808867328.00
    卫星 Prn=26 Snr=48.2 Angle=97.7 Quality=8876965363392006683896686406662892742631935607775781124567860367072844101467529341139897385073806494410959963118706647645741065022099471703157137719745329483651697091715990039867856095503627848912747997752817220409077532140407542424807929035441808867328.00

---- 报警时刻 code=1 天线对(1,7) t=5130.0s ----
  频点 Sys=BDS Type=B2a Alarm=1 来向角度=110.00° 被欺骗卫星数=7
    卫星 Prn=6 Snr=55.5 Angle=98.4 Quality=0.00
    卫星 Prn=7 Snr=55.5 Angle=98.5 Quality=8876965363392006683896686406662892742631935607775781124567860367072844101467529341139897385073806494410959963118706647645741065022099471703157137719745329483651697091715990039867856095503627848912747997752817220409077532140407542424807929035441808867328.00
    卫星 Prn=8 Snr=55.5 Angle=98.4 Quality=8876965363392006683896686406662892742631935607775781124567860367072844101467529341139897385073806494410959963118706647645741065022099471703157137719745329483651697091715990039867856095503627848912747997752817220409077532140407542424807929035441808867328.00
    卫星 Prn=14 Snr=55.5 Angle=98.4 Quality=8876965363392006683896686406662892742631935607775781124567860367072844101467529341139897385073806494410959963118706647645741065022099471703157137719745329483651697091715990039867856095503627848912747997752817220409077532140407542424807929035441808867328.00
    卫星 Prn=21 Snr=55.5 Angle=98.5 Quality=8876965363392006683896686406662892742631935607775781124567860367072844101467529341139897385073806494410959963118706647645741065022099471703157137719745329483651697091715990039867856095503627848912747997752817220409077532140407542424807929035441808867328.00
    卫星 Prn=24 Snr=55.5 Angle=98.3 Quality=8876965363392006683896686406662892742631935607775781124567860367072844101467529341139897385073806494410959963118706647645741065022099471703157137719745329483651697091715990039867856095503627848912747997752817220409077532140407542424807929035441808867328.00
    卫星 Prn=26 Snr=55.5 Angle=98.5 Quality=8876965363392006683896686406662892742631935607775781124567860367072844101467529341139897385073806494410959963118706647645741065022099471703157137719745329483651697091715990039867856095503627848912747997752817220409077532140407542424807929035441808867328.00

---- 报警时刻 code=1 天线对(1,7) t=5130.0s ----
  频点 Sys=BDS Type=B2b Alarm=1 来向角度=112.00° 被欺骗卫星数=7
    卫星 Prn=6 Snr=54.7 Angle=97.6 Quality=0.00
    卫星 Prn=7 Snr=54.7 Angle=97.6 Quality=8876965363392006683896686406662892742631935607775781124567860367072844101467529341139897385073806494410959963118706647645741065022099471703157137719745329483651697091715990039867856095503627848912747997752817220409077532140407542424807929035441808867328.00
    卫星 Prn=8 Snr=54.7 Angle=97.5 Quality=8876965363392006683896686406662892742631935607775781124567860367072844101467529341139897385073806494410959963118706647645741065022099471703157137719745329483651697091715990039867856095503627848912747997752817220409077532140407542424807929035441808867328.00
    卫星 Prn=14 Snr=54.8 Angle=97.7 Quality=8876965363392006683896686406662892742631935607775781124567860367072844101467529341139897385073806494410959963118706647645741065022099471703157137719745329483651697091715990039867856095503627848912747997752817220409077532140407542424807929035441808867328.00
    卫星 Prn=21 Snr=54.7 Angle=97.4 Quality=8876965363392006683896686406662892742631935607775781124567860367072844101467529341139897385073806494410959963118706647645741065022099471703157137719745329483651697091715990039867856095503627848912747997752817220409077532140407542424807929035441808867328.00
    卫星 Prn=24 Snr=54.7 Angle=97.5 Quality=8876965363392006683896686406662892742631935607775781124567860367072844101467529341139897385073806494410959963118706647645741065022099471703157137719745329483651697091715990039867856095503627848912747997752817220409077532140407542424807929035441808867328.00
    卫星 Prn=26 Snr=54.7 Angle=97.4 Quality=8876965363392006683896686406662892742631935607775781124567860367072844101467529341139897385073806494410959963118706647645741065022099471703157137719745329483651697091715990039867856095503627848912747997752817220409077532140407542424807929035441808867328.00

---- 报警时刻 code=9 天线对(1,2) t=5149.0s ----
  频点 Sys=GPS Type=L1_CA Alarm=1 来向角度=111.00° 被欺骗卫星数=7
    卫星 Prn=3 Snr=50.0 Angle=97.9 Quality=0.00
    卫星 Prn=4 Snr=50.0 Angle=97.8 Quality=8876965363392006683896686406662892742631935607775781124567860367072844101467529341139897385073806494410959963118706647645741065022099471703157137719745329483651697091715990039867856095503627848912747997752817220409077532140407542424807929035441808867328.00
    卫星 Prn=26 Snr=50.0 Angle=97.7 Quality=8876965363392006683896686406662892742631935607775781124567860367072844101467529341139897385073806494410959963118706647645741065022099471703157137719745329483651697091715990039867856095503627848912747997752817220409077532140407542424807929035441808867328.00
    卫星 Prn=28 Snr=50.0 Angle=97.7 Quality=8876965363392006683896686406662892742631935607775781124567860367072844101467529341139897385073806494410959963118706647645741065022099471703157137719745329483651697091715990039867856095503627848912747997752817220409077532140407542424807929035441808867328.00
    卫星 Prn=29 Snr=50.0 Angle=97.7 Quality=8876965363392006683896686406662892742631935607775781124567860367072844101467529341139897385073806494410959963118706647645741065022099471703157137719745329483651697091715990039867856095503627848912747997752817220409077532140407542424807929035441808867328.00
    卫星 Prn=31 Snr=50.0 Angle=97.8 Quality=8876965363392006683896686406662892742631935607775781124567860367072844101467529341139897385073806494410959963118706647645741065022099471703157137719745329483651697091715990039867856095503627848912747997752817220409077532140407542424807929035441808867328.00
    卫星 Prn=32 Snr=50.1 Angle=97.8 Quality=8876965363392006683896686406662892742631935607775781124567860367072844101467529341139897385073806494410959963118706647645741065022099471703157137719745329483651697091715990039867856095503627848912747997752817220409077532140407542424807929035441808867328.00

---- 报警时刻 code=9 天线对(1,2) t=5149.0s ----
  频点 Sys=GLONASS Type=G1 Alarm=1 来向角度=-1 被欺骗卫星数=4
    卫星 Prn=7 Snr=60.4 Angle=-1 Quality=-1
    卫星 Prn=8 Snr=60.0 Angle=-1 Quality=-1
    卫星 Prn=9 Snr=59.3 Angle=-1 Quality=-1
    卫星 Prn=16 Snr=59.2 Angle=-1 Quality=-1

---- 报警时刻 code=9 天线对(1,2) t=5149.0s ----
  频点 Sys=Galileo Type=E1C Alarm=1 来向角度=111.12° 被欺骗卫星数=8
    卫星 Prn=4 Snr=50.1 Angle=97.7 Quality=0.00
    卫星 Prn=5 Snr=50.1 Angle=97.8 Quality=8876965363392006683896686406662892742631935607775781124567860367072844101467529341139897385073806494410959963118706647645741065022099471703157137719745329483651697091715990039867856095503627848912747997752817220409077532140407542424807929035441808867328.00
    卫星 Prn=6 Snr=50.1 Angle=97.8 Quality=8876965363392006683896686406662892742631935607775781124567860367072844101467529341139897385073806494410959963118706647645741065022099471703157137719745329483651697091715990039867856095503627848912747997752817220409077532140407542424807929035441808867328.00
    卫星 Prn=9 Snr=50.1 Angle=97.8 Quality=8876965363392006683896686406662892742631935607775781124567860367072844101467529341139897385073806494410959963118706647645741065022099471703157137719745329483651697091715990039867856095503627848912747997752817220409077532140407542424807929035441808867328.00
    卫星 Prn=14 Snr=50.1 Angle=97.7 Quality=8876965363392006683896686406662892742631935607775781124567860367072844101467529341139897385073806494410959963118706647645741065022099471703157137719745329483651697091715990039867856095503627848912747997752817220409077532140407542424807929035441808867328.00
    卫星 Prn=16 Snr=50.1 Angle=97.8 Quality=8876965363392006683896686406662892742631935607775781124567860367072844101467529341139897385073806494410959963118706647645741065022099471703157137719745329483651697091715990039867856095503627848912747997752817220409077532140407542424807929035441808867328.00
    卫星 Prn=31 Snr=50.1 Angle=97.7 Quality=8876965363392006683896686406662892742631935607775781124567860367072844101467529341139897385073806494410959963118706647645741065022099471703157137719745329483651697091715990039867856095503627848912747997752817220409077532140407542424807929035441808867328.00
    卫星 Prn=34 Snr=50.1 Angle=97.8 Quality=8876965363392006683896686406662892742631935607775781124567860367072844101467529341139897385073806494410959963118706647645741065022099471703157137719745329483651697091715990039867856095503627848912747997752817220409077532140407542424807929035441808867328.00

---- 报警时刻 code=9 天线对(1,2) t=5149.0s ----
  频点 Sys=BDS Type=B3I Alarm=1 来向角度=111.00° 被欺骗卫星数=12
    卫星 Prn=1 Snr=57.3 Angle=95.4 Quality=0.00
    卫星 Prn=2 Snr=57.4 Angle=95.4 Quality=8876965363392006683896686406662892742631935607775781124567860367072844101467529341139897385073806494410959963118706647645741065022099471703157137719745329483651697091715990039867856095503627848912747997752817220409077532140407542424807929035441808867328.00
    卫星 Prn=3 Snr=57.3 Angle=95.3 Quality=8876965363392006683896686406662892742631935607775781124567860367072844101467529341139897385073806494410959963118706647645741065022099471703157137719745329483651697091715990039867856095503627848912747997752817220409077532140407542424807929035441808867328.00
    卫星 Prn=4 Snr=57.5 Angle=95.3 Quality=8876965363392006683896686406662892742631935607775781124567860367072844101467529341139897385073806494410959963118706647645741065022099471703157137719745329483651697091715990039867856095503627848912747997752817220409077532140407542424807929035441808867328.00
    卫星 Prn=6 Snr=57.3 Angle=95.4 Quality=8876965363392006683896686406662892742631935607775781124567860367072844101467529341139897385073806494410959963118706647645741065022099471703157137719745329483651697091715990039867856095503627848912747997752817220409077532140407542424807929035441808867328.00
    卫星 Prn=7 Snr=57.3 Angle=95.6 Quality=8876965363392006683896686406662892742631935607775781124567860367072844101467529341139897385073806494410959963118706647645741065022099471703157137719745329483651697091715990039867856095503627848912747997752817220409077532140407542424807929035441808867328.00
    卫星 Prn=8 Snr=57.2 Angle=95.2 Quality=8876965363392006683896686406662892742631935607775781124567860367072844101467529341139897385073806494410959963118706647645741065022099471703157137719745329483651697091715990039867856095503627848912747997752817220409077532140407542424807929035441808867328.00
    卫星 Prn=9 Snr=57.3 Angle=95.4 Quality=8876965363392006683896686406662892742631935607775781124567860367072844101467529341139897385073806494410959963118706647645741065022099471703157137719745329483651697091715990039867856095503627848912747997752817220409077532140407542424807929035441808867328.00
    卫星 Prn=10 Snr=57.3 Angle=95.4 Quality=8876965363392006683896686406662892742631935607775781124567860367072844101467529341139897385073806494410959963118706647645741065022099471703157137719745329483651697091715990039867856095503627848912747997752817220409077532140407542424807929035441808867328.00
    卫星 Prn=14 Snr=57.3 Angle=95.5 Quality=8876965363392006683896686406662892742631935607775781124567860367072844101467529341139897385073806494410959963118706647645741065022099471703157137719745329483651697091715990039867856095503627848912747997752817220409077532140407542424807929035441808867328.00
    卫星 Prn=21 Snr=57.3 Angle=95.5 Quality=8876965363392006683896686406662892742631935607775781124567860367072844101467529341139897385073806494410959963118706647645741065022099471703157137719745329483651697091715990039867856095503627848912747997752817220409077532140407542424807929035441808867328.00
    卫星 Prn=26 Snr=57.3 Angle=95.3 Quality=8876965363392006683896686406662892742631935607775781124567860367072844101467529341139897385073806494410959963118706647645741065022099471703157137719745329483651697091715990039867856095503627848912747997752817220409077532140407542424807929035441808867328.00

---- 报警时刻 code=9 天线对(1,2) t=5149.0s ----
  频点 Sys=BDS Type=B1C Alarm=1 来向角度=111.00° 被欺骗卫星数=7
    卫星 Prn=6 Snr=48.3 Angle=97.8 Quality=0.00
    卫星 Prn=7 Snr=48.3 Angle=97.7 Quality=8876965363392006683896686406662892742631935607775781124567860367072844101467529341139897385073806494410959963118706647645741065022099471703157137719745329483651697091715990039867856095503627848912747997752817220409077532140407542424807929035441808867328.00
    卫星 Prn=8 Snr=48.4 Angle=97.7 Quality=8876965363392006683896686406662892742631935607775781124567860367072844101467529341139897385073806494410959963118706647645741065022099471703157137719745329483651697091715990039867856095503627848912747997752817220409077532140407542424807929035441808867328.00
    卫星 Prn=14 Snr=48.1 Angle=98.0 Quality=8876965363392006683896686406662892742631935607775781124567860367072844101467529341139897385073806494410959963118706647645741065022099471703157137719745329483651697091715990039867856095503627848912747997752817220409077532140407542424807929035441808867328.00
    卫星 Prn=21 Snr=48.4 Angle=97.8 Quality=8876965363392006683896686406662892742631935607775781124567860367072844101467529341139897385073806494410959963118706647645741065022099471703157137719745329483651697091715990039867856095503627848912747997752817220409077532140407542424807929035441808867328.00
    卫星 Prn=24 Snr=48.3 Angle=97.7 Quality=8876965363392006683896686406662892742631935607775781124567860367072844101467529341139897385073806494410959963118706647645741065022099471703157137719745329483651697091715990039867856095503627848912747997752817220409077532140407542424807929035441808867328.00
    卫星 Prn=26 Snr=48.2 Angle=97.8 Quality=8876965363392006683896686406662892742631935607775781124567860367072844101467529341139897385073806494410959963118706647645741065022099471703157137719745329483651697091715990039867856095503627848912747997752817220409077532140407542424807929035441808867328.00

---- 报警时刻 code=9 天线对(1,2) t=5149.0s ----
  频点 Sys=BDS Type=B2a Alarm=1 来向角度=110.00° 被欺骗卫星数=7
    卫星 Prn=6 Snr=55.5 Angle=98.2 Quality=0.00
    卫星 Prn=7 Snr=55.5 Angle=98.3 Quality=8876965363392006683896686406662892742631935607775781124567860367072844101467529341139897385073806494410959963118706647645741065022099471703157137719745329483651697091715990039867856095503627848912747997752817220409077532140407542424807929035441808867328.00
    卫星 Prn=8 Snr=55.5 Angle=98.3 Quality=8876965363392006683896686406662892742631935607775781124567860367072844101467529341139897385073806494410959963118706647645741065022099471703157137719745329483651697091715990039867856095503627848912747997752817220409077532140407542424807929035441808867328.00
    卫星 Prn=14 Snr=55.5 Angle=98.3 Quality=8876965363392006683896686406662892742631935607775781124567860367072844101467529341139897385073806494410959963118706647645741065022099471703157137719745329483651697091715990039867856095503627848912747997752817220409077532140407542424807929035441808867328.00
    卫星 Prn=21 Snr=55.5 Angle=98.4 Quality=8876965363392006683896686406662892742631935607775781124567860367072844101467529341139897385073806494410959963118706647645741065022099471703157137719745329483651697091715990039867856095503627848912747997752817220409077532140407542424807929035441808867328.00
    卫星 Prn=24 Snr=55.5 Angle=98.3 Quality=8876965363392006683896686406662892742631935607775781124567860367072844101467529341139897385073806494410959963118706647645741065022099471703157137719745329483651697091715990039867856095503627848912747997752817220409077532140407542424807929035441808867328.00
    卫星 Prn=26 Snr=55.5 Angle=98.3 Quality=8876965363392006683896686406662892742631935607775781124567860367072844101467529341139897385073806494410959963118706647645741065022099471703157137719745329483651697091715990039867856095503627848912747997752817220409077532140407542424807929035441808867328.00

---- 报警时刻 code=9 天线对(1,2) t=5149.0s ----
  频点 Sys=BDS Type=B2b Alarm=1 来向角度=112.00° 被欺骗卫星数=7
    卫星 Prn=6 Snr=54.7 Angle=97.6 Quality=0.00
    卫星 Prn=7 Snr=54.7 Angle=97.6 Quality=8876965363392006683896686406662892742631935607775781124567860367072844101467529341139897385073806494410959963118706647645741065022099471703157137719745329483651697091715990039867856095503627848912747997752817220409077532140407542424807929035441808867328.00
    卫星 Prn=8 Snr=54.7 Angle=97.4 Quality=8876965363392006683896686406662892742631935607775781124567860367072844101467529341139897385073806494410959963118706647645741065022099471703157137719745329483651697091715990039867856095503627848912747997752817220409077532140407542424807929035441808867328.00
    卫星 Prn=14 Snr=54.8 Angle=97.6 Quality=8876965363392006683896686406662892742631935607775781124567860367072844101467529341139897385073806494410959963118706647645741065022099471703157137719745329483651697091715990039867856095503627848912747997752817220409077532140407542424807929035441808867328.00
    卫星 Prn=21 Snr=54.7 Angle=97.4 Quality=8876965363392006683896686406662892742631935607775781124567860367072844101467529341139897385073806494410959963118706647645741065022099471703157137719745329483651697091715990039867856095503627848912747997752817220409077532140407542424807929035441808867328.00
    卫星 Prn=24 Snr=54.7 Angle=97.5 Quality=8876965363392006683896686406662892742631935607775781124567860367072844101467529341139897385073806494410959963118706647645741065022099471703157137719745329483651697091715990039867856095503627848912747997752817220409077532140407542424807929035441808867328.00
    卫星 Prn=26 Snr=54.7 Angle=97.4 Quality=8876965363392006683896686406662892742631935607775781124567860367072844101467529341139897385073806494410959963118706647645741065022099471703157137719745329483651697091715990039867856095503627848912747997752817220409077532140407542424807929035441808867328.00

---- 报警时刻 code=57 天线对(1,3) t=5158.0s ----
  频点 Sys=GPS Type=L1_CA Alarm=1 来向角度=111.00° 被欺骗卫星数=7
    卫星 Prn=3 Snr=50.0 Angle=97.9 Quality=0.00
    卫星 Prn=4 Snr=50.0 Angle=97.8 Quality=8876965363392006683896686406662892742631935607775781124567860367072844101467529341139897385073806494410959963118706647645741065022099471703157137719745329483651697091715990039867856095503627848912747997752817220409077532140407542424807929035441808867328.00
    卫星 Prn=26 Snr=50.0 Angle=97.7 Quality=8876965363392006683896686406662892742631935607775781124567860367072844101467529341139897385073806494410959963118706647645741065022099471703157137719745329483651697091715990039867856095503627848912747997752817220409077532140407542424807929035441808867328.00
    卫星 Prn=28 Snr=50.0 Angle=97.7 Quality=8876965363392006683896686406662892742631935607775781124567860367072844101467529341139897385073806494410959963118706647645741065022099471703157137719745329483651697091715990039867856095503627848912747997752817220409077532140407542424807929035441808867328.00
    卫星 Prn=29 Snr=50.0 Angle=97.8 Quality=8876965363392006683896686406662892742631935607775781124567860367072844101467529341139897385073806494410959963118706647645741065022099471703157137719745329483651697091715990039867856095503627848912747997752817220409077532140407542424807929035441808867328.00
    卫星 Prn=31 Snr=50.0 Angle=97.8 Quality=8876965363392006683896686406662892742631935607775781124567860367072844101467529341139897385073806494410959963118706647645741065022099471703157137719745329483651697091715990039867856095503627848912747997752817220409077532140407542424807929035441808867328.00
    卫星 Prn=32 Snr=50.1 Angle=97.8 Quality=8876965363392006683896686406662892742631935607775781124567860367072844101467529341139897385073806494410959963118706647645741065022099471703157137719745329483651697091715990039867856095503627848912747997752817220409077532140407542424807929035441808867328.00

---- 报警时刻 code=57 天线对(1,3) t=5158.0s ----
  频点 Sys=Galileo Type=E1C Alarm=1 来向角度=111.00° 被欺骗卫星数=8
    卫星 Prn=4 Snr=50.1 Angle=97.7 Quality=0.00
    卫星 Prn=5 Snr=50.1 Angle=97.8 Quality=8876965363392006683896686406662892742631935607775781124567860367072844101467529341139897385073806494410959963118706647645741065022099471703157137719745329483651697091715990039867856095503627848912747997752817220409077532140407542424807929035441808867328.00
    卫星 Prn=6 Snr=50.1 Angle=97.8 Quality=8876965363392006683896686406662892742631935607775781124567860367072844101467529341139897385073806494410959963118706647645741065022099471703157137719745329483651697091715990039867856095503627848912747997752817220409077532140407542424807929035441808867328.00
    卫星 Prn=9 Snr=50.1 Angle=97.9 Quality=8876965363392006683896686406662892742631935607775781124567860367072844101467529341139897385073806494410959963118706647645741065022099471703157137719745329483651697091715990039867856095503627848912747997752817220409077532140407542424807929035441808867328.00
    卫星 Prn=14 Snr=50.1 Angle=97.8 Quality=8876965363392006683896686406662892742631935607775781124567860367072844101467529341139897385073806494410959963118706647645741065022099471703157137719745329483651697091715990039867856095503627848912747997752817220409077532140407542424807929035441808867328.00
    卫星 Prn=16 Snr=50.1 Angle=97.8 Quality=8876965363392006683896686406662892742631935607775781124567860367072844101467529341139897385073806494410959963118706647645741065022099471703157137719745329483651697091715990039867856095503627848912747997752817220409077532140407542424807929035441808867328.00
    卫星 Prn=31 Snr=50.1 Angle=97.8 Quality=8876965363392006683896686406662892742631935607775781124567860367072844101467529341139897385073806494410959963118706647645741065022099471703157137719745329483651697091715990039867856095503627848912747997752817220409077532140407542424807929035441808867328.00
    卫星 Prn=34 Snr=50.1 Angle=97.8 Quality=8876965363392006683896686406662892742631935607775781124567860367072844101467529341139897385073806494410959963118706647645741065022099471703157137719745329483651697091715990039867856095503627848912747997752817220409077532140407542424807929035441808867328.00

---- 报警时刻 code=57 天线对(1,3) t=5158.0s ----
  频点 Sys=BDS Type=B3I Alarm=1 来向角度=111.00° 被欺骗卫星数=12
    卫星 Prn=1 Snr=57.3 Angle=95.4 Quality=0.00
    卫星 Prn=2 Snr=57.4 Angle=95.3 Quality=8876965363392006683896686406662892742631935607775781124567860367072844101467529341139897385073806494410959963118706647645741065022099471703157137719745329483651697091715990039867856095503627848912747997752817220409077532140407542424807929035441808867328.00
    卫星 Prn=3 Snr=57.3 Angle=95.3 Quality=8876965363392006683896686406662892742631935607775781124567860367072844101467529341139897385073806494410959963118706647645741065022099471703157137719745329483651697091715990039867856095503627848912747997752817220409077532140407542424807929035441808867328.00
    卫星 Prn=4 Snr=57.5 Angle=95.3 Quality=8876965363392006683896686406662892742631935607775781124567860367072844101467529341139897385073806494410959963118706647645741065022099471703157137719745329483651697091715990039867856095503627848912747997752817220409077532140407542424807929035441808867328.00
    卫星 Prn=6 Snr=57.3 Angle=95.4 Quality=8876965363392006683896686406662892742631935607775781124567860367072844101467529341139897385073806494410959963118706647645741065022099471703157137719745329483651697091715990039867856095503627848912747997752817220409077532140407542424807929035441808867328.00
    卫星 Prn=7 Snr=57.3 Angle=95.6 Quality=8876965363392006683896686406662892742631935607775781124567860367072844101467529341139897385073806494410959963118706647645741065022099471703157137719745329483651697091715990039867856095503627848912747997752817220409077532140407542424807929035441808867328.00
    卫星 Prn=8 Snr=57.2 Angle=95.2 Quality=8876965363392006683896686406662892742631935607775781124567860367072844101467529341139897385073806494410959963118706647645741065022099471703157137719745329483651697091715990039867856095503627848912747997752817220409077532140407542424807929035441808867328.00
    卫星 Prn=9 Snr=57.3 Angle=95.4 Quality=8876965363392006683896686406662892742631935607775781124567860367072844101467529341139897385073806494410959963118706647645741065022099471703157137719745329483651697091715990039867856095503627848912747997752817220409077532140407542424807929035441808867328.00
    卫星 Prn=10 Snr=57.3 Angle=95.4 Quality=8876965363392006683896686406662892742631935607775781124567860367072844101467529341139897385073806494410959963118706647645741065022099471703157137719745329483651697091715990039867856095503627848912747997752817220409077532140407542424807929035441808867328.00
    卫星 Prn=14 Snr=57.3 Angle=95.5 Quality=8876965363392006683896686406662892742631935607775781124567860367072844101467529341139897385073806494410959963118706647645741065022099471703157137719745329483651697091715990039867856095503627848912747997752817220409077532140407542424807929035441808867328.00
    卫星 Prn=21 Snr=57.3 Angle=95.5 Quality=8876965363392006683896686406662892742631935607775781124567860367072844101467529341139897385073806494410959963118706647645741065022099471703157137719745329483651697091715990039867856095503627848912747997752817220409077532140407542424807929035441808867328.00
    卫星 Prn=26 Snr=57.3 Angle=95.4 Quality=8876965363392006683896686406662892742631935607775781124567860367072844101467529341139897385073806494410959963118706647645741065022099471703157137719745329483651697091715990039867856095503627848912747997752817220409077532140407542424807929035441808867328.00

---- 报警时刻 code=57 天线对(1,3) t=5158.0s ----
  频点 Sys=BDS Type=B1C Alarm=1 来向角度=111.00° 被欺骗卫星数=7
    卫星 Prn=6 Snr=48.2 Angle=97.8 Quality=0.00
    卫星 Prn=7 Snr=48.3 Angle=97.7 Quality=8876965363392006683896686406662892742631935607775781124567860367072844101467529341139897385073806494410959963118706647645741065022099471703157137719745329483651697091715990039867856095503627848912747997752817220409077532140407542424807929035441808867328.00
    卫星 Prn=8 Snr=48.4 Angle=97.8 Quality=8876965363392006683896686406662892742631935607775781124567860367072844101467529341139897385073806494410959963118706647645741065022099471703157137719745329483651697091715990039867856095503627848912747997752817220409077532140407542424807929035441808867328.00
    卫星 Prn=14 Snr=48.1 Angle=98.0 Quality=8876965363392006683896686406662892742631935607775781124567860367072844101467529341139897385073806494410959963118706647645741065022099471703157137719745329483651697091715990039867856095503627848912747997752817220409077532140407542424807929035441808867328.00
    卫星 Prn=21 Snr=48.4 Angle=97.9 Quality=8876965363392006683896686406662892742631935607775781124567860367072844101467529341139897385073806494410959963118706647645741065022099471703157137719745329483651697091715990039867856095503627848912747997752817220409077532140407542424807929035441808867328.00
    卫星 Prn=24 Snr=48.2 Angle=97.7 Quality=8876965363392006683896686406662892742631935607775781124567860367072844101467529341139897385073806494410959963118706647645741065022099471703157137719745329483651697091715990039867856095503627848912747997752817220409077532140407542424807929035441808867328.00
    卫星 Prn=26 Snr=48.2 Angle=97.8 Quality=8876965363392006683896686406662892742631935607775781124567860367072844101467529341139897385073806494410959963118706647645741065022099471703157137719745329483651697091715990039867856095503627848912747997752817220409077532140407542424807929035441808867328.00

---- 报警时刻 code=57 天线对(1,3) t=5158.0s ----
  频点 Sys=BDS Type=B2a Alarm=1 来向角度=110.00° 被欺骗卫星数=7
    卫星 Prn=6 Snr=55.5 Angle=98.1 Quality=0.00
    卫星 Prn=7 Snr=55.5 Angle=98.2 Quality=8876965363392006683896686406662892742631935607775781124567860367072844101467529341139897385073806494410959963118706647645741065022099471703157137719745329483651697091715990039867856095503627848912747997752817220409077532140407542424807929035441808867328.00
    卫星 Prn=8 Snr=55.5 Angle=98.1 Quality=8876965363392006683896686406662892742631935607775781124567860367072844101467529341139897385073806494410959963118706647645741065022099471703157137719745329483651697091715990039867856095503627848912747997752817220409077532140407542424807929035441808867328.00
    卫星 Prn=14 Snr=55.5 Angle=98.2 Quality=8876965363392006683896686406662892742631935607775781124567860367072844101467529341139897385073806494410959963118706647645741065022099471703157137719745329483651697091715990039867856095503627848912747997752817220409077532140407542424807929035441808867328.00
    卫星 Prn=21 Snr=55.5 Angle=98.3 Quality=8876965363392006683896686406662892742631935607775781124567860367072844101467529341139897385073806494410959963118706647645741065022099471703157137719745329483651697091715990039867856095503627848912747997752817220409077532140407542424807929035441808867328.00
    卫星 Prn=24 Snr=55.5 Angle=98.1 Quality=8876965363392006683896686406662892742631935607775781124567860367072844101467529341139897385073806494410959963118706647645741065022099471703157137719745329483651697091715990039867856095503627848912747997752817220409077532140407542424807929035441808867328.00
    卫星 Prn=26 Snr=55.5 Angle=98.2 Quality=8876965363392006683896686406662892742631935607775781124567860367072844101467529341139897385073806494410959963118706647645741065022099471703157137719745329483651697091715990039867856095503627848912747997752817220409077532140407542424807929035441808867328.00

---- 报警时刻 code=57 天线对(1,3) t=5158.0s ----
  频点 Sys=BDS Type=B2b Alarm=1 来向角度=112.00° 被欺骗卫星数=7
    卫星 Prn=6 Snr=54.7 Angle=97.6 Quality=0.00
    卫星 Prn=7 Snr=54.7 Angle=97.6 Quality=8876965363392006683896686406662892742631935607775781124567860367072844101467529341139897385073806494410959963118706647645741065022099471703157137719745329483651697091715990039867856095503627848912747997752817220409077532140407542424807929035441808867328.00
    卫星 Prn=8 Snr=54.7 Angle=97.4 Quality=8876965363392006683896686406662892742631935607775781124567860367072844101467529341139897385073806494410959963118706647645741065022099471703157137719745329483651697091715990039867856095503627848912747997752817220409077532140407542424807929035441808867328.00
    卫星 Prn=14 Snr=54.8 Angle=97.7 Quality=8876965363392006683896686406662892742631935607775781124567860367072844101467529341139897385073806494410959963118706647645741065022099471703157137719745329483651697091715990039867856095503627848912747997752817220409077532140407542424807929035441808867328.00
    卫星 Prn=21 Snr=54.7 Angle=97.4 Quality=8876965363392006683896686406662892742631935607775781124567860367072844101467529341139897385073806494410959963118706647645741065022099471703157137719745329483651697091715990039867856095503627848912747997752817220409077532140407542424807929035441808867328.00
    卫星 Prn=24 Snr=54.7 Angle=97.5 Quality=8876965363392006683896686406662892742631935607775781124567860367072844101467529341139897385073806494410959963118706647645741065022099471703157137719745329483651697091715990039867856095503627848912747997752817220409077532140407542424807929035441808867328.00
    卫星 Prn=26 Snr=54.7 Angle=97.4 Quality=8876965363392006683896686406662892742631935607775781124567860367072844101467529341139897385073806494410959963118706647645741065022099471703157137719745329483651697091715990039867856095503627848912747997752817220409077532140407542424807929035441808867328.00

---- 报警时刻 code=17 天线对(1,4) t=5167.0s ----
  频点 Sys=GPS Type=L1_CA Alarm=1 来向角度=111.00° 被欺骗卫星数=7
    卫星 Prn=3 Snr=50.0 Angle=97.9 Quality=0.00
    卫星 Prn=4 Snr=50.0 Angle=97.8 Quality=8876965363392006683896686406662892742631935607775781124567860367072844101467529341139897385073806494410959963118706647645741065022099471703157137719745329483651697091715990039867856095503627848912747997752817220409077532140407542424807929035441808867328.00
    卫星 Prn=26 Snr=50.0 Angle=97.8 Quality=8876965363392006683896686406662892742631935607775781124567860367072844101467529341139897385073806494410959963118706647645741065022099471703157137719745329483651697091715990039867856095503627848912747997752817220409077532140407542424807929035441808867328.00
    卫星 Prn=28 Snr=49.9 Angle=97.8 Quality=8876965363392006683896686406662892742631935607775781124567860367072844101467529341139897385073806494410959963118706647645741065022099471703157137719745329483651697091715990039867856095503627848912747997752817220409077532140407542424807929035441808867328.00
    卫星 Prn=29 Snr=50.0 Angle=97.8 Quality=8876965363392006683896686406662892742631935607775781124567860367072844101467529341139897385073806494410959963118706647645741065022099471703157137719745329483651697091715990039867856095503627848912747997752817220409077532140407542424807929035441808867328.00
    卫星 Prn=31 Snr=50.0 Angle=97.8 Quality=8876965363392006683896686406662892742631935607775781124567860367072844101467529341139897385073806494410959963118706647645741065022099471703157137719745329483651697091715990039867856095503627848912747997752817220409077532140407542424807929035441808867328.00
    卫星 Prn=32 Snr=50.0 Angle=97.8 Quality=8876965363392006683896686406662892742631935607775781124567860367072844101467529341139897385073806494410959963118706647645741065022099471703157137719745329483651697091715990039867856095503627848912747997752817220409077532140407542424807929035441808867328.00

---- 报警时刻 code=17 天线对(1,4) t=5167.0s ----
  频点 Sys=GLONASS Type=G1 Alarm=1 来向角度=-1 被欺骗卫星数=4
    卫星 Prn=7 Snr=60.3 Angle=-1 Quality=-1
    卫星 Prn=8 Snr=59.9 Angle=-1 Quality=-1
    卫星 Prn=9 Snr=59.3 Angle=-1 Quality=-1
    卫星 Prn=16 Snr=59.2 Angle=-1 Quality=-1

---- 报警时刻 code=17 天线对(1,4) t=5167.0s ----
  频点 Sys=Galileo Type=E1C Alarm=1 来向角度=111.00° 被欺骗卫星数=8
    卫星 Prn=4 Snr=50.0 Angle=97.8 Quality=0.00
    卫星 Prn=5 Snr=50.0 Angle=97.8 Quality=8876965363392006683896686406662892742631935607775781124567860367072844101467529341139897385073806494410959963118706647645741065022099471703157137719745329483651697091715990039867856095503627848912747997752817220409077532140407542424807929035441808867328.00
    卫星 Prn=6 Snr=50.1 Angle=97.8 Quality=8876965363392006683896686406662892742631935607775781124567860367072844101467529341139897385073806494410959963118706647645741065022099471703157137719745329483651697091715990039867856095503627848912747997752817220409077532140407542424807929035441808867328.00
    卫星 Prn=9 Snr=50.1 Angle=97.9 Quality=8876965363392006683896686406662892742631935607775781124567860367072844101467529341139897385073806494410959963118706647645741065022099471703157137719745329483651697091715990039867856095503627848912747997752817220409077532140407542424807929035441808867328.00
    卫星 Prn=14 Snr=50.1 Angle=97.8 Quality=8876965363392006683896686406662892742631935607775781124567860367072844101467529341139897385073806494410959963118706647645741065022099471703157137719745329483651697091715990039867856095503627848912747997752817220409077532140407542424807929035441808867328.00
    卫星 Prn=16 Snr=50.0 Angle=97.9 Quality=8876965363392006683896686406662892742631935607775781124567860367072844101467529341139897385073806494410959963118706647645741065022099471703157137719745329483651697091715990039867856095503627848912747997752817220409077532140407542424807929035441808867328.00
    卫星 Prn=31 Snr=50.0 Angle=97.8 Quality=8876965363392006683896686406662892742631935607775781124567860367072844101467529341139897385073806494410959963118706647645741065022099471703157137719745329483651697091715990039867856095503627848912747997752817220409077532140407542424807929035441808867328.00
    卫星 Prn=34 Snr=50.0 Angle=97.8 Quality=8876965363392006683896686406662892742631935607775781124567860367072844101467529341139897385073806494410959963118706647645741065022099471703157137719745329483651697091715990039867856095503627848912747997752817220409077532140407542424807929035441808867328.00

---- 报警时刻 code=17 天线对(1,4) t=5167.0s ----
  频点 Sys=BDS Type=B3I Alarm=1 来向角度=111.00° 被欺骗卫星数=12
    卫星 Prn=1 Snr=57.3 Angle=95.7 Quality=0.00
    卫星 Prn=2 Snr=57.4 Angle=95.7 Quality=8876965363392006683896686406662892742631935607775781124567860367072844101467529341139897385073806494410959963118706647645741065022099471703157137719745329483651697091715990039867856095503627848912747997752817220409077532140407542424807929035441808867328.00
    卫星 Prn=3 Snr=57.3 Angle=95.7 Quality=8876965363392006683896686406662892742631935607775781124567860367072844101467529341139897385073806494410959963118706647645741065022099471703157137719745329483651697091715990039867856095503627848912747997752817220409077532140407542424807929035441808867328.00
    卫星 Prn=4 Snr=57.5 Angle=95.8 Quality=8876965363392006683896686406662892742631935607775781124567860367072844101467529341139897385073806494410959963118706647645741065022099471703157137719745329483651697091715990039867856095503627848912747997752817220409077532140407542424807929035441808867328.00
    卫星 Prn=6 Snr=57.3 Angle=95.8 Quality=8876965363392006683896686406662892742631935607775781124567860367072844101467529341139897385073806494410959963118706647645741065022099471703157137719745329483651697091715990039867856095503627848912747997752817220409077532140407542424807929035441808867328.00
    卫星 Prn=7 Snr=57.3 Angle=95.7 Quality=8876965363392006683896686406662892742631935607775781124567860367072844101467529341139897385073806494410959963118706647645741065022099471703157137719745329483651697091715990039867856095503627848912747997752817220409077532140407542424807929035441808867328.00
    卫星 Prn=8 Snr=57.2 Angle=95.5 Quality=8876965363392006683896686406662892742631935607775781124567860367072844101467529341139897385073806494410959963118706647645741065022099471703157137719745329483651697091715990039867856095503627848912747997752817220409077532140407542424807929035441808867328.00
    卫星 Prn=9 Snr=57.3 Angle=95.6 Quality=8876965363392006683896686406662892742631935607775781124567860367072844101467529341139897385073806494410959963118706647645741065022099471703157137719745329483651697091715990039867856095503627848912747997752817220409077532140407542424807929035441808867328.00
    卫星 Prn=10 Snr=57.3 Angle=95.7 Quality=8876965363392006683896686406662892742631935607775781124567860367072844101467529341139897385073806494410959963118706647645741065022099471703157137719745329483651697091715990039867856095503627848912747997752817220409077532140407542424807929035441808867328.00
    卫星 Prn=14 Snr=57.3 Angle=95.9 Quality=8876965363392006683896686406662892742631935607775781124567860367072844101467529341139897385073806494410959963118706647645741065022099471703157137719745329483651697091715990039867856095503627848912747997752817220409077532140407542424807929035441808867328.00
    卫星 Prn=21 Snr=57.3 Angle=95.7 Quality=8876965363392006683896686406662892742631935607775781124567860367072844101467529341139897385073806494410959963118706647645741065022099471703157137719745329483651697091715990039867856095503627848912747997752817220409077532140407542424807929035441808867328.00
    卫星 Prn=26 Snr=57.3 Angle=95.5 Quality=8876965363392006683896686406662892742631935607775781124567860367072844101467529341139897385073806494410959963118706647645741065022099471703157137719745329483651697091715990039867856095503627848912747997752817220409077532140407542424807929035441808867328.00

---- 报警时刻 code=17 天线对(1,4) t=5167.0s ----
  频点 Sys=BDS Type=B1C Alarm=1 来向角度=111.00° 被欺骗卫星数=7
    卫星 Prn=6 Snr=48.2 Angle=97.8 Quality=0.00
    卫星 Prn=7 Snr=48.3 Angle=97.8 Quality=8876965363392006683896686406662892742631935607775781124567860367072844101467529341139897385073806494410959963118706647645741065022099471703157137719745329483651697091715990039867856095503627848912747997752817220409077532140407542424807929035441808867328.00
    卫星 Prn=8 Snr=48.2 Angle=97.8 Quality=8876965363392006683896686406662892742631935607775781124567860367072844101467529341139897385073806494410959963118706647645741065022099471703157137719745329483651697091715990039867856095503627848912747997752817220409077532140407542424807929035441808867328.00
    卫星 Prn=14 Snr=48.3 Angle=97.8 Quality=8876965363392006683896686406662892742631935607775781124567860367072844101467529341139897385073806494410959963118706647645741065022099471703157137719745329483651697091715990039867856095503627848912747997752817220409077532140407542424807929035441808867328.00
    卫星 Prn=21 Snr=48.4 Angle=98.0 Quality=8876965363392006683896686406662892742631935607775781124567860367072844101467529341139897385073806494410959963118706647645741065022099471703157137719745329483651697091715990039867856095503627848912747997752817220409077532140407542424807929035441808867328.00
    卫星 Prn=24 Snr=48.3 Angle=97.7 Quality=8876965363392006683896686406662892742631935607775781124567860367072844101467529341139897385073806494410959963118706647645741065022099471703157137719745329483651697091715990039867856095503627848912747997752817220409077532140407542424807929035441808867328.00
    卫星 Prn=26 Snr=48.2 Angle=97.8 Quality=8876965363392006683896686406662892742631935607775781124567860367072844101467529341139897385073806494410959963118706647645741065022099471703157137719745329483651697091715990039867856095503627848912747997752817220409077532140407542424807929035441808867328.00

---- 报警时刻 code=17 天线对(1,4) t=5167.0s ----
  频点 Sys=BDS Type=B2a Alarm=1 来向角度=110.00° 被欺骗卫星数=7
    卫星 Prn=6 Snr=55.5 Angle=98.2 Quality=0.00
    卫星 Prn=7 Snr=55.5 Angle=98.3 Quality=8876965363392006683896686406662892742631935607775781124567860367072844101467529341139897385073806494410959963118706647645741065022099471703157137719745329483651697091715990039867856095503627848912747997752817220409077532140407542424807929035441808867328.00
    卫星 Prn=8 Snr=55.5 Angle=98.3 Quality=8876965363392006683896686406662892742631935607775781124567860367072844101467529341139897385073806494410959963118706647645741065022099471703157137719745329483651697091715990039867856095503627848912747997752817220409077532140407542424807929035441808867328.00
    卫星 Prn=14 Snr=55.5 Angle=98.2 Quality=8876965363392006683896686406662892742631935607775781124567860367072844101467529341139897385073806494410959963118706647645741065022099471703157137719745329483651697091715990039867856095503627848912747997752817220409077532140407542424807929035441808867328.00
    卫星 Prn=21 Snr=55.5 Angle=98.4 Quality=8876965363392006683896686406662892742631935607775781124567860367072844101467529341139897385073806494410959963118706647645741065022099471703157137719745329483651697091715990039867856095503627848912747997752817220409077532140407542424807929035441808867328.00
    卫星 Prn=24 Snr=55.5 Angle=98.3 Quality=8876965363392006683896686406662892742631935607775781124567860367072844101467529341139897385073806494410959963118706647645741065022099471703157137719745329483651697091715990039867856095503627848912747997752817220409077532140407542424807929035441808867328.00
    卫星 Prn=26 Snr=55.5 Angle=98.3 Quality=8876965363392006683896686406662892742631935607775781124567860367072844101467529341139897385073806494410959963118706647645741065022099471703157137719745329483651697091715990039867856095503627848912747997752817220409077532140407542424807929035441808867328.00

---- 报警时刻 code=17 天线对(1,4) t=5167.0s ----
  频点 Sys=BDS Type=B2b Alarm=1 来向角度=112.00° 被欺骗卫星数=7
    卫星 Prn=6 Snr=54.7 Angle=97.8 Quality=0.00
    卫星 Prn=7 Snr=54.7 Angle=97.8 Quality=8876965363392006683896686406662892742631935607775781124567860367072844101467529341139897385073806494410959963118706647645741065022099471703157137719745329483651697091715990039867856095503627848912747997752817220409077532140407542424807929035441808867328.00
    卫星 Prn=8 Snr=54.7 Angle=97.7 Quality=8876965363392006683896686406662892742631935607775781124567860367072844101467529341139897385073806494410959963118706647645741065022099471703157137719745329483651697091715990039867856095503627848912747997752817220409077532140407542424807929035441808867328.00
    卫星 Prn=14 Snr=54.8 Angle=97.7 Quality=8876965363392006683896686406662892742631935607775781124567860367072844101467529341139897385073806494410959963118706647645741065022099471703157137719745329483651697091715990039867856095503627848912747997752817220409077532140407542424807929035441808867328.00
    卫星 Prn=21 Snr=54.7 Angle=97.7 Quality=8876965363392006683896686406662892742631935607775781124567860367072844101467529341139897385073806494410959963118706647645741065022099471703157137719745329483651697091715990039867856095503627848912747997752817220409077532140407542424807929035441808867328.00
    卫星 Prn=24 Snr=54.7 Angle=97.9 Quality=8876965363392006683896686406662892742631935607775781124567860367072844101467529341139897385073806494410959963118706647645741065022099471703157137719745329483651697091715990039867856095503627848912747997752817220409077532140407542424807929035441808867328.00
    卫星 Prn=26 Snr=54.7 Angle=97.8 Quality=8876965363392006683896686406662892742631935607775781124567860367072844101467529341139897385073806494410959963118706647645741065022099471703157137719745329483651697091715990039867856095503627848912747997752817220409077532140407542424807929035441808867328.00

---- 报警时刻 code=25 天线对(1,5) t=5176.0s ----
  频点 Sys=GPS Type=L1_CA Alarm=1 来向角度=111.00° 被欺骗卫星数=8
    卫星 Prn=3 Snr=50.0 Angle=97.9 Quality=0.00
    卫星 Prn=4 Snr=50.0 Angle=97.8 Quality=8876965363392006683896686406662892742631935607775781124567860367072844101467529341139897385073806494410959963118706647645741065022099471703157137719745329483651697091715990039867856095503627848912747997752817220409077532140407542424807929035441808867328.00
    卫星 Prn=16 Snr=49.9 Angle=-1 Quality=-1
    卫星 Prn=26 Snr=50.0 Angle=97.8 Quality=0.00
    卫星 Prn=28 Snr=49.9 Angle=97.7 Quality=8876965363392006683896686406662892742631935607775781124567860367072844101467529341139897385073806494410959963118706647645741065022099471703157137719745329483651697091715990039867856095503627848912747997752817220409077532140407542424807929035441808867328.00
    卫星 Prn=29 Snr=50.0 Angle=97.8 Quality=8876965363392006683896686406662892742631935607775781124567860367072844101467529341139897385073806494410959963118706647645741065022099471703157137719745329483651697091715990039867856095503627848912747997752817220409077532140407542424807929035441808867328.00
    卫星 Prn=31 Snr=50.0 Angle=97.8 Quality=8876965363392006683896686406662892742631935607775781124567860367072844101467529341139897385073806494410959963118706647645741065022099471703157137719745329483651697091715990039867856095503627848912747997752817220409077532140407542424807929035441808867328.00
    卫星 Prn=32 Snr=50.0 Angle=97.8 Quality=8876965363392006683896686406662892742631935607775781124567860367072844101467529341139897385073806494410959963118706647645741065022099471703157137719745329483651697091715990039867856095503627848912747997752817220409077532140407542424807929035441808867328.00

---- 报警时刻 code=25 天线对(1,5) t=5176.0s ----
  频点 Sys=GLONASS Type=G1 Alarm=1 来向角度=-1 被欺骗卫星数=4
    卫星 Prn=6 Snr=57.8 Angle=-1 Quality=-1
    卫星 Prn=9 Snr=59.3 Angle=-1 Quality=-1
    卫星 Prn=10 Snr=58.5 Angle=-1 Quality=-1
    卫星 Prn=16 Snr=59.2 Angle=-1 Quality=-1

---- 报警时刻 code=25 天线对(1,5) t=5176.0s ----
  频点 Sys=Galileo Type=E1C Alarm=1 来向角度=111.00° 被欺骗卫星数=8
    卫星 Prn=4 Snr=50.0 Angle=97.7 Quality=0.00
    卫星 Prn=5 Snr=50.0 Angle=97.8 Quality=8876965363392006683896686406662892742631935607775781124567860367072844101467529341139897385073806494410959963118706647645741065022099471703157137719745329483651697091715990039867856095503627848912747997752817220409077532140407542424807929035441808867328.00
    卫星 Prn=6 Snr=50.1 Angle=97.8 Quality=8876965363392006683896686406662892742631935607775781124567860367072844101467529341139897385073806494410959963118706647645741065022099471703157137719745329483651697091715990039867856095503627848912747997752817220409077532140407542424807929035441808867328.00
    卫星 Prn=9 Snr=50.1 Angle=97.8 Quality=8876965363392006683896686406662892742631935607775781124567860367072844101467529341139897385073806494410959963118706647645741065022099471703157137719745329483651697091715990039867856095503627848912747997752817220409077532140407542424807929035441808867328.00
    卫星 Prn=14 Snr=50.1 Angle=97.7 Quality=8876965363392006683896686406662892742631935607775781124567860367072844101467529341139897385073806494410959963118706647645741065022099471703157137719745329483651697091715990039867856095503627848912747997752817220409077532140407542424807929035441808867328.00
    卫星 Prn=16 Snr=50.0 Angle=97.9 Quality=8876965363392006683896686406662892742631935607775781124567860367072844101467529341139897385073806494410959963118706647645741065022099471703157137719745329483651697091715990039867856095503627848912747997752817220409077532140407542424807929035441808867328.00
    卫星 Prn=31 Snr=50.0 Angle=97.8 Quality=8876965363392006683896686406662892742631935607775781124567860367072844101467529341139897385073806494410959963118706647645741065022099471703157137719745329483651697091715990039867856095503627848912747997752817220409077532140407542424807929035441808867328.00
    卫星 Prn=34 Snr=50.0 Angle=97.8 Quality=8876965363392006683896686406662892742631935607775781124567860367072844101467529341139897385073806494410959963118706647645741065022099471703157137719745329483651697091715990039867856095503627848912747997752817220409077532140407542424807929035441808867328.00

---- 报警时刻 code=25 天线对(1,5) t=5176.0s ----
  频点 Sys=BDS Type=B3I Alarm=1 来向角度=111.00° 被欺骗卫星数=12
    卫星 Prn=1 Snr=57.3 Angle=95.7 Quality=0.00
    卫星 Prn=2 Snr=57.3 Angle=95.7 Quality=8876965363392006683896686406662892742631935607775781124567860367072844101467529341139897385073806494410959963118706647645741065022099471703157137719745329483651697091715990039867856095503627848912747997752817220409077532140407542424807929035441808867328.00
    卫星 Prn=3 Snr=57.3 Angle=95.7 Quality=8876965363392006683896686406662892742631935607775781124567860367072844101467529341139897385073806494410959963118706647645741065022099471703157137719745329483651697091715990039867856095503627848912747997752817220409077532140407542424807929035441808867328.00
    卫星 Prn=4 Snr=57.3 Angle=95.9 Quality=8876965363392006683896686406662892742631935607775781124567860367072844101467529341139897385073806494410959963118706647645741065022099471703157137719745329483651697091715990039867856095503627848912747997752817220409077532140407542424807929035441808867328.00
    卫星 Prn=6 Snr=57.4 Angle=95.9 Quality=8876965363392006683896686406662892742631935607775781124567860367072844101467529341139897385073806494410959963118706647645741065022099471703157137719745329483651697091715990039867856095503627848912747997752817220409077532140407542424807929035441808867328.00
    卫星 Prn=7 Snr=57.4 Angle=95.8 Quality=8876965363392006683896686406662892742631935607775781124567860367072844101467529341139897385073806494410959963118706647645741065022099471703157137719745329483651697091715990039867856095503627848912747997752817220409077532140407542424807929035441808867328.00
    卫星 Prn=8 Snr=57.3 Angle=95.6 Quality=8876965363392006683896686406662892742631935607775781124567860367072844101467529341139897385073806494410959963118706647645741065022099471703157137719745329483651697091715990039867856095503627848912747997752817220409077532140407542424807929035441808867328.00
    卫星 Prn=9 Snr=57.3 Angle=95.7 Quality=8876965363392006683896686406662892742631935607775781124567860367072844101467529341139897385073806494410959963118706647645741065022099471703157137719745329483651697091715990039867856095503627848912747997752817220409077532140407542424807929035441808867328.00
    卫星 Prn=10 Snr=57.2 Angle=95.7 Quality=8876965363392006683896686406662892742631935607775781124567860367072844101467529341139897385073806494410959963118706647645741065022099471703157137719745329483651697091715990039867856095503627848912747997752817220409077532140407542424807929035441808867328.00
    卫星 Prn=14 Snr=57.3 Angle=95.9 Quality=8876965363392006683896686406662892742631935607775781124567860367072844101467529341139897385073806494410959963118706647645741065022099471703157137719745329483651697091715990039867856095503627848912747997752817220409077532140407542424807929035441808867328.00
    卫星 Prn=21 Snr=57.4 Angle=95.7 Quality=8876965363392006683896686406662892742631935607775781124567860367072844101467529341139897385073806494410959963118706647645741065022099471703157137719745329483651697091715990039867856095503627848912747997752817220409077532140407542424807929035441808867328.00
    卫星 Prn=26 Snr=57.3 Angle=95.5 Quality=8876965363392006683896686406662892742631935607775781124567860367072844101467529341139897385073806494410959963118706647645741065022099471703157137719745329483651697091715990039867856095503627848912747997752817220409077532140407542424807929035441808867328.00

---- 报警时刻 code=25 天线对(1,5) t=5176.0s ----
  频点 Sys=BDS Type=B1C Alarm=1 来向角度=111.00° 被欺骗卫星数=7
    卫星 Prn=6 Snr=48.2 Angle=97.7 Quality=0.00
    卫星 Prn=7 Snr=48.3 Angle=97.7 Quality=8876965363392006683896686406662892742631935607775781124567860367072844101467529341139897385073806494410959963118706647645741065022099471703157137719745329483651697091715990039867856095503627848912747997752817220409077532140407542424807929035441808867328.00
    卫星 Prn=8 Snr=48.2 Angle=97.8 Quality=8876965363392006683896686406662892742631935607775781124567860367072844101467529341139897385073806494410959963118706647645741065022099471703157137719745329483651697091715990039867856095503627848912747997752817220409077532140407542424807929035441808867328.00
    卫星 Prn=14 Snr=48.3 Angle=97.8 Quality=8876965363392006683896686406662892742631935607775781124567860367072844101467529341139897385073806494410959963118706647645741065022099471703157137719745329483651697091715990039867856095503627848912747997752817220409077532140407542424807929035441808867328.00
    卫星 Prn=21 Snr=48.4 Angle=97.9 Quality=8876965363392006683896686406662892742631935607775781124567860367072844101467529341139897385073806494410959963118706647645741065022099471703157137719745329483651697091715990039867856095503627848912747997752817220409077532140407542424807929035441808867328.00
    卫星 Prn=24 Snr=48.3 Angle=97.6 Quality=8876965363392006683896686406662892742631935607775781124567860367072844101467529341139897385073806494410959963118706647645741065022099471703157137719745329483651697091715990039867856095503627848912747997752817220409077532140407542424807929035441808867328.00
    卫星 Prn=26 Snr=48.2 Angle=97.8 Quality=8876965363392006683896686406662892742631935607775781124567860367072844101467529341139897385073806494410959963118706647645741065022099471703157137719745329483651697091715990039867856095503627848912747997752817220409077532140407542424807929035441808867328.00

---- 报警时刻 code=25 天线对(1,5) t=5176.0s ----
  频点 Sys=BDS Type=B2a Alarm=1 来向角度=109.00° 被欺骗卫星数=7
    卫星 Prn=6 Snr=55.6 Angle=98.3 Quality=0.00
    卫星 Prn=7 Snr=55.6 Angle=98.3 Quality=8876965363392006683896686406662892742631935607775781124567860367072844101467529341139897385073806494410959963118706647645741065022099471703157137719745329483651697091715990039867856095503627848912747997752817220409077532140407542424807929035441808867328.00
    卫星 Prn=8 Snr=55.6 Angle=98.3 Quality=8876965363392006683896686406662892742631935607775781124567860367072844101467529341139897385073806494410959963118706647645741065022099471703157137719745329483651697091715990039867856095503627848912747997752817220409077532140407542424807929035441808867328.00
    卫星 Prn=14 Snr=55.6 Angle=98.2 Quality=8876965363392006683896686406662892742631935607775781124567860367072844101467529341139897385073806494410959963118706647645741065022099471703157137719745329483651697091715990039867856095503627848912747997752817220409077532140407542424807929035441808867328.00
    卫星 Prn=21 Snr=55.6 Angle=98.4 Quality=8876965363392006683896686406662892742631935607775781124567860367072844101467529341139897385073806494410959963118706647645741065022099471703157137719745329483651697091715990039867856095503627848912747997752817220409077532140407542424807929035441808867328.00
    卫星 Prn=24 Snr=55.6 Angle=98.3 Quality=8876965363392006683896686406662892742631935607775781124567860367072844101467529341139897385073806494410959963118706647645741065022099471703157137719745329483651697091715990039867856095503627848912747997752817220409077532140407542424807929035441808867328.00
    卫星 Prn=26 Snr=55.6 Angle=98.3 Quality=8876965363392006683896686406662892742631935607775781124567860367072844101467529341139897385073806494410959963118706647645741065022099471703157137719745329483651697091715990039867856095503627848912747997752817220409077532140407542424807929035441808867328.00

---- 报警时刻 code=25 天线对(1,5) t=5176.0s ----
  频点 Sys=BDS Type=B2b Alarm=1 来向角度=112.00° 被欺骗卫星数=7
    卫星 Prn=6 Snr=54.8 Angle=97.8 Quality=0.00
    卫星 Prn=7 Snr=54.8 Angle=97.8 Quality=8876965363392006683896686406662892742631935607775781124567860367072844101467529341139897385073806494410959963118706647645741065022099471703157137719745329483651697091715990039867856095503627848912747997752817220409077532140407542424807929035441808867328.00
    卫星 Prn=8 Snr=54.8 Angle=97.7 Quality=8876965363392006683896686406662892742631935607775781124567860367072844101467529341139897385073806494410959963118706647645741065022099471703157137719745329483651697091715990039867856095503627848912747997752817220409077532140407542424807929035441808867328.00
    卫星 Prn=14 Snr=54.8 Angle=97.8 Quality=8876965363392006683896686406662892742631935607775781124567860367072844101467529341139897385073806494410959963118706647645741065022099471703157137719745329483651697091715990039867856095503627848912747997752817220409077532140407542424807929035441808867328.00
    卫星 Prn=21 Snr=54.8 Angle=97.8 Quality=8876965363392006683896686406662892742631935607775781124567860367072844101467529341139897385073806494410959963118706647645741065022099471703157137719745329483651697091715990039867856095503627848912747997752817220409077532140407542424807929035441808867328.00
    卫星 Prn=24 Snr=54.8 Angle=97.9 Quality=8876965363392006683896686406662892742631935607775781124567860367072844101467529341139897385073806494410959963118706647645741065022099471703157137719745329483651697091715990039867856095503627848912747997752817220409077532140407542424807929035441808867328.00
    卫星 Prn=26 Snr=54.8 Angle=97.8 Quality=8876965363392006683896686406662892742631935607775781124567860367072844101467529341139897385073806494410959963118706647645741065022099471703157137719745329483651697091715990039867856095503627848912747997752817220409077532140407542424807929035441808867328.00

---- 报警时刻 code=33 天线对(1,6) t=5185.0s ----
  频点 Sys=GPS Type=L1_CA Alarm=1 来向角度=111.00° 被欺骗卫星数=7
    卫星 Prn=3 Snr=50.0 Angle=97.9 Quality=0.00
    卫星 Prn=4 Snr=50.0 Angle=97.8 Quality=8876965363392006683896686406662892742631935607775781124567860367072844101467529341139897385073806494410959963118706647645741065022099471703157137719745329483651697091715990039867856095503627848912747997752817220409077532140407542424807929035441808867328.00
    卫星 Prn=26 Snr=50.0 Angle=97.8 Quality=8876965363392006683896686406662892742631935607775781124567860367072844101467529341139897385073806494410959963118706647645741065022099471703157137719745329483651697091715990039867856095503627848912747997752817220409077532140407542424807929035441808867328.00
    卫星 Prn=28 Snr=49.9 Angle=97.7 Quality=8876965363392006683896686406662892742631935607775781124567860367072844101467529341139897385073806494410959963118706647645741065022099471703157137719745329483651697091715990039867856095503627848912747997752817220409077532140407542424807929035441808867328.00
    卫星 Prn=29 Snr=50.0 Angle=97.8 Quality=8876965363392006683896686406662892742631935607775781124567860367072844101467529341139897385073806494410959963118706647645741065022099471703157137719745329483651697091715990039867856095503627848912747997752817220409077532140407542424807929035441808867328.00
    卫星 Prn=31 Snr=50.0 Angle=97.8 Quality=8876965363392006683896686406662892742631935607775781124567860367072844101467529341139897385073806494410959963118706647645741065022099471703157137719745329483651697091715990039867856095503627848912747997752817220409077532140407542424807929035441808867328.00
    卫星 Prn=32 Snr=50.0 Angle=97.8 Quality=8876965363392006683896686406662892742631935607775781124567860367072844101467529341139897385073806494410959963118706647645741065022099471703157137719745329483651697091715990039867856095503627848912747997752817220409077532140407542424807929035441808867328.00

---- 报警时刻 code=33 天线对(1,6) t=5185.0s ----
  频点 Sys=Galileo Type=E1C Alarm=1 来向角度=111.00° 被欺骗卫星数=7
    卫星 Prn=4 Snr=50.0 Angle=97.7 Quality=0.00
    卫星 Prn=5 Snr=50.0 Angle=97.8 Quality=8876965363392006683896686406662892742631935607775781124567860367072844101467529341139897385073806494410959963118706647645741065022099471703157137719745329483651697091715990039867856095503627848912747997752817220409077532140407542424807929035441808867328.00
    卫星 Prn=6 Snr=50.1 Angle=97.8 Quality=8876965363392006683896686406662892742631935607775781124567860367072844101467529341139897385073806494410959963118706647645741065022099471703157137719745329483651697091715990039867856095503627848912747997752817220409077532140407542424807929035441808867328.00
    卫星 Prn=9 Snr=50.1 Angle=97.8 Quality=8876965363392006683896686406662892742631935607775781124567860367072844101467529341139897385073806494410959963118706647645741065022099471703157137719745329483651697091715990039867856095503627848912747997752817220409077532140407542424807929035441808867328.00
    卫星 Prn=14 Snr=50.1 Angle=97.7 Quality=8876965363392006683896686406662892742631935607775781124567860367072844101467529341139897385073806494410959963118706647645741065022099471703157137719745329483651697091715990039867856095503627848912747997752817220409077532140407542424807929035441808867328.00
    卫星 Prn=16 Snr=50.0 Angle=97.9 Quality=8876965363392006683896686406662892742631935607775781124567860367072844101467529341139897385073806494410959963118706647645741065022099471703157137719745329483651697091715990039867856095503627848912747997752817220409077532140407542424807929035441808867328.00
    卫星 Prn=31 Snr=50.0 Angle=97.7 Quality=8876965363392006683896686406662892742631935607775781124567860367072844101467529341139897385073806494410959963118706647645741065022099471703157137719745329483651697091715990039867856095503627848912747997752817220409077532140407542424807929035441808867328.00

---- 报警时刻 code=33 天线对(1,6) t=5185.0s ----
  频点 Sys=BDS Type=B3I Alarm=1 来向角度=110.92° 被欺骗卫星数=12
    卫星 Prn=1 Snr=57.3 Angle=95.6 Quality=0.00
    卫星 Prn=2 Snr=57.3 Angle=95.5 Quality=8876965363392006683896686406662892742631935607775781124567860367072844101467529341139897385073806494410959963118706647645741065022099471703157137719745329483651697091715990039867856095503627848912747997752817220409077532140407542424807929035441808867328.00
    卫星 Prn=3 Snr=57.3 Angle=95.6 Quality=8876965363392006683896686406662892742631935607775781124567860367072844101467529341139897385073806494410959963118706647645741065022099471703157137719745329483651697091715990039867856095503627848912747997752817220409077532140407542424807929035441808867328.00
    卫星 Prn=4 Snr=57.3 Angle=95.7 Quality=8876965363392006683896686406662892742631935607775781124567860367072844101467529341139897385073806494410959963118706647645741065022099471703157137719745329483651697091715990039867856095503627848912747997752817220409077532140407542424807929035441808867328.00
    卫星 Prn=6 Snr=57.4 Angle=95.7 Quality=8876965363392006683896686406662892742631935607775781124567860367072844101467529341139897385073806494410959963118706647645741065022099471703157137719745329483651697091715990039867856095503627848912747997752817220409077532140407542424807929035441808867328.00
    卫星 Prn=7 Snr=57.4 Angle=95.6 Quality=8876965363392006683896686406662892742631935607775781124567860367072844101467529341139897385073806494410959963118706647645741065022099471703157137719745329483651697091715990039867856095503627848912747997752817220409077532140407542424807929035441808867328.00
    卫星 Prn=8 Snr=57.3 Angle=95.6 Quality=8876965363392006683896686406662892742631935607775781124567860367072844101467529341139897385073806494410959963118706647645741065022099471703157137719745329483651697091715990039867856095503627848912747997752817220409077532140407542424807929035441808867328.00
    卫星 Prn=9 Snr=57.3 Angle=95.4 Quality=8876965363392006683896686406662892742631935607775781124567860367072844101467529341139897385073806494410959963118706647645741065022099471703157137719745329483651697091715990039867856095503627848912747997752817220409077532140407542424807929035441808867328.00
    卫星 Prn=10 Snr=57.2 Angle=95.7 Quality=8876965363392006683896686406662892742631935607775781124567860367072844101467529341139897385073806494410959963118706647645741065022099471703157137719745329483651697091715990039867856095503627848912747997752817220409077532140407542424807929035441808867328.00
    卫星 Prn=14 Snr=57.3 Angle=95.7 Quality=8876965363392006683896686406662892742631935607775781124567860367072844101467529341139897385073806494410959963118706647645741065022099471703157137719745329483651697091715990039867856095503627848912747997752817220409077532140407542424807929035441808867328.00
    卫星 Prn=21 Snr=57.4 Angle=95.6 Quality=8876965363392006683896686406662892742631935607775781124567860367072844101467529341139897385073806494410959963118706647645741065022099471703157137719745329483651697091715990039867856095503627848912747997752817220409077532140407542424807929035441808867328.00
    卫星 Prn=26 Snr=57.3 Angle=95.3 Quality=8876965363392006683896686406662892742631935607775781124567860367072844101467529341139897385073806494410959963118706647645741065022099471703157137719745329483651697091715990039867856095503627848912747997752817220409077532140407542424807929035441808867328.00

---- 报警时刻 code=33 天线对(1,6) t=5185.0s ----
  频点 Sys=BDS Type=B1C Alarm=1 来向角度=111.00° 被欺骗卫星数=6
    卫星 Prn=6 Snr=48.2 Angle=97.7 Quality=0.00
    卫星 Prn=7 Snr=48.3 Angle=97.7 Quality=8876965363392006683896686406662892742631935607775781124567860367072844101467529341139897385073806494410959963118706647645741065022099471703157137719745329483651697091715990039867856095503627848912747997752817220409077532140407542424807929035441808867328.00
    卫星 Prn=8 Snr=48.2 Angle=97.8 Quality=8876965363392006683896686406662892742631935607775781124567860367072844101467529341139897385073806494410959963118706647645741065022099471703157137719745329483651697091715990039867856095503627848912747997752817220409077532140407542424807929035441808867328.00
    卫星 Prn=14 Snr=48.3 Angle=97.9 Quality=8876965363392006683896686406662892742631935607775781124567860367072844101467529341139897385073806494410959963118706647645741065022099471703157137719745329483651697091715990039867856095503627848912747997752817220409077532140407542424807929035441808867328.00
    卫星 Prn=21 Snr=48.4 Angle=97.9 Quality=8876965363392006683896686406662892742631935607775781124567860367072844101467529341139897385073806494410959963118706647645741065022099471703157137719745329483651697091715990039867856095503627848912747997752817220409077532140407542424807929035441808867328.00
    卫星 Prn=26 Snr=48.2 Angle=97.8 Quality=8876965363392006683896686406662892742631935607775781124567860367072844101467529341139897385073806494410959963118706647645741065022099471703157137719745329483651697091715990039867856095503627848912747997752817220409077532140407542424807929035441808867328.00

---- 报警时刻 code=33 天线对(1,6) t=5185.0s ----
  频点 Sys=BDS Type=B2a Alarm=1 来向角度=109.00° 被欺骗卫星数=7
    卫星 Prn=6 Snr=55.6 Angle=98.1 Quality=0.00
    卫星 Prn=7 Snr=55.6 Angle=98.2 Quality=8876965363392006683896686406662892742631935607775781124567860367072844101467529341139897385073806494410959963118706647645741065022099471703157137719745329483651697091715990039867856095503627848912747997752817220409077532140407542424807929035441808867328.00
    卫星 Prn=8 Snr=55.6 Angle=98.2 Quality=8876965363392006683896686406662892742631935607775781124567860367072844101467529341139897385073806494410959963118706647645741065022099471703157137719745329483651697091715990039867856095503627848912747997752817220409077532140407542424807929035441808867328.00
    卫星 Prn=14 Snr=55.6 Angle=98.1 Quality=8876965363392006683896686406662892742631935607775781124567860367072844101467529341139897385073806494410959963118706647645741065022099471703157137719745329483651697091715990039867856095503627848912747997752817220409077532140407542424807929035441808867328.00
    卫星 Prn=21 Snr=55.6 Angle=98.2 Quality=8876965363392006683896686406662892742631935607775781124567860367072844101467529341139897385073806494410959963118706647645741065022099471703157137719745329483651697091715990039867856095503627848912747997752817220409077532140407542424807929035441808867328.00
    卫星 Prn=24 Snr=55.6 Angle=98.1 Quality=8876965363392006683896686406662892742631935607775781124567860367072844101467529341139897385073806494410959963118706647645741065022099471703157137719745329483651697091715990039867856095503627848912747997752817220409077532140407542424807929035441808867328.00
    卫星 Prn=26 Snr=55.6 Angle=98.1 Quality=8876965363392006683896686406662892742631935607775781124567860367072844101467529341139897385073806494410959963118706647645741065022099471703157137719745329483651697091715990039867856095503627848912747997752817220409077532140407542424807929035441808867328.00

---- 报警时刻 code=33 天线对(1,6) t=5185.0s ----
  频点 Sys=BDS Type=B2b Alarm=1 来向角度=112.00° 被欺骗卫星数=7
    卫星 Prn=6 Snr=54.8 Angle=97.4 Quality=0.00
    卫星 Prn=7 Snr=54.8 Angle=97.5 Quality=8876965363392006683896686406662892742631935607775781124567860367072844101467529341139897385073806494410959963118706647645741065022099471703157137719745329483651697091715990039867856095503627848912747997752817220409077532140407542424807929035441808867328.00
    卫星 Prn=8 Snr=54.8 Angle=97.5 Quality=8876965363392006683896686406662892742631935607775781124567860367072844101467529341139897385073806494410959963118706647645741065022099471703157137719745329483651697091715990039867856095503627848912747997752817220409077532140407542424807929035441808867328.00
    卫星 Prn=14 Snr=54.8 Angle=97.5 Quality=8876965363392006683896686406662892742631935607775781124567860367072844101467529341139897385073806494410959963118706647645741065022099471703157137719745329483651697091715990039867856095503627848912747997752817220409077532140407542424807929035441808867328.00
    卫星 Prn=21 Snr=54.8 Angle=97.5 Quality=8876965363392006683896686406662892742631935607775781124567860367072844101467529341139897385073806494410959963118706647645741065022099471703157137719745329483651697091715990039867856095503627848912747997752817220409077532140407542424807929035441808867328.00
    卫星 Prn=24 Snr=54.8 Angle=97.5 Quality=8876965363392006683896686406662892742631935607775781124567860367072844101467529341139897385073806494410959963118706647645741065022099471703157137719745329483651697091715990039867856095503627848912747997752817220409077532140407542424807929035441808867328.00
    卫星 Prn=26 Snr=54.8 Angle=97.5 Quality=8876965363392006683896686406662892742631935607775781124567860367072844101467529341139897385073806494410959963118706647645741065022099471703157137719745329483651697091715990039867856095503627848912747997752817220409077532140407542424807929035441808867328.00

---- 报警时刻 code=1 天线对(1,7) t=5194.0s ----
  频点 Sys=GPS Type=L1_CA Alarm=1 来向角度=111.00° 被欺骗卫星数=7
    卫星 Prn=3 Snr=50.0 Angle=97.9 Quality=0.00
    卫星 Prn=4 Snr=50.0 Angle=97.8 Quality=8876965363392006683896686406662892742631935607775781124567860367072844101467529341139897385073806494410959963118706647645741065022099471703157137719745329483651697091715990039867856095503627848912747997752817220409077532140407542424807929035441808867328.00
    卫星 Prn=26 Snr=50.0 Angle=97.8 Quality=8876965363392006683896686406662892742631935607775781124567860367072844101467529341139897385073806494410959963118706647645741065022099471703157137719745329483651697091715990039867856095503627848912747997752817220409077532140407542424807929035441808867328.00
    卫星 Prn=28 Snr=49.9 Angle=97.7 Quality=8876965363392006683896686406662892742631935607775781124567860367072844101467529341139897385073806494410959963118706647645741065022099471703157137719745329483651697091715990039867856095503627848912747997752817220409077532140407542424807929035441808867328.00
    卫星 Prn=29 Snr=50.0 Angle=97.8 Quality=8876965363392006683896686406662892742631935607775781124567860367072844101467529341139897385073806494410959963118706647645741065022099471703157137719745329483651697091715990039867856095503627848912747997752817220409077532140407542424807929035441808867328.00
    卫星 Prn=31 Snr=50.0 Angle=97.8 Quality=8876965363392006683896686406662892742631935607775781124567860367072844101467529341139897385073806494410959963118706647645741065022099471703157137719745329483651697091715990039867856095503627848912747997752817220409077532140407542424807929035441808867328.00
    卫星 Prn=32 Snr=50.0 Angle=97.8 Quality=8876965363392006683896686406662892742631935607775781124567860367072844101467529341139897385073806494410959963118706647645741065022099471703157137719745329483651697091715990039867856095503627848912747997752817220409077532140407542424807929035441808867328.00

---- 报警时刻 code=1 天线对(1,7) t=5194.0s ----
  频点 Sys=Galileo Type=E1C Alarm=1 来向角度=111.00° 被欺骗卫星数=8
    卫星 Prn=4 Snr=50.0 Angle=97.7 Quality=0.00
    卫星 Prn=5 Snr=50.0 Angle=97.7 Quality=8876965363392006683896686406662892742631935607775781124567860367072844101467529341139897385073806494410959963118706647645741065022099471703157137719745329483651697091715990039867856095503627848912747997752817220409077532140407542424807929035441808867328.00
    卫星 Prn=6 Snr=50.1 Angle=97.8 Quality=8876965363392006683896686406662892742631935607775781124567860367072844101467529341139897385073806494410959963118706647645741065022099471703157137719745329483651697091715990039867856095503627848912747997752817220409077532140407542424807929035441808867328.00
    卫星 Prn=9 Snr=50.1 Angle=97.8 Quality=8876965363392006683896686406662892742631935607775781124567860367072844101467529341139897385073806494410959963118706647645741065022099471703157137719745329483651697091715990039867856095503627848912747997752817220409077532140407542424807929035441808867328.00
    卫星 Prn=14 Snr=50.1 Angle=97.7 Quality=8876965363392006683896686406662892742631935607775781124567860367072844101467529341139897385073806494410959963118706647645741065022099471703157137719745329483651697091715990039867856095503627848912747997752817220409077532140407542424807929035441808867328.00
    卫星 Prn=16 Snr=50.0 Angle=97.8 Quality=8876965363392006683896686406662892742631935607775781124567860367072844101467529341139897385073806494410959963118706647645741065022099471703157137719745329483651697091715990039867856095503627848912747997752817220409077532140407542424807929035441808867328.00
    卫星 Prn=31 Snr=50.0 Angle=97.7 Quality=8876965363392006683896686406662892742631935607775781124567860367072844101467529341139897385073806494410959963118706647645741065022099471703157137719745329483651697091715990039867856095503627848912747997752817220409077532140407542424807929035441808867328.00
    卫星 Prn=34 Snr=50.0 Angle=97.8 Quality=8876965363392006683896686406662892742631935607775781124567860367072844101467529341139897385073806494410959963118706647645741065022099471703157137719745329483651697091715990039867856095503627848912747997752817220409077532140407542424807929035441808867328.00

---- 报警时刻 code=1 天线对(1,7) t=5194.0s ----
  频点 Sys=BDS Type=B3I Alarm=1 来向角度=110.50° 被欺骗卫星数=12
    卫星 Prn=1 Snr=57.3 Angle=95.7 Quality=0.00
    卫星 Prn=2 Snr=57.3 Angle=95.7 Quality=8876965363392006683896686406662892742631935607775781124567860367072844101467529341139897385073806494410959963118706647645741065022099471703157137719745329483651697091715990039867856095503627848912747997752817220409077532140407542424807929035441808867328.00
    卫星 Prn=3 Snr=57.3 Angle=95.8 Quality=8876965363392006683896686406662892742631935607775781124567860367072844101467529341139897385073806494410959963118706647645741065022099471703157137719745329483651697091715990039867856095503627848912747997752817220409077532140407542424807929035441808867328.00
    卫星 Prn=4 Snr=57.3 Angle=95.8 Quality=8876965363392006683896686406662892742631935607775781124567860367072844101467529341139897385073806494410959963118706647645741065022099471703157137719745329483651697091715990039867856095503627848912747997752817220409077532140407542424807929035441808867328.00
    卫星 Prn=6 Snr=57.4 Angle=95.9 Quality=8876965363392006683896686406662892742631935607775781124567860367072844101467529341139897385073806494410959963118706647645741065022099471703157137719745329483651697091715990039867856095503627848912747997752817220409077532140407542424807929035441808867328.00
    卫星 Prn=7 Snr=57.4 Angle=95.8 Quality=8876965363392006683896686406662892742631935607775781124567860367072844101467529341139897385073806494410959963118706647645741065022099471703157137719745329483651697091715990039867856095503627848912747997752817220409077532140407542424807929035441808867328.00
    卫星 Prn=8 Snr=57.3 Angle=95.8 Quality=8876965363392006683896686406662892742631935607775781124567860367072844101467529341139897385073806494410959963118706647645741065022099471703157137719745329483651697091715990039867856095503627848912747997752817220409077532140407542424807929035441808867328.00
    卫星 Prn=9 Snr=57.3 Angle=95.6 Quality=8876965363392006683896686406662892742631935607775781124567860367072844101467529341139897385073806494410959963118706647645741065022099471703157137719745329483651697091715990039867856095503627848912747997752817220409077532140407542424807929035441808867328.00
    卫星 Prn=10 Snr=57.2 Angle=95.7 Quality=8876965363392006683896686406662892742631935607775781124567860367072844101467529341139897385073806494410959963118706647645741065022099471703157137719745329483651697091715990039867856095503627848912747997752817220409077532140407542424807929035441808867328.00
    卫星 Prn=14 Snr=57.3 Angle=95.8 Quality=8876965363392006683896686406662892742631935607775781124567860367072844101467529341139897385073806494410959963118706647645741065022099471703157137719745329483651697091715990039867856095503627848912747997752817220409077532140407542424807929035441808867328.00
    卫星 Prn=21 Snr=57.4 Angle=95.8 Quality=8876965363392006683896686406662892742631935607775781124567860367072844101467529341139897385073806494410959963118706647645741065022099471703157137719745329483651697091715990039867856095503627848912747997752817220409077532140407542424807929035441808867328.00
    卫星 Prn=26 Snr=57.3 Angle=95.5 Quality=8876965363392006683896686406662892742631935607775781124567860367072844101467529341139897385073806494410959963118706647645741065022099471703157137719745329483651697091715990039867856095503627848912747997752817220409077532140407542424807929035441808867328.00

---- 报警时刻 code=1 天线对(1,7) t=5194.0s ----
  频点 Sys=BDS Type=B1C Alarm=1 来向角度=111.00° 被欺骗卫星数=7
    卫星 Prn=6 Snr=48.3 Angle=97.6 Quality=0.00
    卫星 Prn=7 Snr=48.3 Angle=97.7 Quality=8876965363392006683896686406662892742631935607775781124567860367072844101467529341139897385073806494410959963118706647645741065022099471703157137719745329483651697091715990039867856095503627848912747997752817220409077532140407542424807929035441808867328.00
    卫星 Prn=8 Snr=48.2 Angle=97.8 Quality=8876965363392006683896686406662892742631935607775781124567860367072844101467529341139897385073806494410959963118706647645741065022099471703157137719745329483651697091715990039867856095503627848912747997752817220409077532140407542424807929035441808867328.00
    卫星 Prn=14 Snr=48.3 Angle=97.9 Quality=8876965363392006683896686406662892742631935607775781124567860367072844101467529341139897385073806494410959963118706647645741065022099471703157137719745329483651697091715990039867856095503627848912747997752817220409077532140407542424807929035441808867328.00
    卫星 Prn=21 Snr=48.4 Angle=97.8 Quality=8876965363392006683896686406662892742631935607775781124567860367072844101467529341139897385073806494410959963118706647645741065022099471703157137719745329483651697091715990039867856095503627848912747997752817220409077532140407542424807929035441808867328.00
    卫星 Prn=24 Snr=48.3 Angle=97.6 Quality=8876965363392006683896686406662892742631935607775781124567860367072844101467529341139897385073806494410959963118706647645741065022099471703157137719745329483651697091715990039867856095503627848912747997752817220409077532140407542424807929035441808867328.00
    卫星 Prn=26 Snr=48.2 Angle=97.9 Quality=8876965363392006683896686406662892742631935607775781124567860367072844101467529341139897385073806494410959963118706647645741065022099471703157137719745329483651697091715990039867856095503627848912747997752817220409077532140407542424807929035441808867328.00

---- 报警时刻 code=1 天线对(1,7) t=5194.0s ----
  频点 Sys=BDS Type=B2a Alarm=1 来向角度=109.00° 被欺骗卫星数=7
    卫星 Prn=6 Snr=55.6 Angle=98.3 Quality=0.00
    卫星 Prn=7 Snr=55.6 Angle=98.3 Quality=8876965363392006683896686406662892742631935607775781124567860367072844101467529341139897385073806494410959963118706647645741065022099471703157137719745329483651697091715990039867856095503627848912747997752817220409077532140407542424807929035441808867328.00
    卫星 Prn=8 Snr=55.6 Angle=98.3 Quality=8876965363392006683896686406662892742631935607775781124567860367072844101467529341139897385073806494410959963118706647645741065022099471703157137719745329483651697091715990039867856095503627848912747997752817220409077532140407542424807929035441808867328.00
    卫星 Prn=14 Snr=55.6 Angle=98.2 Quality=8876965363392006683896686406662892742631935607775781124567860367072844101467529341139897385073806494410959963118706647645741065022099471703157137719745329483651697091715990039867856095503627848912747997752817220409077532140407542424807929035441808867328.00
    卫星 Prn=21 Snr=55.6 Angle=98.3 Quality=8876965363392006683896686406662892742631935607775781124567860367072844101467529341139897385073806494410959963118706647645741065022099471703157137719745329483651697091715990039867856095503627848912747997752817220409077532140407542424807929035441808867328.00
    卫星 Prn=24 Snr=55.6 Angle=98.2 Quality=8876965363392006683896686406662892742631935607775781124567860367072844101467529341139897385073806494410959963118706647645741065022099471703157137719745329483651697091715990039867856095503627848912747997752817220409077532140407542424807929035441808867328.00
    卫星 Prn=26 Snr=55.6 Angle=98.2 Quality=8876965363392006683896686406662892742631935607775781124567860367072844101467529341139897385073806494410959963118706647645741065022099471703157137719745329483651697091715990039867856095503627848912747997752817220409077532140407542424807929035441808867328.00

---- 报警时刻 code=1 天线对(1,7) t=5194.0s ----
  频点 Sys=BDS Type=B2b Alarm=1 来向角度=112.00° 被欺骗卫星数=7
    卫星 Prn=6 Snr=54.8 Angle=97.4 Quality=0.00
    卫星 Prn=7 Snr=54.8 Angle=97.5 Quality=8876965363392006683896686406662892742631935607775781124567860367072844101467529341139897385073806494410959963118706647645741065022099471703157137719745329483651697091715990039867856095503627848912747997752817220409077532140407542424807929035441808867328.00
    卫星 Prn=8 Snr=54.8 Angle=97.5 Quality=8876965363392006683896686406662892742631935607775781124567860367072844101467529341139897385073806494410959963118706647645741065022099471703157137719745329483651697091715990039867856095503627848912747997752817220409077532140407542424807929035441808867328.00
    卫星 Prn=14 Snr=54.8 Angle=97.5 Quality=8876965363392006683896686406662892742631935607775781124567860367072844101467529341139897385073806494410959963118706647645741065022099471703157137719745329483651697091715990039867856095503627848912747997752817220409077532140407542424807929035441808867328.00
    卫星 Prn=21 Snr=54.8 Angle=97.5 Quality=8876965363392006683896686406662892742631935607775781124567860367072844101467529341139897385073806494410959963118706647645741065022099471703157137719745329483651697091715990039867856095503627848912747997752817220409077532140407542424807929035441808867328.00
    卫星 Prn=24 Snr=54.8 Angle=97.5 Quality=8876965363392006683896686406662892742631935607775781124567860367072844101467529341139897385073806494410959963118706647645741065022099471703157137719745329483651697091715990039867856095503627848912747997752817220409077532140407542424807929035441808867328.00
    卫星 Prn=26 Snr=54.8 Angle=97.5 Quality=8876965363392006683896686406662892742631935607775781124567860367072844101467529341139897385073806494410959963118706647645741065022099471703157137719745329483651697091715990039867856095503627848912747997752817220409077532140407542424807929035441808867328.00

---- 报警时刻 code=9 天线对(1,2) t=5212.0s ----
  频点 Sys=GPS Type=L1_CA Alarm=1 来向角度=111.00° 被欺骗卫星数=6
    卫星 Prn=3 Snr=50.0 Angle=97.5 Quality=0.00
    卫星 Prn=4 Snr=50.0 Angle=97.5 Quality=8876965363392006683896686406662892742631935607775781124567860367072844101467529341139897385073806494410959963118706647645741065022099471703157137719745329483651697091715990039867856095503627848912747997752817220409077532140407542424807929035441808867328.00
    卫星 Prn=26 Snr=50.0 Angle=97.5 Quality=8876965363392006683896686406662892742631935607775781124567860367072844101467529341139897385073806494410959963118706647645741065022099471703157137719745329483651697091715990039867856095503627848912747997752817220409077532140407542424807929035441808867328.00
    卫星 Prn=28 Snr=49.9 Angle=97.6 Quality=8876965363392006683896686406662892742631935607775781124567860367072844101467529341139897385073806494410959963118706647645741065022099471703157137719745329483651697091715990039867856095503627848912747997752817220409077532140407542424807929035441808867328.00
    卫星 Prn=29 Snr=50.0 Angle=97.6 Quality=8876965363392006683896686406662892742631935607775781124567860367072844101467529341139897385073806494410959963118706647645741065022099471703157137719745329483651697091715990039867856095503627848912747997752817220409077532140407542424807929035441808867328.00
    卫星 Prn=32 Snr=50.0 Angle=97.5 Quality=8876965363392006683896686406662892742631935607775781124567860367072844101467529341139897385073806494410959963118706647645741065022099471703157137719745329483651697091715990039867856095503627848912747997752817220409077532140407542424807929035441808867328.00

---- 报警时刻 code=9 天线对(1,2) t=5212.0s ----
  频点 Sys=GLONASS Type=G1 Alarm=1 来向角度=-1 被欺骗卫星数=4
    卫星 Prn=7 Snr=60.3 Angle=-1 Quality=-1
    卫星 Prn=8 Snr=59.9 Angle=-1 Quality=-1
    卫星 Prn=9 Snr=59.3 Angle=-1 Quality=-1
    卫星 Prn=16 Snr=59.2 Angle=-1 Quality=-1

---- 报警时刻 code=9 天线对(1,2) t=5212.0s ----
  频点 Sys=Galileo Type=E1C Alarm=1 来向角度=111.00° 被欺骗卫星数=8
    卫星 Prn=4 Snr=50.0 Angle=97.4 Quality=0.00
    卫星 Prn=5 Snr=50.0 Angle=97.5 Quality=8876965363392006683896686406662892742631935607775781124567860367072844101467529341139897385073806494410959963118706647645741065022099471703157137719745329483651697091715990039867856095503627848912747997752817220409077532140407542424807929035441808867328.00
    卫星 Prn=6 Snr=50.1 Angle=97.6 Quality=8876965363392006683896686406662892742631935607775781124567860367072844101467529341139897385073806494410959963118706647645741065022099471703157137719745329483651697091715990039867856095503627848912747997752817220409077532140407542424807929035441808867328.00
    卫星 Prn=9 Snr=50.1 Angle=97.5 Quality=8876965363392006683896686406662892742631935607775781124567860367072844101467529341139897385073806494410959963118706647645741065022099471703157137719745329483651697091715990039867856095503627848912747997752817220409077532140407542424807929035441808867328.00
    卫星 Prn=14 Snr=50.1 Angle=97.5 Quality=8876965363392006683896686406662892742631935607775781124567860367072844101467529341139897385073806494410959963118706647645741065022099471703157137719745329483651697091715990039867856095503627848912747997752817220409077532140407542424807929035441808867328.00
    卫星 Prn=16 Snr=50.0 Angle=97.5 Quality=8876965363392006683896686406662892742631935607775781124567860367072844101467529341139897385073806494410959963118706647645741065022099471703157137719745329483651697091715990039867856095503627848912747997752817220409077532140407542424807929035441808867328.00
    卫星 Prn=31 Snr=50.0 Angle=97.6 Quality=8876965363392006683896686406662892742631935607775781124567860367072844101467529341139897385073806494410959963118706647645741065022099471703157137719745329483651697091715990039867856095503627848912747997752817220409077532140407542424807929035441808867328.00
    卫星 Prn=34 Snr=50.0 Angle=97.5 Quality=8876965363392006683896686406662892742631935607775781124567860367072844101467529341139897385073806494410959963118706647645741065022099471703157137719745329483651697091715990039867856095503627848912747997752817220409077532140407542424807929035441808867328.00

---- 报警时刻 code=9 天线对(1,2) t=5212.0s ----
  频点 Sys=BDS Type=B3I Alarm=1 来向角度=110.42° 被欺骗卫星数=12
    卫星 Prn=1 Snr=57.3 Angle=95.7 Quality=0.00
    卫星 Prn=2 Snr=57.3 Angle=95.7 Quality=8876965363392006683896686406662892742631935607775781124567860367072844101467529341139897385073806494410959963118706647645741065022099471703157137719745329483651697091715990039867856095503627848912747997752817220409077532140407542424807929035441808867328.00
    卫星 Prn=3 Snr=57.3 Angle=95.8 Quality=8876965363392006683896686406662892742631935607775781124567860367072844101467529341139897385073806494410959963118706647645741065022099471703157137719745329483651697091715990039867856095503627848912747997752817220409077532140407542424807929035441808867328.00
    卫星 Prn=4 Snr=57.3 Angle=95.8 Quality=8876965363392006683896686406662892742631935607775781124567860367072844101467529341139897385073806494410959963118706647645741065022099471703157137719745329483651697091715990039867856095503627848912747997752817220409077532140407542424807929035441808867328.00
    卫星 Prn=6 Snr=57.4 Angle=95.9 Quality=8876965363392006683896686406662892742631935607775781124567860367072844101467529341139897385073806494410959963118706647645741065022099471703157137719745329483651697091715990039867856095503627848912747997752817220409077532140407542424807929035441808867328.00
    卫星 Prn=7 Snr=57.4 Angle=95.8 Quality=8876965363392006683896686406662892742631935607775781124567860367072844101467529341139897385073806494410959963118706647645741065022099471703157137719745329483651697091715990039867856095503627848912747997752817220409077532140407542424807929035441808867328.00
    卫星 Prn=8 Snr=57.3 Angle=95.8 Quality=8876965363392006683896686406662892742631935607775781124567860367072844101467529341139897385073806494410959963118706647645741065022099471703157137719745329483651697091715990039867856095503627848912747997752817220409077532140407542424807929035441808867328.00
    卫星 Prn=9 Snr=57.3 Angle=95.6 Quality=8876965363392006683896686406662892742631935607775781124567860367072844101467529341139897385073806494410959963118706647645741065022099471703157137719745329483651697091715990039867856095503627848912747997752817220409077532140407542424807929035441808867328.00
    卫星 Prn=10 Snr=57.2 Angle=95.8 Quality=8876965363392006683896686406662892742631935607775781124567860367072844101467529341139897385073806494410959963118706647645741065022099471703157137719745329483651697091715990039867856095503627848912747997752817220409077532140407542424807929035441808867328.00
    卫星 Prn=14 Snr=57.3 Angle=95.8 Quality=8876965363392006683896686406662892742631935607775781124567860367072844101467529341139897385073806494410959963118706647645741065022099471703157137719745329483651697091715990039867856095503627848912747997752817220409077532140407542424807929035441808867328.00
    卫星 Prn=21 Snr=57.4 Angle=95.9 Quality=8876965363392006683896686406662892742631935607775781124567860367072844101467529341139897385073806494410959963118706647645741065022099471703157137719745329483651697091715990039867856095503627848912747997752817220409077532140407542424807929035441808867328.00
    卫星 Prn=26 Snr=57.3 Angle=95.6 Quality=8876965363392006683896686406662892742631935607775781124567860367072844101467529341139897385073806494410959963118706647645741065022099471703157137719745329483651697091715990039867856095503627848912747997752817220409077532140407542424807929035441808867328.00

---- 报警时刻 code=9 天线对(1,2) t=5212.0s ----
  频点 Sys=BDS Type=B1C Alarm=1 来向角度=111.00° 被欺骗卫星数=7
    卫星 Prn=6 Snr=48.3 Angle=97.4 Quality=0.00
    卫星 Prn=7 Snr=48.3 Angle=97.5 Quality=8876965363392006683896686406662892742631935607775781124567860367072844101467529341139897385073806494410959963118706647645741065022099471703157137719745329483651697091715990039867856095503627848912747997752817220409077532140407542424807929035441808867328.00
    卫星 Prn=8 Snr=48.2 Angle=97.6 Quality=8876965363392006683896686406662892742631935607775781124567860367072844101467529341139897385073806494410959963118706647645741065022099471703157137719745329483651697091715990039867856095503627848912747997752817220409077532140407542424807929035441808867328.00
    卫星 Prn=14 Snr=48.3 Angle=97.4 Quality=8876965363392006683896686406662892742631935607775781124567860367072844101467529341139897385073806494410959963118706647645741065022099471703157137719745329483651697091715990039867856095503627848912747997752817220409077532140407542424807929035441808867328.00
    卫星 Prn=21 Snr=48.4 Angle=97.5 Quality=8876965363392006683896686406662892742631935607775781124567860367072844101467529341139897385073806494410959963118706647645741065022099471703157137719745329483651697091715990039867856095503627848912747997752817220409077532140407542424807929035441808867328.00
    卫星 Prn=24 Snr=48.3 Angle=97.4 Quality=8876965363392006683896686406662892742631935607775781124567860367072844101467529341139897385073806494410959963118706647645741065022099471703157137719745329483651697091715990039867856095503627848912747997752817220409077532140407542424807929035441808867328.00
    卫星 Prn=26 Snr=48.2 Angle=97.7 Quality=8876965363392006683896686406662892742631935607775781124567860367072844101467529341139897385073806494410959963118706647645741065022099471703157137719745329483651697091715990039867856095503627848912747997752817220409077532140407542424807929035441808867328.00

---- 报警时刻 code=9 天线对(1,2) t=5212.0s ----
  频点 Sys=BDS Type=B2a Alarm=1 来向角度=109.00° 被欺骗卫星数=7
    卫星 Prn=6 Snr=55.6 Angle=98.2 Quality=0.00
    卫星 Prn=7 Snr=55.6 Angle=98.3 Quality=8876965363392006683896686406662892742631935607775781124567860367072844101467529341139897385073806494410959963118706647645741065022099471703157137719745329483651697091715990039867856095503627848912747997752817220409077532140407542424807929035441808867328.00
    卫星 Prn=8 Snr=55.6 Angle=98.3 Quality=8876965363392006683896686406662892742631935607775781124567860367072844101467529341139897385073806494410959963118706647645741065022099471703157137719745329483651697091715990039867856095503627848912747997752817220409077532140407542424807929035441808867328.00
    卫星 Prn=14 Snr=55.6 Angle=98.2 Quality=8876965363392006683896686406662892742631935607775781124567860367072844101467529341139897385073806494410959963118706647645741065022099471703157137719745329483651697091715990039867856095503627848912747997752817220409077532140407542424807929035441808867328.00
    卫星 Prn=21 Snr=55.6 Angle=98.3 Quality=8876965363392006683896686406662892742631935607775781124567860367072844101467529341139897385073806494410959963118706647645741065022099471703157137719745329483651697091715990039867856095503627848912747997752817220409077532140407542424807929035441808867328.00
    卫星 Prn=24 Snr=55.6 Angle=98.2 Quality=8876965363392006683896686406662892742631935607775781124567860367072844101467529341139897385073806494410959963118706647645741065022099471703157137719745329483651697091715990039867856095503627848912747997752817220409077532140407542424807929035441808867328.00
    卫星 Prn=26 Snr=55.6 Angle=98.2 Quality=8876965363392006683896686406662892742631935607775781124567860367072844101467529341139897385073806494410959963118706647645741065022099471703157137719745329483651697091715990039867856095503627848912747997752817220409077532140407542424807929035441808867328.00

---- 报警时刻 code=9 天线对(1,2) t=5212.0s ----
  频点 Sys=BDS Type=B2b Alarm=1 来向角度=112.00° 被欺骗卫星数=7
    卫星 Prn=6 Snr=54.8 Angle=97.4 Quality=0.00
    卫星 Prn=7 Snr=54.8 Angle=97.5 Quality=8876965363392006683896686406662892742631935607775781124567860367072844101467529341139897385073806494410959963118706647645741065022099471703157137719745329483651697091715990039867856095503627848912747997752817220409077532140407542424807929035441808867328.00
    卫星 Prn=8 Snr=54.8 Angle=97.6 Quality=8876965363392006683896686406662892742631935607775781124567860367072844101467529341139897385073806494410959963118706647645741065022099471703157137719745329483651697091715990039867856095503627848912747997752817220409077532140407542424807929035441808867328.00
    卫星 Prn=14 Snr=54.8 Angle=97.6 Quality=8876965363392006683896686406662892742631935607775781124567860367072844101467529341139897385073806494410959963118706647645741065022099471703157137719745329483651697091715990039867856095503627848912747997752817220409077532140407542424807929035441808867328.00
    卫星 Prn=21 Snr=54.8 Angle=97.5 Quality=8876965363392006683896686406662892742631935607775781124567860367072844101467529341139897385073806494410959963118706647645741065022099471703157137719745329483651697091715990039867856095503627848912747997752817220409077532140407542424807929035441808867328.00
    卫星 Prn=24 Snr=54.8 Angle=97.5 Quality=8876965363392006683896686406662892742631935607775781124567860367072844101467529341139897385073806494410959963118706647645741065022099471703157137719745329483651697091715990039867856095503627848912747997752817220409077532140407542424807929035441808867328.00
    卫星 Prn=26 Snr=54.8 Angle=97.5 Quality=8876965363392006683896686406662892742631935607775781124567860367072844101467529341139897385073806494410959963118706647645741065022099471703157137719745329483651697091715990039867856095503627848912747997752817220409077532140407542424807929035441808867328.00

---- 报警时刻 code=57 天线对(1,3) t=5221.0s ----
  频点 Sys=GPS Type=L1_CA Alarm=1 来向角度=111.00° 被欺骗卫星数=8
    卫星 Prn=3 Snr=50.0 Angle=97.5 Quality=0.00
    卫星 Prn=4 Snr=50.0 Angle=97.5 Quality=8876965363392006683896686406662892742631935607775781124567860367072844101467529341139897385073806494410959963118706647645741065022099471703157137719745329483651697091715990039867856095503627848912747997752817220409077532140407542424807929035441808867328.00
    卫星 Prn=16 Snr=49.9 Angle=-1 Quality=-1
    卫星 Prn=26 Snr=50.0 Angle=97.5 Quality=0.00
    卫星 Prn=28 Snr=49.9 Angle=97.6 Quality=8876965363392006683896686406662892742631935607775781124567860367072844101467529341139897385073806494410959963118706647645741065022099471703157137719745329483651697091715990039867856095503627848912747997752817220409077532140407542424807929035441808867328.00
    卫星 Prn=29 Snr=50.0 Angle=97.6 Quality=8876965363392006683896686406662892742631935607775781124567860367072844101467529341139897385073806494410959963118706647645741065022099471703157137719745329483651697091715990039867856095503627848912747997752817220409077532140407542424807929035441808867328.00
    卫星 Prn=31 Snr=50.0 Angle=97.8 Quality=8876965363392006683896686406662892742631935607775781124567860367072844101467529341139897385073806494410959963118706647645741065022099471703157137719745329483651697091715990039867856095503627848912747997752817220409077532140407542424807929035441808867328.00
    卫星 Prn=32 Snr=50.0 Angle=97.4 Quality=8876965363392006683896686406662892742631935607775781124567860367072844101467529341139897385073806494410959963118706647645741065022099471703157137719745329483651697091715990039867856095503627848912747997752817220409077532140407542424807929035441808867328.00

---- 报警时刻 code=57 天线对(1,3) t=5221.0s ----
  频点 Sys=Galileo Type=E1C Alarm=1 来向角度=111.00° 被欺骗卫星数=8
    卫星 Prn=4 Snr=50.0 Angle=97.4 Quality=0.00
    卫星 Prn=5 Snr=50.0 Angle=97.5 Quality=8876965363392006683896686406662892742631935607775781124567860367072844101467529341139897385073806494410959963118706647645741065022099471703157137719745329483651697091715990039867856095503627848912747997752817220409077532140407542424807929035441808867328.00
    卫星 Prn=6 Snr=50.1 Angle=97.6 Quality=8876965363392006683896686406662892742631935607775781124567860367072844101467529341139897385073806494410959963118706647645741065022099471703157137719745329483651697091715990039867856095503627848912747997752817220409077532140407542424807929035441808867328.00
    卫星 Prn=9 Snr=50.1 Angle=97.5 Quality=8876965363392006683896686406662892742631935607775781124567860367072844101467529341139897385073806494410959963118706647645741065022099471703157137719745329483651697091715990039867856095503627848912747997752817220409077532140407542424807929035441808867328.00
    卫星 Prn=14 Snr=50.1 Angle=97.5 Quality=8876965363392006683896686406662892742631935607775781124567860367072844101467529341139897385073806494410959963118706647645741065022099471703157137719745329483651697091715990039867856095503627848912747997752817220409077532140407542424807929035441808867328.00
    卫星 Prn=16 Snr=50.0 Angle=97.5 Quality=8876965363392006683896686406662892742631935607775781124567860367072844101467529341139897385073806494410959963118706647645741065022099471703157137719745329483651697091715990039867856095503627848912747997752817220409077532140407542424807929035441808867328.00
    卫星 Prn=31 Snr=50.0 Angle=97.6 Quality=8876965363392006683896686406662892742631935607775781124567860367072844101467529341139897385073806494410959963118706647645741065022099471703157137719745329483651697091715990039867856095503627848912747997752817220409077532140407542424807929035441808867328.00
    卫星 Prn=34 Snr=50.0 Angle=97.5 Quality=8876965363392006683896686406662892742631935607775781124567860367072844101467529341139897385073806494410959963118706647645741065022099471703157137719745329483651697091715990039867856095503627848912747997752817220409077532140407542424807929035441808867328.00

---- 报警时刻 code=57 天线对(1,3) t=5221.0s ----
  频点 Sys=BDS Type=B3I Alarm=1 来向角度=110.58° 被欺骗卫星数=12
    卫星 Prn=1 Snr=57.3 Angle=95.7 Quality=0.00
    卫星 Prn=2 Snr=57.3 Angle=95.7 Quality=8876965363392006683896686406662892742631935607775781124567860367072844101467529341139897385073806494410959963118706647645741065022099471703157137719745329483651697091715990039867856095503627848912747997752817220409077532140407542424807929035441808867328.00
    卫星 Prn=3 Snr=57.3 Angle=95.8 Quality=8876965363392006683896686406662892742631935607775781124567860367072844101467529341139897385073806494410959963118706647645741065022099471703157137719745329483651697091715990039867856095503627848912747997752817220409077532140407542424807929035441808867328.00
    卫星 Prn=4 Snr=57.3 Angle=95.8 Quality=8876965363392006683896686406662892742631935607775781124567860367072844101467529341139897385073806494410959963118706647645741065022099471703157137719745329483651697091715990039867856095503627848912747997752817220409077532140407542424807929035441808867328.00
    卫星 Prn=6 Snr=57.4 Angle=95.9 Quality=8876965363392006683896686406662892742631935607775781124567860367072844101467529341139897385073806494410959963118706647645741065022099471703157137719745329483651697091715990039867856095503627848912747997752817220409077532140407542424807929035441808867328.00
    卫星 Prn=7 Snr=57.4 Angle=95.8 Quality=8876965363392006683896686406662892742631935607775781124567860367072844101467529341139897385073806494410959963118706647645741065022099471703157137719745329483651697091715990039867856095503627848912747997752817220409077532140407542424807929035441808867328.00
    卫星 Prn=8 Snr=57.3 Angle=95.8 Quality=8876965363392006683896686406662892742631935607775781124567860367072844101467529341139897385073806494410959963118706647645741065022099471703157137719745329483651697091715990039867856095503627848912747997752817220409077532140407542424807929035441808867328.00
    卫星 Prn=9 Snr=57.3 Angle=95.6 Quality=8876965363392006683896686406662892742631935607775781124567860367072844101467529341139897385073806494410959963118706647645741065022099471703157137719745329483651697091715990039867856095503627848912747997752817220409077532140407542424807929035441808867328.00
    卫星 Prn=10 Snr=57.2 Angle=95.8 Quality=8876965363392006683896686406662892742631935607775781124567860367072844101467529341139897385073806494410959963118706647645741065022099471703157137719745329483651697091715990039867856095503627848912747997752817220409077532140407542424807929035441808867328.00
    卫星 Prn=14 Snr=57.3 Angle=95.8 Quality=8876965363392006683896686406662892742631935607775781124567860367072844101467529341139897385073806494410959963118706647645741065022099471703157137719745329483651697091715990039867856095503627848912747997752817220409077532140407542424807929035441808867328.00
    卫星 Prn=21 Snr=57.4 Angle=95.9 Quality=8876965363392006683896686406662892742631935607775781124567860367072844101467529341139897385073806494410959963118706647645741065022099471703157137719745329483651697091715990039867856095503627848912747997752817220409077532140407542424807929035441808867328.00
    卫星 Prn=26 Snr=57.3 Angle=95.6 Quality=8876965363392006683896686406662892742631935607775781124567860367072844101467529341139897385073806494410959963118706647645741065022099471703157137719745329483651697091715990039867856095503627848912747997752817220409077532140407542424807929035441808867328.00

---- 报警时刻 code=57 天线对(1,3) t=5221.0s ----
  频点 Sys=BDS Type=B1C Alarm=1 来向角度=111.00° 被欺骗卫星数=7
    卫星 Prn=6 Snr=48.3 Angle=97.4 Quality=0.00
    卫星 Prn=7 Snr=48.3 Angle=97.5 Quality=8876965363392006683896686406662892742631935607775781124567860367072844101467529341139897385073806494410959963118706647645741065022099471703157137719745329483651697091715990039867856095503627848912747997752817220409077532140407542424807929035441808867328.00
    卫星 Prn=8 Snr=48.2 Angle=97.6 Quality=8876965363392006683896686406662892742631935607775781124567860367072844101467529341139897385073806494410959963118706647645741065022099471703157137719745329483651697091715990039867856095503627848912747997752817220409077532140407542424807929035441808867328.00
    卫星 Prn=14 Snr=48.3 Angle=97.4 Quality=8876965363392006683896686406662892742631935607775781124567860367072844101467529341139897385073806494410959963118706647645741065022099471703157137719745329483651697091715990039867856095503627848912747997752817220409077532140407542424807929035441808867328.00
    卫星 Prn=21 Snr=48.4 Angle=97.5 Quality=8876965363392006683896686406662892742631935607775781124567860367072844101467529341139897385073806494410959963118706647645741065022099471703157137719745329483651697091715990039867856095503627848912747997752817220409077532140407542424807929035441808867328.00
    卫星 Prn=24 Snr=48.3 Angle=97.4 Quality=8876965363392006683896686406662892742631935607775781124567860367072844101467529341139897385073806494410959963118706647645741065022099471703157137719745329483651697091715990039867856095503627848912747997752817220409077532140407542424807929035441808867328.00
    卫星 Prn=26 Snr=48.2 Angle=97.6 Quality=8876965363392006683896686406662892742631935607775781124567860367072844101467529341139897385073806494410959963118706647645741065022099471703157137719745329483651697091715990039867856095503627848912747997752817220409077532140407542424807929035441808867328.00

---- 报警时刻 code=57 天线对(1,3) t=5221.0s ----
  频点 Sys=BDS Type=B2a Alarm=1 来向角度=109.00° 被欺骗卫星数=7
    卫星 Prn=6 Snr=55.6 Angle=98.3 Quality=0.00
    卫星 Prn=7 Snr=55.6 Angle=98.3 Quality=8876965363392006683896686406662892742631935607775781124567860367072844101467529341139897385073806494410959963118706647645741065022099471703157137719745329483651697091715990039867856095503627848912747997752817220409077532140407542424807929035441808867328.00
    卫星 Prn=8 Snr=55.6 Angle=98.4 Quality=8876965363392006683896686406662892742631935607775781124567860367072844101467529341139897385073806494410959963118706647645741065022099471703157137719745329483651697091715990039867856095503627848912747997752817220409077532140407542424807929035441808867328.00
    卫星 Prn=14 Snr=55.6 Angle=98.2 Quality=8876965363392006683896686406662892742631935607775781124567860367072844101467529341139897385073806494410959963118706647645741065022099471703157137719745329483651697091715990039867856095503627848912747997752817220409077532140407542424807929035441808867328.00
    卫星 Prn=21 Snr=55.6 Angle=98.4 Quality=8876965363392006683896686406662892742631935607775781124567860367072844101467529341139897385073806494410959963118706647645741065022099471703157137719745329483651697091715990039867856095503627848912747997752817220409077532140407542424807929035441808867328.00
    卫星 Prn=24 Snr=55.6 Angle=98.3 Quality=8876965363392006683896686406662892742631935607775781124567860367072844101467529341139897385073806494410959963118706647645741065022099471703157137719745329483651697091715990039867856095503627848912747997752817220409077532140407542424807929035441808867328.00
    卫星 Prn=26 Snr=55.6 Angle=98.2 Quality=8876965363392006683896686406662892742631935607775781124567860367072844101467529341139897385073806494410959963118706647645741065022099471703157137719745329483651697091715990039867856095503627848912747997752817220409077532140407542424807929035441808867328.00

---- 报警时刻 code=57 天线对(1,3) t=5221.0s ----
  频点 Sys=BDS Type=B2b Alarm=1 来向角度=112.00° 被欺骗卫星数=7
    卫星 Prn=6 Snr=54.8 Angle=97.4 Quality=0.00
    卫星 Prn=7 Snr=54.8 Angle=97.5 Quality=8876965363392006683896686406662892742631935607775781124567860367072844101467529341139897385073806494410959963118706647645741065022099471703157137719745329483651697091715990039867856095503627848912747997752817220409077532140407542424807929035441808867328.00
    卫星 Prn=8 Snr=54.8 Angle=97.6 Quality=8876965363392006683896686406662892742631935607775781124567860367072844101467529341139897385073806494410959963118706647645741065022099471703157137719745329483651697091715990039867856095503627848912747997752817220409077532140407542424807929035441808867328.00
    卫星 Prn=14 Snr=54.8 Angle=97.6 Quality=8876965363392006683896686406662892742631935607775781124567860367072844101467529341139897385073806494410959963118706647645741065022099471703157137719745329483651697091715990039867856095503627848912747997752817220409077532140407542424807929035441808867328.00
    卫星 Prn=21 Snr=54.8 Angle=97.5 Quality=8876965363392006683896686406662892742631935607775781124567860367072844101467529341139897385073806494410959963118706647645741065022099471703157137719745329483651697091715990039867856095503627848912747997752817220409077532140407542424807929035441808867328.00
    卫星 Prn=24 Snr=54.8 Angle=97.5 Quality=8876965363392006683896686406662892742631935607775781124567860367072844101467529341139897385073806494410959963118706647645741065022099471703157137719745329483651697091715990039867856095503627848912747997752817220409077532140407542424807929035441808867328.00
    卫星 Prn=26 Snr=54.8 Angle=97.5 Quality=8876965363392006683896686406662892742631935607775781124567860367072844101467529341139897385073806494410959963118706647645741065022099471703157137719745329483651697091715990039867856095503627848912747997752817220409077532140407542424807929035441808867328.00

---- 报警时刻 code=17 天线对(1,4) t=5230.0s ----
  频点 Sys=GPS Type=L1_CA Alarm=1 来向角度=111.00° 被欺骗卫星数=8
    卫星 Prn=3 Snr=49.9 Angle=97.7 Quality=0.00
    卫星 Prn=4 Snr=50.0 Angle=97.7 Quality=8876965363392006683896686406662892742631935607775781124567860367072844101467529341139897385073806494410959963118706647645741065022099471703157137719745329483651697091715990039867856095503627848912747997752817220409077532140407542424807929035441808867328.00
    卫星 Prn=16 Snr=50.0 Angle=97.7 Quality=8876965363392006683896686406662892742631935607775781124567860367072844101467529341139897385073806494410959963118706647645741065022099471703157137719745329483651697091715990039867856095503627848912747997752817220409077532140407542424807929035441808867328.00
    卫星 Prn=26 Snr=50.0 Angle=97.6 Quality=8876965363392006683896686406662892742631935607775781124567860367072844101467529341139897385073806494410959963118706647645741065022099471703157137719745329483651697091715990039867856095503627848912747997752817220409077532140407542424807929035441808867328.00
    卫星 Prn=28 Snr=50.0 Angle=97.9 Quality=8876965363392006683896686406662892742631935607775781124567860367072844101467529341139897385073806494410959963118706647645741065022099471703157137719745329483651697091715990039867856095503627848912747997752817220409077532140407542424807929035441808867328.00
    卫星 Prn=29 Snr=50.0 Angle=97.8 Quality=8876965363392006683896686406662892742631935607775781124567860367072844101467529341139897385073806494410959963118706647645741065022099471703157137719745329483651697091715990039867856095503627848912747997752817220409077532140407542424807929035441808867328.00
    卫星 Prn=31 Snr=50.0 Angle=97.9 Quality=8876965363392006683896686406662892742631935607775781124567860367072844101467529341139897385073806494410959963118706647645741065022099471703157137719745329483651697091715990039867856095503627848912747997752817220409077532140407542424807929035441808867328.00
    卫星 Prn=32 Snr=50.0 Angle=97.7 Quality=8876965363392006683896686406662892742631935607775781124567860367072844101467529341139897385073806494410959963118706647645741065022099471703157137719745329483651697091715990039867856095503627848912747997752817220409077532140407542424807929035441808867328.00

---- 报警时刻 code=17 天线对(1,4) t=5230.0s ----
  频点 Sys=GLONASS Type=G1 Alarm=1 来向角度=-1 被欺骗卫星数=4
    卫星 Prn=7 Snr=59.9 Angle=-1 Quality=-1
    卫星 Prn=8 Snr=59.4 Angle=-1 Quality=-1
    卫星 Prn=9 Snr=58.8 Angle=-1 Quality=-1
    卫星 Prn=16 Snr=58.7 Angle=-1 Quality=-1

---- 报警时刻 code=17 天线对(1,4) t=5230.0s ----
  频点 Sys=Galileo Type=E1C Alarm=1 来向角度=111.00° 被欺骗卫星数=8
    卫星 Prn=4 Snr=49.9 Angle=97.6 Quality=0.00
    卫星 Prn=5 Snr=49.9 Angle=97.7 Quality=8876965363392006683896686406662892742631935607775781124567860367072844101467529341139897385073806494410959963118706647645741065022099471703157137719745329483651697091715990039867856095503627848912747997752817220409077532140407542424807929035441808867328.00
    卫星 Prn=6 Snr=50.0 Angle=97.8 Quality=8876965363392006683896686406662892742631935607775781124567860367072844101467529341139897385073806494410959963118706647645741065022099471703157137719745329483651697091715990039867856095503627848912747997752817220409077532140407542424807929035441808867328.00
    卫星 Prn=9 Snr=50.0 Angle=97.7 Quality=8876965363392006683896686406662892742631935607775781124567860367072844101467529341139897385073806494410959963118706647645741065022099471703157137719745329483651697091715990039867856095503627848912747997752817220409077532140407542424807929035441808867328.00
    卫星 Prn=14 Snr=49.9 Angle=97.8 Quality=8876965363392006683896686406662892742631935607775781124567860367072844101467529341139897385073806494410959963118706647645741065022099471703157137719745329483651697091715990039867856095503627848912747997752817220409077532140407542424807929035441808867328.00
    卫星 Prn=16 Snr=49.9 Angle=97.6 Quality=8876965363392006683896686406662892742631935607775781124567860367072844101467529341139897385073806494410959963118706647645741065022099471703157137719745329483651697091715990039867856095503627848912747997752817220409077532140407542424807929035441808867328.00
    卫星 Prn=31 Snr=49.9 Angle=97.8 Quality=8876965363392006683896686406662892742631935607775781124567860367072844101467529341139897385073806494410959963118706647645741065022099471703157137719745329483651697091715990039867856095503627848912747997752817220409077532140407542424807929035441808867328.00
    卫星 Prn=34 Snr=50.0 Angle=97.7 Quality=8876965363392006683896686406662892742631935607775781124567860367072844101467529341139897385073806494410959963118706647645741065022099471703157137719745329483651697091715990039867856095503627848912747997752817220409077532140407542424807929035441808867328.00

---- 报警时刻 code=17 天线对(1,4) t=5230.0s ----
  频点 Sys=BDS Type=B3I Alarm=1 来向角度=110.83° 被欺骗卫星数=12
    卫星 Prn=1 Snr=57.3 Angle=95.5 Quality=0.00
    卫星 Prn=2 Snr=57.3 Angle=95.6 Quality=8876965363392006683896686406662892742631935607775781124567860367072844101467529341139897385073806494410959963118706647645741065022099471703157137719745329483651697091715990039867856095503627848912747997752817220409077532140407542424807929035441808867328.00
    卫星 Prn=3 Snr=57.3 Angle=95.8 Quality=8876965363392006683896686406662892742631935607775781124567860367072844101467529341139897385073806494410959963118706647645741065022099471703157137719745329483651697091715990039867856095503627848912747997752817220409077532140407542424807929035441808867328.00
    卫星 Prn=4 Snr=57.3 Angle=95.7 Quality=8876965363392006683896686406662892742631935607775781124567860367072844101467529341139897385073806494410959963118706647645741065022099471703157137719745329483651697091715990039867856095503627848912747997752817220409077532140407542424807929035441808867328.00
    卫星 Prn=6 Snr=57.4 Angle=95.8 Quality=8876965363392006683896686406662892742631935607775781124567860367072844101467529341139897385073806494410959963118706647645741065022099471703157137719745329483651697091715990039867856095503627848912747997752817220409077532140407542424807929035441808867328.00
    卫星 Prn=7 Snr=57.4 Angle=95.8 Quality=8876965363392006683896686406662892742631935607775781124567860367072844101467529341139897385073806494410959963118706647645741065022099471703157137719745329483651697091715990039867856095503627848912747997752817220409077532140407542424807929035441808867328.00
    卫星 Prn=8 Snr=57.3 Angle=95.7 Quality=8876965363392006683896686406662892742631935607775781124567860367072844101467529341139897385073806494410959963118706647645741065022099471703157137719745329483651697091715990039867856095503627848912747997752817220409077532140407542424807929035441808867328.00
    卫星 Prn=9 Snr=57.3 Angle=95.7 Quality=8876965363392006683896686406662892742631935607775781124567860367072844101467529341139897385073806494410959963118706647645741065022099471703157137719745329483651697091715990039867856095503627848912747997752817220409077532140407542424807929035441808867328.00
    卫星 Prn=10 Snr=57.2 Angle=95.7 Quality=8876965363392006683896686406662892742631935607775781124567860367072844101467529341139897385073806494410959963118706647645741065022099471703157137719745329483651697091715990039867856095503627848912747997752817220409077532140407542424807929035441808867328.00
    卫星 Prn=14 Snr=57.3 Angle=95.6 Quality=8876965363392006683896686406662892742631935607775781124567860367072844101467529341139897385073806494410959963118706647645741065022099471703157137719745329483651697091715990039867856095503627848912747997752817220409077532140407542424807929035441808867328.00
    卫星 Prn=21 Snr=57.4 Angle=95.8 Quality=8876965363392006683896686406662892742631935607775781124567860367072844101467529341139897385073806494410959963118706647645741065022099471703157137719745329483651697091715990039867856095503627848912747997752817220409077532140407542424807929035441808867328.00
    卫星 Prn=26 Snr=57.3 Angle=95.5 Quality=8876965363392006683896686406662892742631935607775781124567860367072844101467529341139897385073806494410959963118706647645741065022099471703157137719745329483651697091715990039867856095503627848912747997752817220409077532140407542424807929035441808867328.00

---- 报警时刻 code=17 天线对(1,4) t=5230.0s ----
  频点 Sys=BDS Type=B1C Alarm=1 来向角度=111.00° 被欺骗卫星数=7
    卫星 Prn=6 Snr=48.3 Angle=97.5 Quality=0.00
    卫星 Prn=7 Snr=48.4 Angle=97.7 Quality=8876965363392006683896686406662892742631935607775781124567860367072844101467529341139897385073806494410959963118706647645741065022099471703157137719745329483651697091715990039867856095503627848912747997752817220409077532140407542424807929035441808867328.00
    卫星 Prn=8 Snr=48.3 Angle=97.8 Quality=8876965363392006683896686406662892742631935607775781124567860367072844101467529341139897385073806494410959963118706647645741065022099471703157137719745329483651697091715990039867856095503627848912747997752817220409077532140407542424807929035441808867328.00
    卫星 Prn=14 Snr=48.3 Angle=97.7 Quality=8876965363392006683896686406662892742631935607775781124567860367072844101467529341139897385073806494410959963118706647645741065022099471703157137719745329483651697091715990039867856095503627848912747997752817220409077532140407542424807929035441808867328.00
    卫星 Prn=21 Snr=48.2 Angle=97.6 Quality=8876965363392006683896686406662892742631935607775781124567860367072844101467529341139897385073806494410959963118706647645741065022099471703157137719745329483651697091715990039867856095503627848912747997752817220409077532140407542424807929035441808867328.00
    卫星 Prn=24 Snr=48.4 Angle=97.6 Quality=8876965363392006683896686406662892742631935607775781124567860367072844101467529341139897385073806494410959963118706647645741065022099471703157137719745329483651697091715990039867856095503627848912747997752817220409077532140407542424807929035441808867328.00
    卫星 Prn=26 Snr=48.4 Angle=97.8 Quality=8876965363392006683896686406662892742631935607775781124567860367072844101467529341139897385073806494410959963118706647645741065022099471703157137719745329483651697091715990039867856095503627848912747997752817220409077532140407542424807929035441808867328.00

---- 报警时刻 code=17 天线对(1,4) t=5230.0s ----
  频点 Sys=BDS Type=B2a Alarm=1 来向角度=109.00° 被欺骗卫星数=7
    卫星 Prn=6 Snr=55.6 Angle=98.1 Quality=0.00
    卫星 Prn=7 Snr=55.6 Angle=98.2 Quality=8876965363392006683896686406662892742631935607775781124567860367072844101467529341139897385073806494410959963118706647645741065022099471703157137719745329483651697091715990039867856095503627848912747997752817220409077532140407542424807929035441808867328.00
    卫星 Prn=8 Snr=55.6 Angle=98.2 Quality=8876965363392006683896686406662892742631935607775781124567860367072844101467529341139897385073806494410959963118706647645741065022099471703157137719745329483651697091715990039867856095503627848912747997752817220409077532140407542424807929035441808867328.00
    卫星 Prn=14 Snr=55.6 Angle=98.2 Quality=8876965363392006683896686406662892742631935607775781124567860367072844101467529341139897385073806494410959963118706647645741065022099471703157137719745329483651697091715990039867856095503627848912747997752817220409077532140407542424807929035441808867328.00
    卫星 Prn=21 Snr=55.6 Angle=98.3 Quality=8876965363392006683896686406662892742631935607775781124567860367072844101467529341139897385073806494410959963118706647645741065022099471703157137719745329483651697091715990039867856095503627848912747997752817220409077532140407542424807929035441808867328.00
    卫星 Prn=24 Snr=55.6 Angle=98.1 Quality=8876965363392006683896686406662892742631935607775781124567860367072844101467529341139897385073806494410959963118706647645741065022099471703157137719745329483651697091715990039867856095503627848912747997752817220409077532140407542424807929035441808867328.00
    卫星 Prn=26 Snr=55.6 Angle=98.1 Quality=8876965363392006683896686406662892742631935607775781124567860367072844101467529341139897385073806494410959963118706647645741065022099471703157137719745329483651697091715990039867856095503627848912747997752817220409077532140407542424807929035441808867328.00

---- 报警时刻 code=17 天线对(1,4) t=5230.0s ----
  频点 Sys=BDS Type=B2b Alarm=1 来向角度=112.00° 被欺骗卫星数=7
    卫星 Prn=6 Snr=54.8 Angle=97.3 Quality=0.00
    卫星 Prn=7 Snr=54.8 Angle=97.3 Quality=8876965363392006683896686406662892742631935607775781124567860367072844101467529341139897385073806494410959963118706647645741065022099471703157137719745329483651697091715990039867856095503627848912747997752817220409077532140407542424807929035441808867328.00
    卫星 Prn=8 Snr=54.8 Angle=97.2 Quality=8876965363392006683896686406662892742631935607775781124567860367072844101467529341139897385073806494410959963118706647645741065022099471703157137719745329483651697091715990039867856095503627848912747997752817220409077532140407542424807929035441808867328.00
    卫星 Prn=14 Snr=54.8 Angle=97.4 Quality=8876965363392006683896686406662892742631935607775781124567860367072844101467529341139897385073806494410959963118706647645741065022099471703157137719745329483651697091715990039867856095503627848912747997752817220409077532140407542424807929035441808867328.00
    卫星 Prn=21 Snr=54.8 Angle=97.4 Quality=8876965363392006683896686406662892742631935607775781124567860367072844101467529341139897385073806494410959963118706647645741065022099471703157137719745329483651697091715990039867856095503627848912747997752817220409077532140407542424807929035441808867328.00
    卫星 Prn=24 Snr=54.8 Angle=97.2 Quality=8876965363392006683896686406662892742631935607775781124567860367072844101467529341139897385073806494410959963118706647645741065022099471703157137719745329483651697091715990039867856095503627848912747997752817220409077532140407542424807929035441808867328.00
    卫星 Prn=26 Snr=54.8 Angle=97.3 Quality=8876965363392006683896686406662892742631935607775781124567860367072844101467529341139897385073806494410959963118706647645741065022099471703157137719745329483651697091715990039867856095503627848912747997752817220409077532140407542424807929035441808867328.00

---- 报警时刻 code=25 天线对(1,5) t=5239.0s ----
  频点 Sys=GPS Type=L1_CA Alarm=1 来向角度=111.00° 被欺骗卫星数=7
    卫星 Prn=3 Snr=49.9 Angle=97.8 Quality=0.00
    卫星 Prn=4 Snr=50.0 Angle=97.7 Quality=8876965363392006683896686406662892742631935607775781124567860367072844101467529341139897385073806494410959963118706647645741065022099471703157137719745329483651697091715990039867856095503627848912747997752817220409077532140407542424807929035441808867328.00
    卫星 Prn=26 Snr=50.0 Angle=97.8 Quality=8876965363392006683896686406662892742631935607775781124567860367072844101467529341139897385073806494410959963118706647645741065022099471703157137719745329483651697091715990039867856095503627848912747997752817220409077532140407542424807929035441808867328.00
    卫星 Prn=28 Snr=50.0 Angle=98.0 Quality=8876965363392006683896686406662892742631935607775781124567860367072844101467529341139897385073806494410959963118706647645741065022099471703157137719745329483651697091715990039867856095503627848912747997752817220409077532140407542424807929035441808867328.00
    卫星 Prn=29 Snr=50.0 Angle=97.9 Quality=8876965363392006683896686406662892742631935607775781124567860367072844101467529341139897385073806494410959963118706647645741065022099471703157137719745329483651697091715990039867856095503627848912747997752817220409077532140407542424807929035441808867328.00
    卫星 Prn=31 Snr=50.0 Angle=98.1 Quality=8876965363392006683896686406662892742631935607775781124567860367072844101467529341139897385073806494410959963118706647645741065022099471703157137719745329483651697091715990039867856095503627848912747997752817220409077532140407542424807929035441808867328.00
    卫星 Prn=32 Snr=50.0 Angle=97.8 Quality=8876965363392006683896686406662892742631935607775781124567860367072844101467529341139897385073806494410959963118706647645741065022099471703157137719745329483651697091715990039867856095503627848912747997752817220409077532140407542424807929035441808867328.00

---- 报警时刻 code=25 天线对(1,5) t=5239.0s ----
  频点 Sys=GLONASS Type=G1 Alarm=1 来向角度=-1 被欺骗卫星数=3
    卫星 Prn=6 Snr=57.8 Angle=-1 Quality=-1
    卫星 Prn=9 Snr=58.8 Angle=-1 Quality=-1
    卫星 Prn=16 Snr=58.7 Angle=-1 Quality=-1

---- 报警时刻 code=25 天线对(1,5) t=5239.0s ----
  频点 Sys=Galileo Type=E1C Alarm=1 来向角度=111.00° 被欺骗卫星数=8
    卫星 Prn=4 Snr=49.9 Angle=97.7 Quality=0.00
    卫星 Prn=5 Snr=49.9 Angle=97.8 Quality=8876965363392006683896686406662892742631935607775781124567860367072844101467529341139897385073806494410959963118706647645741065022099471703157137719745329483651697091715990039867856095503627848912747997752817220409077532140407542424807929035441808867328.00
    卫星 Prn=6 Snr=50.0 Angle=98.0 Quality=8876965363392006683896686406662892742631935607775781124567860367072844101467529341139897385073806494410959963118706647645741065022099471703157137719745329483651697091715990039867856095503627848912747997752817220409077532140407542424807929035441808867328.00
    卫星 Prn=9 Snr=50.0 Angle=97.8 Quality=8876965363392006683896686406662892742631935607775781124567860367072844101467529341139897385073806494410959963118706647645741065022099471703157137719745329483651697091715990039867856095503627848912747997752817220409077532140407542424807929035441808867328.00
    卫星 Prn=14 Snr=49.9 Angle=97.9 Quality=8876965363392006683896686406662892742631935607775781124567860367072844101467529341139897385073806494410959963118706647645741065022099471703157137719745329483651697091715990039867856095503627848912747997752817220409077532140407542424807929035441808867328.00
    卫星 Prn=16 Snr=49.9 Angle=97.7 Quality=8876965363392006683896686406662892742631935607775781124567860367072844101467529341139897385073806494410959963118706647645741065022099471703157137719745329483651697091715990039867856095503627848912747997752817220409077532140407542424807929035441808867328.00
    卫星 Prn=31 Snr=49.9 Angle=97.9 Quality=8876965363392006683896686406662892742631935607775781124567860367072844101467529341139897385073806494410959963118706647645741065022099471703157137719745329483651697091715990039867856095503627848912747997752817220409077532140407542424807929035441808867328.00
    卫星 Prn=34 Snr=50.0 Angle=97.8 Quality=8876965363392006683896686406662892742631935607775781124567860367072844101467529341139897385073806494410959963118706647645741065022099471703157137719745329483651697091715990039867856095503627848912747997752817220409077532140407542424807929035441808867328.00

---- 报警时刻 code=25 天线对(1,5) t=5239.0s ----
  频点 Sys=BDS Type=B3I Alarm=1 来向角度=111.00° 被欺骗卫星数=12
    卫星 Prn=1 Snr=57.2 Angle=95.6 Quality=0.00
    卫星 Prn=2 Snr=57.2 Angle=95.7 Quality=8876965363392006683896686406662892742631935607775781124567860367072844101467529341139897385073806494410959963118706647645741065022099471703157137719745329483651697091715990039867856095503627848912747997752817220409077532140407542424807929035441808867328.00
    卫星 Prn=3 Snr=57.2 Angle=95.8 Quality=8876965363392006683896686406662892742631935607775781124567860367072844101467529341139897385073806494410959963118706647645741065022099471703157137719745329483651697091715990039867856095503627848912747997752817220409077532140407542424807929035441808867328.00
    卫星 Prn=4 Snr=57.2 Angle=95.7 Quality=8876965363392006683896686406662892742631935607775781124567860367072844101467529341139897385073806494410959963118706647645741065022099471703157137719745329483651697091715990039867856095503627848912747997752817220409077532140407542424807929035441808867328.00
    卫星 Prn=6 Snr=57.1 Angle=95.8 Quality=8876965363392006683896686406662892742631935607775781124567860367072844101467529341139897385073806494410959963118706647645741065022099471703157137719745329483651697091715990039867856095503627848912747997752817220409077532140407542424807929035441808867328.00
    卫星 Prn=7 Snr=57.2 Angle=95.8 Quality=8876965363392006683896686406662892742631935607775781124567860367072844101467529341139897385073806494410959963118706647645741065022099471703157137719745329483651697091715990039867856095503627848912747997752817220409077532140407542424807929035441808867328.00
    卫星 Prn=8 Snr=57.1 Angle=95.7 Quality=8876965363392006683896686406662892742631935607775781124567860367072844101467529341139897385073806494410959963118706647645741065022099471703157137719745329483651697091715990039867856095503627848912747997752817220409077532140407542424807929035441808867328.00
    卫星 Prn=9 Snr=57.1 Angle=95.7 Quality=8876965363392006683896686406662892742631935607775781124567860367072844101467529341139897385073806494410959963118706647645741065022099471703157137719745329483651697091715990039867856095503627848912747997752817220409077532140407542424807929035441808867328.00
    卫星 Prn=10 Snr=57.1 Angle=95.7 Quality=8876965363392006683896686406662892742631935607775781124567860367072844101467529341139897385073806494410959963118706647645741065022099471703157137719745329483651697091715990039867856095503627848912747997752817220409077532140407542424807929035441808867328.00
    卫星 Prn=14 Snr=57.1 Angle=95.6 Quality=8876965363392006683896686406662892742631935607775781124567860367072844101467529341139897385073806494410959963118706647645741065022099471703157137719745329483651697091715990039867856095503627848912747997752817220409077532140407542424807929035441808867328.00
    卫星 Prn=21 Snr=57.2 Angle=95.8 Quality=8876965363392006683896686406662892742631935607775781124567860367072844101467529341139897385073806494410959963118706647645741065022099471703157137719745329483651697091715990039867856095503627848912747997752817220409077532140407542424807929035441808867328.00
    卫星 Prn=26 Snr=57.2 Angle=95.7 Quality=8876965363392006683896686406662892742631935607775781124567860367072844101467529341139897385073806494410959963118706647645741065022099471703157137719745329483651697091715990039867856095503627848912747997752817220409077532140407542424807929035441808867328.00

---- 报警时刻 code=25 天线对(1,5) t=5239.0s ----
  频点 Sys=BDS Type=B1C Alarm=1 来向角度=111.00° 被欺骗卫星数=7
    卫星 Prn=6 Snr=48.3 Angle=97.6 Quality=0.00
    卫星 Prn=7 Snr=48.4 Angle=97.8 Quality=8876965363392006683896686406662892742631935607775781124567860367072844101467529341139897385073806494410959963118706647645741065022099471703157137719745329483651697091715990039867856095503627848912747997752817220409077532140407542424807929035441808867328.00
    卫星 Prn=8 Snr=48.3 Angle=97.9 Quality=8876965363392006683896686406662892742631935607775781124567860367072844101467529341139897385073806494410959963118706647645741065022099471703157137719745329483651697091715990039867856095503627848912747997752817220409077532140407542424807929035441808867328.00
    卫星 Prn=14 Snr=48.3 Angle=97.8 Quality=8876965363392006683896686406662892742631935607775781124567860367072844101467529341139897385073806494410959963118706647645741065022099471703157137719745329483651697091715990039867856095503627848912747997752817220409077532140407542424807929035441808867328.00
    卫星 Prn=21 Snr=48.2 Angle=97.7 Quality=8876965363392006683896686406662892742631935607775781124567860367072844101467529341139897385073806494410959963118706647645741065022099471703157137719745329483651697091715990039867856095503627848912747997752817220409077532140407542424807929035441808867328.00
    卫星 Prn=24 Snr=48.4 Angle=97.8 Quality=8876965363392006683896686406662892742631935607775781124567860367072844101467529341139897385073806494410959963118706647645741065022099471703157137719745329483651697091715990039867856095503627848912747997752817220409077532140407542424807929035441808867328.00
    卫星 Prn=26 Snr=48.4 Angle=97.9 Quality=8876965363392006683896686406662892742631935607775781124567860367072844101467529341139897385073806494410959963118706647645741065022099471703157137719745329483651697091715990039867856095503627848912747997752817220409077532140407542424807929035441808867328.00

---- 报警时刻 code=25 天线对(1,5) t=5239.0s ----
  频点 Sys=BDS Type=B2a Alarm=1 来向角度=109.00° 被欺骗卫星数=7
    卫星 Prn=6 Snr=55.5 Angle=98.0 Quality=0.00
    卫星 Prn=7 Snr=55.4 Angle=98.2 Quality=8876965363392006683896686406662892742631935607775781124567860367072844101467529341139897385073806494410959963118706647645741065022099471703157137719745329483651697091715990039867856095503627848912747997752817220409077532140407542424807929035441808867328.00
    卫星 Prn=8 Snr=55.3 Angle=98.2 Quality=8876965363392006683896686406662892742631935607775781124567860367072844101467529341139897385073806494410959963118706647645741065022099471703157137719745329483651697091715990039867856095503627848912747997752817220409077532140407542424807929035441808867328.00
    卫星 Prn=14 Snr=55.3 Angle=98.2 Quality=8876965363392006683896686406662892742631935607775781124567860367072844101467529341139897385073806494410959963118706647645741065022099471703157137719745329483651697091715990039867856095503627848912747997752817220409077532140407542424807929035441808867328.00
    卫星 Prn=21 Snr=55.3 Angle=98.3 Quality=8876965363392006683896686406662892742631935607775781124567860367072844101467529341139897385073806494410959963118706647645741065022099471703157137719745329483651697091715990039867856095503627848912747997752817220409077532140407542424807929035441808867328.00
    卫星 Prn=24 Snr=55.3 Angle=98.1 Quality=8876965363392006683896686406662892742631935607775781124567860367072844101467529341139897385073806494410959963118706647645741065022099471703157137719745329483651697091715990039867856095503627848912747997752817220409077532140407542424807929035441808867328.00
    卫星 Prn=26 Snr=55.3 Angle=98.1 Quality=8876965363392006683896686406662892742631935607775781124567860367072844101467529341139897385073806494410959963118706647645741065022099471703157137719745329483651697091715990039867856095503627848912747997752817220409077532140407542424807929035441808867328.00

---- 报警时刻 code=25 天线对(1,5) t=5239.0s ----
  频点 Sys=BDS Type=B2b Alarm=1 来向角度=112.00° 被欺骗卫星数=7
    卫星 Prn=6 Snr=55.0 Angle=97.3 Quality=0.00
    卫星 Prn=7 Snr=55.0 Angle=97.3 Quality=8876965363392006683896686406662892742631935607775781124567860367072844101467529341139897385073806494410959963118706647645741065022099471703157137719745329483651697091715990039867856095503627848912747997752817220409077532140407542424807929035441808867328.00
    卫星 Prn=8 Snr=55.0 Angle=97.2 Quality=8876965363392006683896686406662892742631935607775781124567860367072844101467529341139897385073806494410959963118706647645741065022099471703157137719745329483651697091715990039867856095503627848912747997752817220409077532140407542424807929035441808867328.00
    卫星 Prn=14 Snr=55.1 Angle=97.3 Quality=8876965363392006683896686406662892742631935607775781124567860367072844101467529341139897385073806494410959963118706647645741065022099471703157137719745329483651697091715990039867856095503627848912747997752817220409077532140407542424807929035441808867328.00
    卫星 Prn=21 Snr=55.0 Angle=97.4 Quality=8876965363392006683896686406662892742631935607775781124567860367072844101467529341139897385073806494410959963118706647645741065022099471703157137719745329483651697091715990039867856095503627848912747997752817220409077532140407542424807929035441808867328.00
    卫星 Prn=24 Snr=55.0 Angle=97.2 Quality=8876965363392006683896686406662892742631935607775781124567860367072844101467529341139897385073806494410959963118706647645741065022099471703157137719745329483651697091715990039867856095503627848912747997752817220409077532140407542424807929035441808867328.00
    卫星 Prn=26 Snr=55.0 Angle=97.3 Quality=8876965363392006683896686406662892742631935607775781124567860367072844101467529341139897385073806494410959963118706647645741065022099471703157137719745329483651697091715990039867856095503627848912747997752817220409077532140407542424807929035441808867328.00

---- 报警时刻 code=33 天线对(1,6) t=5248.0s ----
  频点 Sys=GPS Type=L1_CA Alarm=1 来向角度=111.00° 被欺骗卫星数=8
    卫星 Prn=3 Snr=49.9 Angle=97.8 Quality=0.00
    卫星 Prn=4 Snr=50.0 Angle=97.8 Quality=8876965363392006683896686406662892742631935607775781124567860367072844101467529341139897385073806494410959963118706647645741065022099471703157137719745329483651697091715990039867856095503627848912747997752817220409077532140407542424807929035441808867328.00
    卫星 Prn=16 Snr=50.0 Angle=97.7 Quality=8876965363392006683896686406662892742631935607775781124567860367072844101467529341139897385073806494410959963118706647645741065022099471703157137719745329483651697091715990039867856095503627848912747997752817220409077532140407542424807929035441808867328.00
    卫星 Prn=26 Snr=50.0 Angle=97.7 Quality=8876965363392006683896686406662892742631935607775781124567860367072844101467529341139897385073806494410959963118706647645741065022099471703157137719745329483651697091715990039867856095503627848912747997752817220409077532140407542424807929035441808867328.00
    卫星 Prn=28 Snr=50.0 Angle=98.0 Quality=8876965363392006683896686406662892742631935607775781124567860367072844101467529341139897385073806494410959963118706647645741065022099471703157137719745329483651697091715990039867856095503627848912747997752817220409077532140407542424807929035441808867328.00
    卫星 Prn=29 Snr=50.0 Angle=97.9 Quality=8876965363392006683896686406662892742631935607775781124567860367072844101467529341139897385073806494410959963118706647645741065022099471703157137719745329483651697091715990039867856095503627848912747997752817220409077532140407542424807929035441808867328.00
    卫星 Prn=31 Snr=50.0 Angle=98.1 Quality=8876965363392006683896686406662892742631935607775781124567860367072844101467529341139897385073806494410959963118706647645741065022099471703157137719745329483651697091715990039867856095503627848912747997752817220409077532140407542424807929035441808867328.00
    卫星 Prn=32 Snr=50.0 Angle=97.8 Quality=8876965363392006683896686406662892742631935607775781124567860367072844101467529341139897385073806494410959963118706647645741065022099471703157137719745329483651697091715990039867856095503627848912747997752817220409077532140407542424807929035441808867328.00

---- 报警时刻 code=33 天线对(1,6) t=5248.0s ----
  频点 Sys=Galileo Type=E1C Alarm=1 来向角度=111.00° 被欺骗卫星数=8
    卫星 Prn=4 Snr=49.9 Angle=97.8 Quality=0.00
    卫星 Prn=5 Snr=49.9 Angle=97.8 Quality=8876965363392006683896686406662892742631935607775781124567860367072844101467529341139897385073806494410959963118706647645741065022099471703157137719745329483651697091715990039867856095503627848912747997752817220409077532140407542424807929035441808867328.00
    卫星 Prn=6 Snr=50.0 Angle=98.0 Quality=8876965363392006683896686406662892742631935607775781124567860367072844101467529341139897385073806494410959963118706647645741065022099471703157137719745329483651697091715990039867856095503627848912747997752817220409077532140407542424807929035441808867328.00
    卫星 Prn=9 Snr=50.0 Angle=97.8 Quality=8876965363392006683896686406662892742631935607775781124567860367072844101467529341139897385073806494410959963118706647645741065022099471703157137719745329483651697091715990039867856095503627848912747997752817220409077532140407542424807929035441808867328.00
    卫星 Prn=14 Snr=49.9 Angle=97.9 Quality=8876965363392006683896686406662892742631935607775781124567860367072844101467529341139897385073806494410959963118706647645741065022099471703157137719745329483651697091715990039867856095503627848912747997752817220409077532140407542424807929035441808867328.00
    卫星 Prn=16 Snr=49.9 Angle=97.8 Quality=8876965363392006683896686406662892742631935607775781124567860367072844101467529341139897385073806494410959963118706647645741065022099471703157137719745329483651697091715990039867856095503627848912747997752817220409077532140407542424807929035441808867328.00
    卫星 Prn=31 Snr=49.9 Angle=97.9 Quality=8876965363392006683896686406662892742631935607775781124567860367072844101467529341139897385073806494410959963118706647645741065022099471703157137719745329483651697091715990039867856095503627848912747997752817220409077532140407542424807929035441808867328.00
    卫星 Prn=34 Snr=50.0 Angle=97.8 Quality=8876965363392006683896686406662892742631935607775781124567860367072844101467529341139897385073806494410959963118706647645741065022099471703157137719745329483651697091715990039867856095503627848912747997752817220409077532140407542424807929035441808867328.00

---- 报警时刻 code=33 天线对(1,6) t=5248.0s ----
  频点 Sys=BDS Type=B3I Alarm=1 来向角度=111.00° 被欺骗卫星数=12
    卫星 Prn=1 Snr=57.2 Angle=95.7 Quality=0.00
    卫星 Prn=2 Snr=57.2 Angle=95.9 Quality=8876965363392006683896686406662892742631935607775781124567860367072844101467529341139897385073806494410959963118706647645741065022099471703157137719745329483651697091715990039867856095503627848912747997752817220409077532140407542424807929035441808867328.00
    卫星 Prn=3 Snr=57.2 Angle=96.0 Quality=8876965363392006683896686406662892742631935607775781124567860367072844101467529341139897385073806494410959963118706647645741065022099471703157137719745329483651697091715990039867856095503627848912747997752817220409077532140407542424807929035441808867328.00
    卫星 Prn=4 Snr=57.2 Angle=95.8 Quality=8876965363392006683896686406662892742631935607775781124567860367072844101467529341139897385073806494410959963118706647645741065022099471703157137719745329483651697091715990039867856095503627848912747997752817220409077532140407542424807929035441808867328.00
    卫星 Prn=6 Snr=57.1 Angle=95.9 Quality=8876965363392006683896686406662892742631935607775781124567860367072844101467529341139897385073806494410959963118706647645741065022099471703157137719745329483651697091715990039867856095503627848912747997752817220409077532140407542424807929035441808867328.00
    卫星 Prn=7 Snr=57.2 Angle=96.1 Quality=8876965363392006683896686406662892742631935607775781124567860367072844101467529341139897385073806494410959963118706647645741065022099471703157137719745329483651697091715990039867856095503627848912747997752817220409077532140407542424807929035441808867328.00
    卫星 Prn=8 Snr=57.1 Angle=95.8 Quality=8876965363392006683896686406662892742631935607775781124567860367072844101467529341139897385073806494410959963118706647645741065022099471703157137719745329483651697091715990039867856095503627848912747997752817220409077532140407542424807929035441808867328.00
    卫星 Prn=9 Snr=57.1 Angle=95.9 Quality=8876965363392006683896686406662892742631935607775781124567860367072844101467529341139897385073806494410959963118706647645741065022099471703157137719745329483651697091715990039867856095503627848912747997752817220409077532140407542424807929035441808867328.00
    卫星 Prn=10 Snr=57.1 Angle=95.9 Quality=8876965363392006683896686406662892742631935607775781124567860367072844101467529341139897385073806494410959963118706647645741065022099471703157137719745329483651697091715990039867856095503627848912747997752817220409077532140407542424807929035441808867328.00
    卫星 Prn=14 Snr=57.1 Angle=95.7 Quality=8876965363392006683896686406662892742631935607775781124567860367072844101467529341139897385073806494410959963118706647645741065022099471703157137719745329483651697091715990039867856095503627848912747997752817220409077532140407542424807929035441808867328.00
    卫星 Prn=21 Snr=57.2 Angle=96.0 Quality=8876965363392006683896686406662892742631935607775781124567860367072844101467529341139897385073806494410959963118706647645741065022099471703157137719745329483651697091715990039867856095503627848912747997752817220409077532140407542424807929035441808867328.00
    卫星 Prn=26 Snr=57.2 Angle=95.9 Quality=8876965363392006683896686406662892742631935607775781124567860367072844101467529341139897385073806494410959963118706647645741065022099471703157137719745329483651697091715990039867856095503627848912747997752817220409077532140407542424807929035441808867328.00

---- 报警时刻 code=33 天线对(1,6) t=5248.0s ----
  频点 Sys=BDS Type=B1C Alarm=1 来向角度=111.00° 被欺骗卫星数=5
    卫星 Prn=6 Snr=48.3 Angle=97.7 Quality=0.00
    卫星 Prn=7 Snr=48.4 Angle=97.8 Quality=8876965363392006683896686406662892742631935607775781124567860367072844101467529341139897385073806494410959963118706647645741065022099471703157137719745329483651697091715990039867856095503627848912747997752817220409077532140407542424807929035441808867328.00
    卫星 Prn=8 Snr=48.3 Angle=97.9 Quality=8876965363392006683896686406662892742631935607775781124567860367072844101467529341139897385073806494410959963118706647645741065022099471703157137719745329483651697091715990039867856095503627848912747997752817220409077532140407542424807929035441808867328.00
    卫星 Prn=24 Snr=48.4 Angle=97.8 Quality=8876965363392006683896686406662892742631935607775781124567860367072844101467529341139897385073806494410959963118706647645741065022099471703157137719745329483651697091715990039867856095503627848912747997752817220409077532140407542424807929035441808867328.00
    卫星 Prn=26 Snr=48.4 Angle=97.9 Quality=8876965363392006683896686406662892742631935607775781124567860367072844101467529341139897385073806494410959963118706647645741065022099471703157137719745329483651697091715990039867856095503627848912747997752817220409077532140407542424807929035441808867328.00

---- 报警时刻 code=33 天线对(1,6) t=5248.0s ----
  频点 Sys=BDS Type=B2a Alarm=1 来向角度=109.29° 被欺骗卫星数=7
    卫星 Prn=6 Snr=55.5 Angle=98.2 Quality=0.00
    卫星 Prn=7 Snr=55.4 Angle=98.3 Quality=8876965363392006683896686406662892742631935607775781124567860367072844101467529341139897385073806494410959963118706647645741065022099471703157137719745329483651697091715990039867856095503627848912747997752817220409077532140407542424807929035441808867328.00
    卫星 Prn=8 Snr=55.3 Angle=98.2 Quality=8876965363392006683896686406662892742631935607775781124567860367072844101467529341139897385073806494410959963118706647645741065022099471703157137719745329483651697091715990039867856095503627848912747997752817220409077532140407542424807929035441808867328.00
    卫星 Prn=14 Snr=55.3 Angle=98.3 Quality=8876965363392006683896686406662892742631935607775781124567860367072844101467529341139897385073806494410959963118706647645741065022099471703157137719745329483651697091715990039867856095503627848912747997752817220409077532140407542424807929035441808867328.00
    卫星 Prn=21 Snr=55.3 Angle=98.3 Quality=8876965363392006683896686406662892742631935607775781124567860367072844101467529341139897385073806494410959963118706647645741065022099471703157137719745329483651697091715990039867856095503627848912747997752817220409077532140407542424807929035441808867328.00
    卫星 Prn=24 Snr=55.3 Angle=98.2 Quality=8876965363392006683896686406662892742631935607775781124567860367072844101467529341139897385073806494410959963118706647645741065022099471703157137719745329483651697091715990039867856095503627848912747997752817220409077532140407542424807929035441808867328.00
    卫星 Prn=26 Snr=55.3 Angle=98.2 Quality=8876965363392006683896686406662892742631935607775781124567860367072844101467529341139897385073806494410959963118706647645741065022099471703157137719745329483651697091715990039867856095503627848912747997752817220409077532140407542424807929035441808867328.00

---- 报警时刻 code=33 天线对(1,6) t=5248.0s ----
  频点 Sys=BDS Type=B2b Alarm=1 来向角度=112.00° 被欺骗卫星数=7
    卫星 Prn=6 Snr=55.0 Angle=97.5 Quality=0.00
    卫星 Prn=7 Snr=55.0 Angle=97.4 Quality=8876965363392006683896686406662892742631935607775781124567860367072844101467529341139897385073806494410959963118706647645741065022099471703157137719745329483651697091715990039867856095503627848912747997752817220409077532140407542424807929035441808867328.00
    卫星 Prn=8 Snr=55.0 Angle=97.3 Quality=8876965363392006683896686406662892742631935607775781124567860367072844101467529341139897385073806494410959963118706647645741065022099471703157137719745329483651697091715990039867856095503627848912747997752817220409077532140407542424807929035441808867328.00
    卫星 Prn=14 Snr=55.1 Angle=97.5 Quality=8876965363392006683896686406662892742631935607775781124567860367072844101467529341139897385073806494410959963118706647645741065022099471703157137719745329483651697091715990039867856095503627848912747997752817220409077532140407542424807929035441808867328.00
    卫星 Prn=21 Snr=55.0 Angle=97.5 Quality=8876965363392006683896686406662892742631935607775781124567860367072844101467529341139897385073806494410959963118706647645741065022099471703157137719745329483651697091715990039867856095503627848912747997752817220409077532140407542424807929035441808867328.00
    卫星 Prn=24 Snr=55.0 Angle=97.4 Quality=8876965363392006683896686406662892742631935607775781124567860367072844101467529341139897385073806494410959963118706647645741065022099471703157137719745329483651697091715990039867856095503627848912747997752817220409077532140407542424807929035441808867328.00
    卫星 Prn=26 Snr=55.0 Angle=97.4 Quality=8876965363392006683896686406662892742631935607775781124567860367072844101467529341139897385073806494410959963118706647645741065022099471703157137719745329483651697091715990039867856095503627848912747997752817220409077532140407542424807929035441808867328.00

---- 报警时刻 code=1 天线对(1,7) t=5258.0s ----
  频点 Sys=GPS Type=L1_CA Alarm=1 来向角度=111.00° 被欺骗卫星数=8
    卫星 Prn=3 Snr=49.9 Angle=97.8 Quality=0.00
    卫星 Prn=4 Snr=50.0 Angle=97.8 Quality=8876965363392006683896686406662892742631935607775781124567860367072844101467529341139897385073806494410959963118706647645741065022099471703157137719745329483651697091715990039867856095503627848912747997752817220409077532140407542424807929035441808867328.00
    卫星 Prn=16 Snr=50.0 Angle=97.8 Quality=8876965363392006683896686406662892742631935607775781124567860367072844101467529341139897385073806494410959963118706647645741065022099471703157137719745329483651697091715990039867856095503627848912747997752817220409077532140407542424807929035441808867328.00
    卫星 Prn=26 Snr=50.0 Angle=97.8 Quality=8876965363392006683896686406662892742631935607775781124567860367072844101467529341139897385073806494410959963118706647645741065022099471703157137719745329483651697091715990039867856095503627848912747997752817220409077532140407542424807929035441808867328.00
    卫星 Prn=28 Snr=50.0 Angle=98.0 Quality=8876965363392006683896686406662892742631935607775781124567860367072844101467529341139897385073806494410959963118706647645741065022099471703157137719745329483651697091715990039867856095503627848912747997752817220409077532140407542424807929035441808867328.00
    卫星 Prn=29 Snr=50.0 Angle=97.9 Quality=8876965363392006683896686406662892742631935607775781124567860367072844101467529341139897385073806494410959963118706647645741065022099471703157137719745329483651697091715990039867856095503627848912747997752817220409077532140407542424807929035441808867328.00
    卫星 Prn=31 Snr=50.0 Angle=98.1 Quality=8876965363392006683896686406662892742631935607775781124567860367072844101467529341139897385073806494410959963118706647645741065022099471703157137719745329483651697091715990039867856095503627848912747997752817220409077532140407542424807929035441808867328.00
    卫星 Prn=32 Snr=50.0 Angle=97.8 Quality=8876965363392006683896686406662892742631935607775781124567860367072844101467529341139897385073806494410959963118706647645741065022099471703157137719745329483651697091715990039867856095503627848912747997752817220409077532140407542424807929035441808867328.00

---- 报警时刻 code=1 天线对(1,7) t=5258.0s ----
  频点 Sys=Galileo Type=E1C Alarm=1 来向角度=111.00° 被欺骗卫星数=8
    卫星 Prn=4 Snr=49.9 Angle=97.8 Quality=0.00
    卫星 Prn=5 Snr=49.9 Angle=97.8 Quality=8876965363392006683896686406662892742631935607775781124567860367072844101467529341139897385073806494410959963118706647645741065022099471703157137719745329483651697091715990039867856095503627848912747997752817220409077532140407542424807929035441808867328.00
    卫星 Prn=6 Snr=50.0 Angle=98.0 Quality=8876965363392006683896686406662892742631935607775781124567860367072844101467529341139897385073806494410959963118706647645741065022099471703157137719745329483651697091715990039867856095503627848912747997752817220409077532140407542424807929035441808867328.00
    卫星 Prn=9 Snr=50.0 Angle=97.9 Quality=8876965363392006683896686406662892742631935607775781124567860367072844101467529341139897385073806494410959963118706647645741065022099471703157137719745329483651697091715990039867856095503627848912747997752817220409077532140407542424807929035441808867328.00
    卫星 Prn=14 Snr=49.9 Angle=97.9 Quality=8876965363392006683896686406662892742631935607775781124567860367072844101467529341139897385073806494410959963118706647645741065022099471703157137719745329483651697091715990039867856095503627848912747997752817220409077532140407542424807929035441808867328.00
    卫星 Prn=16 Snr=49.9 Angle=97.8 Quality=8876965363392006683896686406662892742631935607775781124567860367072844101467529341139897385073806494410959963118706647645741065022099471703157137719745329483651697091715990039867856095503627848912747997752817220409077532140407542424807929035441808867328.00
    卫星 Prn=31 Snr=49.9 Angle=98.0 Quality=8876965363392006683896686406662892742631935607775781124567860367072844101467529341139897385073806494410959963118706647645741065022099471703157137719745329483651697091715990039867856095503627848912747997752817220409077532140407542424807929035441808867328.00
    卫星 Prn=34 Snr=50.0 Angle=97.8 Quality=8876965363392006683896686406662892742631935607775781124567860367072844101467529341139897385073806494410959963118706647645741065022099471703157137719745329483651697091715990039867856095503627848912747997752817220409077532140407542424807929035441808867328.00

---- 报警时刻 code=1 天线对(1,7) t=5258.0s ----
  频点 Sys=BDS Type=B3I Alarm=1 来向角度=111.00° 被欺骗卫星数=12
    卫星 Prn=1 Snr=57.2 Angle=95.6 Quality=0.00
    卫星 Prn=2 Snr=57.2 Angle=95.7 Quality=8876965363392006683896686406662892742631935607775781124567860367072844101467529341139897385073806494410959963118706647645741065022099471703157137719745329483651697091715990039867856095503627848912747997752817220409077532140407542424807929035441808867328.00
    卫星 Prn=3 Snr=57.2 Angle=95.9 Quality=8876965363392006683896686406662892742631935607775781124567860367072844101467529341139897385073806494410959963118706647645741065022099471703157137719745329483651697091715990039867856095503627848912747997752817220409077532140407542424807929035441808867328.00
    卫星 Prn=4 Snr=57.2 Angle=95.7 Quality=8876965363392006683896686406662892742631935607775781124567860367072844101467529341139897385073806494410959963118706647645741065022099471703157137719745329483651697091715990039867856095503627848912747997752817220409077532140407542424807929035441808867328.00
    卫星 Prn=6 Snr=57.1 Angle=95.7 Quality=8876965363392006683896686406662892742631935607775781124567860367072844101467529341139897385073806494410959963118706647645741065022099471703157137719745329483651697091715990039867856095503627848912747997752817220409077532140407542424807929035441808867328.00
    卫星 Prn=7 Snr=57.2 Angle=95.9 Quality=8876965363392006683896686406662892742631935607775781124567860367072844101467529341139897385073806494410959963118706647645741065022099471703157137719745329483651697091715990039867856095503627848912747997752817220409077532140407542424807929035441808867328.00
    卫星 Prn=8 Snr=57.1 Angle=95.6 Quality=8876965363392006683896686406662892742631935607775781124567860367072844101467529341139897385073806494410959963118706647645741065022099471703157137719745329483651697091715990039867856095503627848912747997752817220409077532140407542424807929035441808867328.00
    卫星 Prn=9 Snr=57.1 Angle=95.8 Quality=8876965363392006683896686406662892742631935607775781124567860367072844101467529341139897385073806494410959963118706647645741065022099471703157137719745329483651697091715990039867856095503627848912747997752817220409077532140407542424807929035441808867328.00
    卫星 Prn=10 Snr=57.1 Angle=95.8 Quality=8876965363392006683896686406662892742631935607775781124567860367072844101467529341139897385073806494410959963118706647645741065022099471703157137719745329483651697091715990039867856095503627848912747997752817220409077532140407542424807929035441808867328.00
    卫星 Prn=14 Snr=57.1 Angle=95.6 Quality=8876965363392006683896686406662892742631935607775781124567860367072844101467529341139897385073806494410959963118706647645741065022099471703157137719745329483651697091715990039867856095503627848912747997752817220409077532140407542424807929035441808867328.00
    卫星 Prn=21 Snr=57.2 Angle=95.8 Quality=8876965363392006683896686406662892742631935607775781124567860367072844101467529341139897385073806494410959963118706647645741065022099471703157137719745329483651697091715990039867856095503627848912747997752817220409077532140407542424807929035441808867328.00
    卫星 Prn=26 Snr=57.2 Angle=95.8 Quality=8876965363392006683896686406662892742631935607775781124567860367072844101467529341139897385073806494410959963118706647645741065022099471703157137719745329483651697091715990039867856095503627848912747997752817220409077532140407542424807929035441808867328.00

---- 报警时刻 code=1 天线对(1,7) t=5258.0s ----
  频点 Sys=BDS Type=B1C Alarm=1 来向角度=111.29° 被欺骗卫星数=7
    卫星 Prn=6 Snr=48.2 Angle=97.7 Quality=0.00
    卫星 Prn=7 Snr=48.4 Angle=97.8 Quality=8876965363392006683896686406662892742631935607775781124567860367072844101467529341139897385073806494410959963118706647645741065022099471703157137719745329483651697091715990039867856095503627848912747997752817220409077532140407542424807929035441808867328.00
    卫星 Prn=8 Snr=48.3 Angle=97.9 Quality=8876965363392006683896686406662892742631935607775781124567860367072844101467529341139897385073806494410959963118706647645741065022099471703157137719745329483651697091715990039867856095503627848912747997752817220409077532140407542424807929035441808867328.00
    卫星 Prn=14 Snr=48.3 Angle=97.8 Quality=8876965363392006683896686406662892742631935607775781124567860367072844101467529341139897385073806494410959963118706647645741065022099471703157137719745329483651697091715990039867856095503627848912747997752817220409077532140407542424807929035441808867328.00
    卫星 Prn=21 Snr=48.2 Angle=97.7 Quality=8876965363392006683896686406662892742631935607775781124567860367072844101467529341139897385073806494410959963118706647645741065022099471703157137719745329483651697091715990039867856095503627848912747997752817220409077532140407542424807929035441808867328.00
    卫星 Prn=24 Snr=48.4 Angle=97.9 Quality=8876965363392006683896686406662892742631935607775781124567860367072844101467529341139897385073806494410959963118706647645741065022099471703157137719745329483651697091715990039867856095503627848912747997752817220409077532140407542424807929035441808867328.00
    卫星 Prn=26 Snr=48.4 Angle=97.9 Quality=8876965363392006683896686406662892742631935607775781124567860367072844101467529341139897385073806494410959963118706647645741065022099471703157137719745329483651697091715990039867856095503627848912747997752817220409077532140407542424807929035441808867328.00

---- 报警时刻 code=1 天线对(1,7) t=5258.0s ----
  频点 Sys=BDS Type=B2a Alarm=1 来向角度=109.29° 被欺骗卫星数=7
    卫星 Prn=6 Snr=55.5 Angle=98.2 Quality=0.00
    卫星 Prn=7 Snr=55.4 Angle=98.2 Quality=8876965363392006683896686406662892742631935607775781124567860367072844101467529341139897385073806494410959963118706647645741065022099471703157137719745329483651697091715990039867856095503627848912747997752817220409077532140407542424807929035441808867328.00
    卫星 Prn=8 Snr=55.3 Angle=98.2 Quality=8876965363392006683896686406662892742631935607775781124567860367072844101467529341139897385073806494410959963118706647645741065022099471703157137719745329483651697091715990039867856095503627848912747997752817220409077532140407542424807929035441808867328.00
    卫星 Prn=14 Snr=55.3 Angle=98.3 Quality=8876965363392006683896686406662892742631935607775781124567860367072844101467529341139897385073806494410959963118706647645741065022099471703157137719745329483651697091715990039867856095503627848912747997752817220409077532140407542424807929035441808867328.00
    卫星 Prn=21 Snr=55.3 Angle=98.3 Quality=8876965363392006683896686406662892742631935607775781124567860367072844101467529341139897385073806494410959963118706647645741065022099471703157137719745329483651697091715990039867856095503627848912747997752817220409077532140407542424807929035441808867328.00
    卫星 Prn=24 Snr=55.3 Angle=98.3 Quality=8876965363392006683896686406662892742631935607775781124567860367072844101467529341139897385073806494410959963118706647645741065022099471703157137719745329483651697091715990039867856095503627848912747997752817220409077532140407542424807929035441808867328.00
    卫星 Prn=26 Snr=55.3 Angle=98.2 Quality=8876965363392006683896686406662892742631935607775781124567860367072844101467529341139897385073806494410959963118706647645741065022099471703157137719745329483651697091715990039867856095503627848912747997752817220409077532140407542424807929035441808867328.00

---- 报警时刻 code=1 天线对(1,7) t=5258.0s ----
  频点 Sys=BDS Type=B2b Alarm=1 来向角度=112.00° 被欺骗卫星数=7
    卫星 Prn=6 Snr=55.0 Angle=97.5 Quality=0.00
    卫星 Prn=7 Snr=55.0 Angle=97.4 Quality=8876965363392006683896686406662892742631935607775781124567860367072844101467529341139897385073806494410959963118706647645741065022099471703157137719745329483651697091715990039867856095503627848912747997752817220409077532140407542424807929035441808867328.00
    卫星 Prn=8 Snr=55.0 Angle=97.2 Quality=8876965363392006683896686406662892742631935607775781124567860367072844101467529341139897385073806494410959963118706647645741065022099471703157137719745329483651697091715990039867856095503627848912747997752817220409077532140407542424807929035441808867328.00
    卫星 Prn=14 Snr=55.1 Angle=97.5 Quality=8876965363392006683896686406662892742631935607775781124567860367072844101467529341139897385073806494410959963118706647645741065022099471703157137719745329483651697091715990039867856095503627848912747997752817220409077532140407542424807929035441808867328.00
    卫星 Prn=21 Snr=55.0 Angle=97.5 Quality=8876965363392006683896686406662892742631935607775781124567860367072844101467529341139897385073806494410959963118706647645741065022099471703157137719745329483651697091715990039867856095503627848912747997752817220409077532140407542424807929035441808867328.00
    卫星 Prn=24 Snr=55.0 Angle=97.4 Quality=8876965363392006683896686406662892742631935607775781124567860367072844101467529341139897385073806494410959963118706647645741065022099471703157137719745329483651697091715990039867856095503627848912747997752817220409077532140407542424807929035441808867328.00
    卫星 Prn=26 Snr=55.0 Angle=97.4 Quality=8876965363392006683896686406662892742631935607775781124567860367072844101467529341139897385073806494410959963118706647645741065022099471703157137719745329483651697091715990039867856095503627848912747997752817220409077532140407542424807929035441808867328.00

---- 报警时刻 code=9 天线对(1,2) t=5276.0s ----
  频点 Sys=GPS Type=L1_CA Alarm=1 来向角度=111.00° 被欺骗卫星数=7
    卫星 Prn=3 Snr=49.9 Angle=98.2 Quality=0.00
    卫星 Prn=4 Snr=50.0 Angle=98.2 Quality=8876965363392006683896686406662892742631935607775781124567860367072844101467529341139897385073806494410959963118706647645741065022099471703157137719745329483651697091715990039867856095503627848912747997752817220409077532140407542424807929035441808867328.00
    卫星 Prn=26 Snr=50.0 Angle=98.1 Quality=8876965363392006683896686406662892742631935607775781124567860367072844101467529341139897385073806494410959963118706647645741065022099471703157137719745329483651697091715990039867856095503627848912747997752817220409077532140407542424807929035441808867328.00
    卫星 Prn=28 Snr=50.0 Angle=98.3 Quality=8876965363392006683896686406662892742631935607775781124567860367072844101467529341139897385073806494410959963118706647645741065022099471703157137719745329483651697091715990039867856095503627848912747997752817220409077532140407542424807929035441808867328.00
    卫星 Prn=29 Snr=50.0 Angle=98.2 Quality=8876965363392006683896686406662892742631935607775781124567860367072844101467529341139897385073806494410959963118706647645741065022099471703157137719745329483651697091715990039867856095503627848912747997752817220409077532140407542424807929035441808867328.00
    卫星 Prn=31 Snr=50.0 Angle=98.3 Quality=8876965363392006683896686406662892742631935607775781124567860367072844101467529341139897385073806494410959963118706647645741065022099471703157137719745329483651697091715990039867856095503627848912747997752817220409077532140407542424807929035441808867328.00
    卫星 Prn=32 Snr=50.0 Angle=98.4 Quality=8876965363392006683896686406662892742631935607775781124567860367072844101467529341139897385073806494410959963118706647645741065022099471703157137719745329483651697091715990039867856095503627848912747997752817220409077532140407542424807929035441808867328.00

---- 报警时刻 code=9 天线对(1,2) t=5276.0s ----
  频点 Sys=GLONASS Type=G1 Alarm=1 来向角度=-1 被欺骗卫星数=4
    卫星 Prn=7 Snr=59.9 Angle=-1 Quality=-1
    卫星 Prn=8 Snr=59.4 Angle=-1 Quality=-1
    卫星 Prn=9 Snr=58.8 Angle=-1 Quality=-1
    卫星 Prn=16 Snr=58.7 Angle=-1 Quality=-1

---- 报警时刻 code=9 天线对(1,2) t=5276.0s ----
  频点 Sys=Galileo Type=E1C Alarm=1 来向角度=111.00° 被欺骗卫星数=7
    卫星 Prn=4 Snr=49.9 Angle=98.3 Quality=0.00
    卫星 Prn=5 Snr=49.9 Angle=98.3 Quality=8876965363392006683896686406662892742631935607775781124567860367072844101467529341139897385073806494410959963118706647645741065022099471703157137719745329483651697091715990039867856095503627848912747997752817220409077532140407542424807929035441808867328.00
    卫星 Prn=6 Snr=50.0 Angle=98.4 Quality=8876965363392006683896686406662892742631935607775781124567860367072844101467529341139897385073806494410959963118706647645741065022099471703157137719745329483651697091715990039867856095503627848912747997752817220409077532140407542424807929035441808867328.00
    卫星 Prn=9 Snr=50.0 Angle=98.4 Quality=8876965363392006683896686406662892742631935607775781124567860367072844101467529341139897385073806494410959963118706647645741065022099471703157137719745329483651697091715990039867856095503627848912747997752817220409077532140407542424807929035441808867328.00
    卫星 Prn=14 Snr=49.9 Angle=98.3 Quality=8876965363392006683896686406662892742631935607775781124567860367072844101467529341139897385073806494410959963118706647645741065022099471703157137719745329483651697091715990039867856095503627848912747997752817220409077532140407542424807929035441808867328.00
    卫星 Prn=16 Snr=49.9 Angle=98.3 Quality=8876965363392006683896686406662892742631935607775781124567860367072844101467529341139897385073806494410959963118706647645741065022099471703157137719745329483651697091715990039867856095503627848912747997752817220409077532140407542424807929035441808867328.00
    卫星 Prn=31 Snr=49.9 Angle=98.2 Quality=8876965363392006683896686406662892742631935607775781124567860367072844101467529341139897385073806494410959963118706647645741065022099471703157137719745329483651697091715990039867856095503627848912747997752817220409077532140407542424807929035441808867328.00

---- 报警时刻 code=9 天线对(1,2) t=5276.0s ----
  频点 Sys=BDS Type=B3I Alarm=1 来向角度=111.00° 被欺骗卫星数=12
    卫星 Prn=1 Snr=57.2 Angle=95.6 Quality=0.00
    卫星 Prn=2 Snr=57.2 Angle=95.7 Quality=8876965363392006683896686406662892742631935607775781124567860367072844101467529341139897385073806494410959963118706647645741065022099471703157137719745329483651697091715990039867856095503627848912747997752817220409077532140407542424807929035441808867328.00
    卫星 Prn=3 Snr=57.2 Angle=95.8 Quality=8876965363392006683896686406662892742631935607775781124567860367072844101467529341139897385073806494410959963118706647645741065022099471703157137719745329483651697091715990039867856095503627848912747997752817220409077532140407542424807929035441808867328.00
    卫星 Prn=4 Snr=57.2 Angle=95.7 Quality=8876965363392006683896686406662892742631935607775781124567860367072844101467529341139897385073806494410959963118706647645741065022099471703157137719745329483651697091715990039867856095503627848912747997752817220409077532140407542424807929035441808867328.00
    卫星 Prn=6 Snr=57.1 Angle=95.6 Quality=8876965363392006683896686406662892742631935607775781124567860367072844101467529341139897385073806494410959963118706647645741065022099471703157137719745329483651697091715990039867856095503627848912747997752817220409077532140407542424807929035441808867328.00
    卫星 Prn=7 Snr=57.2 Angle=95.9 Quality=8876965363392006683896686406662892742631935607775781124567860367072844101467529341139897385073806494410959963118706647645741065022099471703157137719745329483651697091715990039867856095503627848912747997752817220409077532140407542424807929035441808867328.00
    卫星 Prn=8 Snr=57.1 Angle=95.6 Quality=8876965363392006683896686406662892742631935607775781124567860367072844101467529341139897385073806494410959963118706647645741065022099471703157137719745329483651697091715990039867856095503627848912747997752817220409077532140407542424807929035441808867328.00
    卫星 Prn=9 Snr=57.1 Angle=95.8 Quality=8876965363392006683896686406662892742631935607775781124567860367072844101467529341139897385073806494410959963118706647645741065022099471703157137719745329483651697091715990039867856095503627848912747997752817220409077532140407542424807929035441808867328.00
    卫星 Prn=10 Snr=57.1 Angle=95.7 Quality=8876965363392006683896686406662892742631935607775781124567860367072844101467529341139897385073806494410959963118706647645741065022099471703157137719745329483651697091715990039867856095503627848912747997752817220409077532140407542424807929035441808867328.00
    卫星 Prn=14 Snr=57.1 Angle=95.6 Quality=8876965363392006683896686406662892742631935607775781124567860367072844101467529341139897385073806494410959963118706647645741065022099471703157137719745329483651697091715990039867856095503627848912747997752817220409077532140407542424807929035441808867328.00
    卫星 Prn=21 Snr=57.2 Angle=95.8 Quality=8876965363392006683896686406662892742631935607775781124567860367072844101467529341139897385073806494410959963118706647645741065022099471703157137719745329483651697091715990039867856095503627848912747997752817220409077532140407542424807929035441808867328.00
    卫星 Prn=26 Snr=57.2 Angle=95.8 Quality=8876965363392006683896686406662892742631935607775781124567860367072844101467529341139897385073806494410959963118706647645741065022099471703157137719745329483651697091715990039867856095503627848912747997752817220409077532140407542424807929035441808867328.00

---- 报警时刻 code=9 天线对(1,2) t=5276.0s ----
  频点 Sys=BDS Type=B1C Alarm=1 来向角度=111.29° 被欺骗卫星数=7
    卫星 Prn=6 Snr=48.2 Angle=98.2 Quality=0.00
    卫星 Prn=7 Snr=48.4 Angle=98.1 Quality=8876965363392006683896686406662892742631935607775781124567860367072844101467529341139897385073806494410959963118706647645741065022099471703157137719745329483651697091715990039867856095503627848912747997752817220409077532140407542424807929035441808867328.00
    卫星 Prn=8 Snr=48.3 Angle=98.2 Quality=8876965363392006683896686406662892742631935607775781124567860367072844101467529341139897385073806494410959963118706647645741065022099471703157137719745329483651697091715990039867856095503627848912747997752817220409077532140407542424807929035441808867328.00
    卫星 Prn=14 Snr=48.3 Angle=98.2 Quality=8876965363392006683896686406662892742631935607775781124567860367072844101467529341139897385073806494410959963118706647645741065022099471703157137719745329483651697091715990039867856095503627848912747997752817220409077532140407542424807929035441808867328.00
    卫星 Prn=21 Snr=48.3 Angle=98.2 Quality=8876965363392006683896686406662892742631935607775781124567860367072844101467529341139897385073806494410959963118706647645741065022099471703157137719745329483651697091715990039867856095503627848912747997752817220409077532140407542424807929035441808867328.00
    卫星 Prn=24 Snr=48.4 Angle=98.2 Quality=8876965363392006683896686406662892742631935607775781124567860367072844101467529341139897385073806494410959963118706647645741065022099471703157137719745329483651697091715990039867856095503627848912747997752817220409077532140407542424807929035441808867328.00
    卫星 Prn=26 Snr=48.4 Angle=98.2 Quality=8876965363392006683896686406662892742631935607775781124567860367072844101467529341139897385073806494410959963118706647645741065022099471703157137719745329483651697091715990039867856095503627848912747997752817220409077532140407542424807929035441808867328.00

---- 报警时刻 code=9 天线对(1,2) t=5276.0s ----
  频点 Sys=BDS Type=B2a Alarm=1 来向角度=109.29° 被欺骗卫星数=7
    卫星 Prn=6 Snr=55.5 Angle=98.4 Quality=0.00
    卫星 Prn=7 Snr=55.4 Angle=98.3 Quality=8876965363392006683896686406662892742631935607775781124567860367072844101467529341139897385073806494410959963118706647645741065022099471703157137719745329483651697091715990039867856095503627848912747997752817220409077532140407542424807929035441808867328.00
    卫星 Prn=8 Snr=55.3 Angle=98.4 Quality=8876965363392006683896686406662892742631935607775781124567860367072844101467529341139897385073806494410959963118706647645741065022099471703157137719745329483651697091715990039867856095503627848912747997752817220409077532140407542424807929035441808867328.00
    卫星 Prn=14 Snr=55.3 Angle=98.5 Quality=8876965363392006683896686406662892742631935607775781124567860367072844101467529341139897385073806494410959963118706647645741065022099471703157137719745329483651697091715990039867856095503627848912747997752817220409077532140407542424807929035441808867328.00
    卫星 Prn=21 Snr=55.3 Angle=98.4 Quality=8876965363392006683896686406662892742631935607775781124567860367072844101467529341139897385073806494410959963118706647645741065022099471703157137719745329483651697091715990039867856095503627848912747997752817220409077532140407542424807929035441808867328.00
    卫星 Prn=24 Snr=55.3 Angle=98.5 Quality=8876965363392006683896686406662892742631935607775781124567860367072844101467529341139897385073806494410959963118706647645741065022099471703157137719745329483651697091715990039867856095503627848912747997752817220409077532140407542424807929035441808867328.00
    卫星 Prn=26 Snr=55.3 Angle=98.4 Quality=8876965363392006683896686406662892742631935607775781124567860367072844101467529341139897385073806494410959963118706647645741065022099471703157137719745329483651697091715990039867856095503627848912747997752817220409077532140407542424807929035441808867328.00

---- 报警时刻 code=9 天线对(1,2) t=5276.0s ----
  频点 Sys=BDS Type=B2b Alarm=1 来向角度=112.00° 被欺骗卫星数=7
    卫星 Prn=6 Snr=55.0 Angle=97.5 Quality=0.00
    卫星 Prn=7 Snr=55.0 Angle=97.4 Quality=8876965363392006683896686406662892742631935607775781124567860367072844101467529341139897385073806494410959963118706647645741065022099471703157137719745329483651697091715990039867856095503627848912747997752817220409077532140407542424807929035441808867328.00
    卫星 Prn=8 Snr=55.0 Angle=97.2 Quality=8876965363392006683896686406662892742631935607775781124567860367072844101467529341139897385073806494410959963118706647645741065022099471703157137719745329483651697091715990039867856095503627848912747997752817220409077532140407542424807929035441808867328.00
    卫星 Prn=14 Snr=55.1 Angle=97.5 Quality=8876965363392006683896686406662892742631935607775781124567860367072844101467529341139897385073806494410959963118706647645741065022099471703157137719745329483651697091715990039867856095503627848912747997752817220409077532140407542424807929035441808867328.00
    卫星 Prn=21 Snr=55.0 Angle=97.5 Quality=8876965363392006683896686406662892742631935607775781124567860367072844101467529341139897385073806494410959963118706647645741065022099471703157137719745329483651697091715990039867856095503627848912747997752817220409077532140407542424807929035441808867328.00
    卫星 Prn=24 Snr=55.0 Angle=97.4 Quality=8876965363392006683896686406662892742631935607775781124567860367072844101467529341139897385073806494410959963118706647645741065022099471703157137719745329483651697091715990039867856095503627848912747997752817220409077532140407542424807929035441808867328.00
    卫星 Prn=26 Snr=55.0 Angle=97.5 Quality=8876965363392006683896686406662892742631935607775781124567860367072844101467529341139897385073806494410959963118706647645741065022099471703157137719745329483651697091715990039867856095503627848912747997752817220409077532140407542424807929035441808867328.00

---- 报警时刻 code=57 天线对(1,3) t=5285.0s ----
  频点 Sys=GPS Type=L1_CA Alarm=1 来向角度=111.00° 被欺骗卫星数=7
    卫星 Prn=3 Snr=49.9 Angle=98.2 Quality=0.00
    卫星 Prn=4 Snr=50.0 Angle=98.2 Quality=8876965363392006683896686406662892742631935607775781124567860367072844101467529341139897385073806494410959963118706647645741065022099471703157137719745329483651697091715990039867856095503627848912747997752817220409077532140407542424807929035441808867328.00
    卫星 Prn=16 Snr=50.0 Angle=97.8 Quality=8876965363392006683896686406662892742631935607775781124567860367072844101467529341139897385073806494410959963118706647645741065022099471703157137719745329483651697091715990039867856095503627848912747997752817220409077532140407542424807929035441808867328.00
    卫星 Prn=26 Snr=50.0 Angle=98.1 Quality=8876965363392006683896686406662892742631935607775781124567860367072844101467529341139897385073806494410959963118706647645741065022099471703157137719745329483651697091715990039867856095503627848912747997752817220409077532140407542424807929035441808867328.00
    卫星 Prn=28 Snr=50.0 Angle=98.3 Quality=8876965363392006683896686406662892742631935607775781124567860367072844101467529341139897385073806494410959963118706647645741065022099471703157137719745329483651697091715990039867856095503627848912747997752817220409077532140407542424807929035441808867328.00
    卫星 Prn=29 Snr=50.0 Angle=98.2 Quality=8876965363392006683896686406662892742631935607775781124567860367072844101467529341139897385073806494410959963118706647645741065022099471703157137719745329483651697091715990039867856095503627848912747997752817220409077532140407542424807929035441808867328.00
    卫星 Prn=32 Snr=50.0 Angle=98.4 Quality=8876965363392006683896686406662892742631935607775781124567860367072844101467529341139897385073806494410959963118706647645741065022099471703157137719745329483651697091715990039867856095503627848912747997752817220409077532140407542424807929035441808867328.00

---- 报警时刻 code=57 天线对(1,3) t=5285.0s ----
  频点 Sys=Galileo Type=E1C Alarm=1 来向角度=111.00° 被欺骗卫星数=7
    卫星 Prn=4 Snr=49.9 Angle=98.3 Quality=0.00
    卫星 Prn=5 Snr=49.9 Angle=98.3 Quality=8876965363392006683896686406662892742631935607775781124567860367072844101467529341139897385073806494410959963118706647645741065022099471703157137719745329483651697091715990039867856095503627848912747997752817220409077532140407542424807929035441808867328.00
    卫星 Prn=6 Snr=50.0 Angle=98.4 Quality=8876965363392006683896686406662892742631935607775781124567860367072844101467529341139897385073806494410959963118706647645741065022099471703157137719745329483651697091715990039867856095503627848912747997752817220409077532140407542424807929035441808867328.00
    卫星 Prn=9 Snr=50.1 Angle=98.4 Quality=8876965363392006683896686406662892742631935607775781124567860367072844101467529341139897385073806494410959963118706647645741065022099471703157137719745329483651697091715990039867856095503627848912747997752817220409077532140407542424807929035441808867328.00
    卫星 Prn=14 Snr=49.9 Angle=98.3 Quality=8876965363392006683896686406662892742631935607775781124567860367072844101467529341139897385073806494410959963118706647645741065022099471703157137719745329483651697091715990039867856095503627848912747997752817220409077532140407542424807929035441808867328.00
    卫星 Prn=16 Snr=50.0 Angle=98.3 Quality=8876965363392006683896686406662892742631935607775781124567860367072844101467529341139897385073806494410959963118706647645741065022099471703157137719745329483651697091715990039867856095503627848912747997752817220409077532140407542424807929035441808867328.00
    卫星 Prn=31 Snr=50.0 Angle=98.2 Quality=8876965363392006683896686406662892742631935607775781124567860367072844101467529341139897385073806494410959963118706647645741065022099471703157137719745329483651697091715990039867856095503627848912747997752817220409077532140407542424807929035441808867328.00

---- 报警时刻 code=57 天线对(1,3) t=5285.0s ----
  频点 Sys=BDS Type=B3I Alarm=1 来向角度=111.00° 被欺骗卫星数=12
    卫星 Prn=1 Snr=57.2 Angle=95.6 Quality=0.00
    卫星 Prn=2 Snr=57.2 Angle=95.7 Quality=8876965363392006683896686406662892742631935607775781124567860367072844101467529341139897385073806494410959963118706647645741065022099471703157137719745329483651697091715990039867856095503627848912747997752817220409077532140407542424807929035441808867328.00
    卫星 Prn=3 Snr=57.2 Angle=95.8 Quality=8876965363392006683896686406662892742631935607775781124567860367072844101467529341139897385073806494410959963118706647645741065022099471703157137719745329483651697091715990039867856095503627848912747997752817220409077532140407542424807929035441808867328.00
    卫星 Prn=4 Snr=57.2 Angle=95.7 Quality=8876965363392006683896686406662892742631935607775781124567860367072844101467529341139897385073806494410959963118706647645741065022099471703157137719745329483651697091715990039867856095503627848912747997752817220409077532140407542424807929035441808867328.00
    卫星 Prn=6 Snr=57.1 Angle=95.6 Quality=8876965363392006683896686406662892742631935607775781124567860367072844101467529341139897385073806494410959963118706647645741065022099471703157137719745329483651697091715990039867856095503627848912747997752817220409077532140407542424807929035441808867328.00
    卫星 Prn=7 Snr=57.2 Angle=95.9 Quality=8876965363392006683896686406662892742631935607775781124567860367072844101467529341139897385073806494410959963118706647645741065022099471703157137719745329483651697091715990039867856095503627848912747997752817220409077532140407542424807929035441808867328.00
    卫星 Prn=8 Snr=57.1 Angle=95.6 Quality=8876965363392006683896686406662892742631935607775781124567860367072844101467529341139897385073806494410959963118706647645741065022099471703157137719745329483651697091715990039867856095503627848912747997752817220409077532140407542424807929035441808867328.00
    卫星 Prn=9 Snr=57.1 Angle=95.8 Quality=8876965363392006683896686406662892742631935607775781124567860367072844101467529341139897385073806494410959963118706647645741065022099471703157137719745329483651697091715990039867856095503627848912747997752817220409077532140407542424807929035441808867328.00
    卫星 Prn=10 Snr=57.1 Angle=95.7 Quality=8876965363392006683896686406662892742631935607775781124567860367072844101467529341139897385073806494410959963118706647645741065022099471703157137719745329483651697091715990039867856095503627848912747997752817220409077532140407542424807929035441808867328.00
    卫星 Prn=14 Snr=57.1 Angle=95.6 Quality=8876965363392006683896686406662892742631935607775781124567860367072844101467529341139897385073806494410959963118706647645741065022099471703157137719745329483651697091715990039867856095503627848912747997752817220409077532140407542424807929035441808867328.00
    卫星 Prn=21 Snr=57.2 Angle=95.8 Quality=8876965363392006683896686406662892742631935607775781124567860367072844101467529341139897385073806494410959963118706647645741065022099471703157137719745329483651697091715990039867856095503627848912747997752817220409077532140407542424807929035441808867328.00
    卫星 Prn=26 Snr=57.2 Angle=95.8 Quality=8876965363392006683896686406662892742631935607775781124567860367072844101467529341139897385073806494410959963118706647645741065022099471703157137719745329483651697091715990039867856095503627848912747997752817220409077532140407542424807929035441808867328.00

---- 报警时刻 code=57 天线对(1,3) t=5285.0s ----
  频点 Sys=BDS Type=B1C Alarm=1 来向角度=111.29° 被欺骗卫星数=7
    卫星 Prn=6 Snr=48.2 Angle=98.2 Quality=0.00
    卫星 Prn=7 Snr=48.5 Angle=98.1 Quality=8876965363392006683896686406662892742631935607775781124567860367072844101467529341139897385073806494410959963118706647645741065022099471703157137719745329483651697091715990039867856095503627848912747997752817220409077532140407542424807929035441808867328.00
    卫星 Prn=8 Snr=48.4 Angle=98.2 Quality=8876965363392006683896686406662892742631935607775781124567860367072844101467529341139897385073806494410959963118706647645741065022099471703157137719745329483651697091715990039867856095503627848912747997752817220409077532140407542424807929035441808867328.00
    卫星 Prn=14 Snr=48.4 Angle=98.2 Quality=8876965363392006683896686406662892742631935607775781124567860367072844101467529341139897385073806494410959963118706647645741065022099471703157137719745329483651697091715990039867856095503627848912747997752817220409077532140407542424807929035441808867328.00
    卫星 Prn=21 Snr=48.5 Angle=98.2 Quality=8876965363392006683896686406662892742631935607775781124567860367072844101467529341139897385073806494410959963118706647645741065022099471703157137719745329483651697091715990039867856095503627848912747997752817220409077532140407542424807929035441808867328.00
    卫星 Prn=24 Snr=48.4 Angle=98.2 Quality=8876965363392006683896686406662892742631935607775781124567860367072844101467529341139897385073806494410959963118706647645741065022099471703157137719745329483651697091715990039867856095503627848912747997752817220409077532140407542424807929035441808867328.00
    卫星 Prn=26 Snr=48.4 Angle=98.2 Quality=8876965363392006683896686406662892742631935607775781124567860367072844101467529341139897385073806494410959963118706647645741065022099471703157137719745329483651697091715990039867856095503627848912747997752817220409077532140407542424807929035441808867328.00

---- 报警时刻 code=57 天线对(1,3) t=5285.0s ----
  频点 Sys=BDS Type=B2a Alarm=1 来向角度=109.86° 被欺骗卫星数=7
    卫星 Prn=6 Snr=55.6 Angle=98.5 Quality=0.00
    卫星 Prn=7 Snr=55.6 Angle=98.4 Quality=8876965363392006683896686406662892742631935607775781124567860367072844101467529341139897385073806494410959963118706647645741065022099471703157137719745329483651697091715990039867856095503627848912747997752817220409077532140407542424807929035441808867328.00
    卫星 Prn=8 Snr=55.6 Angle=98.4 Quality=8876965363392006683896686406662892742631935607775781124567860367072844101467529341139897385073806494410959963118706647645741065022099471703157137719745329483651697091715990039867856095503627848912747997752817220409077532140407542424807929035441808867328.00
    卫星 Prn=14 Snr=55.5 Angle=98.5 Quality=8876965363392006683896686406662892742631935607775781124567860367072844101467529341139897385073806494410959963118706647645741065022099471703157137719745329483651697091715990039867856095503627848912747997752817220409077532140407542424807929035441808867328.00
    卫星 Prn=21 Snr=55.6 Angle=98.4 Quality=8876965363392006683896686406662892742631935607775781124567860367072844101467529341139897385073806494410959963118706647645741065022099471703157137719745329483651697091715990039867856095503627848912747997752817220409077532140407542424807929035441808867328.00
    卫星 Prn=24 Snr=55.6 Angle=98.5 Quality=8876965363392006683896686406662892742631935607775781124567860367072844101467529341139897385073806494410959963118706647645741065022099471703157137719745329483651697091715990039867856095503627848912747997752817220409077532140407542424807929035441808867328.00
    卫星 Prn=26 Snr=55.6 Angle=98.5 Quality=8876965363392006683896686406662892742631935607775781124567860367072844101467529341139897385073806494410959963118706647645741065022099471703157137719745329483651697091715990039867856095503627848912747997752817220409077532140407542424807929035441808867328.00

---- 报警时刻 code=57 天线对(1,3) t=5285.0s ----
  频点 Sys=BDS Type=B2b Alarm=1 来向角度=112.00° 被欺骗卫星数=7
    卫星 Prn=6 Snr=55.0 Angle=97.5 Quality=0.00
    卫星 Prn=7 Snr=55.0 Angle=97.4 Quality=8876965363392006683896686406662892742631935607775781124567860367072844101467529341139897385073806494410959963118706647645741065022099471703157137719745329483651697091715990039867856095503627848912747997752817220409077532140407542424807929035441808867328.00
    卫星 Prn=8 Snr=55.0 Angle=97.2 Quality=8876965363392006683896686406662892742631935607775781124567860367072844101467529341139897385073806494410959963118706647645741065022099471703157137719745329483651697091715990039867856095503627848912747997752817220409077532140407542424807929035441808867328.00
    卫星 Prn=14 Snr=55.1 Angle=97.5 Quality=8876965363392006683896686406662892742631935607775781124567860367072844101467529341139897385073806494410959963118706647645741065022099471703157137719745329483651697091715990039867856095503627848912747997752817220409077532140407542424807929035441808867328.00
    卫星 Prn=21 Snr=55.0 Angle=97.5 Quality=8876965363392006683896686406662892742631935607775781124567860367072844101467529341139897385073806494410959963118706647645741065022099471703157137719745329483651697091715990039867856095503627848912747997752817220409077532140407542424807929035441808867328.00
    卫星 Prn=24 Snr=55.0 Angle=97.4 Quality=8876965363392006683896686406662892742631935607775781124567860367072844101467529341139897385073806494410959963118706647645741065022099471703157137719745329483651697091715990039867856095503627848912747997752817220409077532140407542424807929035441808867328.00
    卫星 Prn=26 Snr=55.0 Angle=97.5 Quality=8876965363392006683896686406662892742631935607775781124567860367072844101467529341139897385073806494410959963118706647645741065022099471703157137719745329483651697091715990039867856095503627848912747997752817220409077532140407542424807929035441808867328.00

---- 报警时刻 code=17 天线对(1,4) t=5294.0s ----
  频点 Sys=GPS Type=L1_CA Alarm=1 来向角度=111.00° 被欺骗卫星数=8
    卫星 Prn=3 Snr=50.2 Angle=98.1 Quality=0.00
    卫星 Prn=4 Snr=50.2 Angle=98.0 Quality=8876965363392006683896686406662892742631935607775781124567860367072844101467529341139897385073806494410959963118706647645741065022099471703157137719745329483651697091715990039867856095503627848912747997752817220409077532140407542424807929035441808867328.00
    卫星 Prn=16 Snr=50.2 Angle=97.7 Quality=8876965363392006683896686406662892742631935607775781124567860367072844101467529341139897385073806494410959963118706647645741065022099471703157137719745329483651697091715990039867856095503627848912747997752817220409077532140407542424807929035441808867328.00
    卫星 Prn=26 Snr=50.2 Angle=98.0 Quality=8876965363392006683896686406662892742631935607775781124567860367072844101467529341139897385073806494410959963118706647645741065022099471703157137719745329483651697091715990039867856095503627848912747997752817220409077532140407542424807929035441808867328.00
    卫星 Prn=28 Snr=50.2 Angle=98.1 Quality=8876965363392006683896686406662892742631935607775781124567860367072844101467529341139897385073806494410959963118706647645741065022099471703157137719745329483651697091715990039867856095503627848912747997752817220409077532140407542424807929035441808867328.00
    卫星 Prn=29 Snr=50.2 Angle=98.1 Quality=8876965363392006683896686406662892742631935607775781124567860367072844101467529341139897385073806494410959963118706647645741065022099471703157137719745329483651697091715990039867856095503627848912747997752817220409077532140407542424807929035441808867328.00
    卫星 Prn=31 Snr=50.2 Angle=98.3 Quality=8876965363392006683896686406662892742631935607775781124567860367072844101467529341139897385073806494410959963118706647645741065022099471703157137719745329483651697091715990039867856095503627848912747997752817220409077532140407542424807929035441808867328.00
    卫星 Prn=32 Snr=50.2 Angle=98.2 Quality=8876965363392006683896686406662892742631935607775781124567860367072844101467529341139897385073806494410959963118706647645741065022099471703157137719745329483651697091715990039867856095503627848912747997752817220409077532140407542424807929035441808867328.00

---- 报警时刻 code=17 天线对(1,4) t=5294.0s ----
  频点 Sys=GLONASS Type=G1 Alarm=1 来向角度=-1 被欺骗卫星数=4
    卫星 Prn=7 Snr=60.6 Angle=-1 Quality=-1
    卫星 Prn=8 Snr=60.1 Angle=-1 Quality=-1
    卫星 Prn=9 Snr=59.4 Angle=-1 Quality=-1
    卫星 Prn=16 Snr=59.1 Angle=-1 Quality=-1

---- 报警时刻 code=17 天线对(1,4) t=5294.0s ----
  频点 Sys=Galileo Type=E1C Alarm=1 来向角度=111.29° 被欺骗卫星数=7
    卫星 Prn=4 Snr=50.1 Angle=98.2 Quality=0.00
    卫星 Prn=5 Snr=50.2 Angle=98.3 Quality=8876965363392006683896686406662892742631935607775781124567860367072844101467529341139897385073806494410959963118706647645741065022099471703157137719745329483651697091715990039867856095503627848912747997752817220409077532140407542424807929035441808867328.00
    卫星 Prn=6 Snr=50.2 Angle=98.4 Quality=8876965363392006683896686406662892742631935607775781124567860367072844101467529341139897385073806494410959963118706647645741065022099471703157137719745329483651697091715990039867856095503627848912747997752817220409077532140407542424807929035441808867328.00
    卫星 Prn=9 Snr=50.3 Angle=98.2 Quality=8876965363392006683896686406662892742631935607775781124567860367072844101467529341139897385073806494410959963118706647645741065022099471703157137719745329483651697091715990039867856095503627848912747997752817220409077532140407542424807929035441808867328.00
    卫星 Prn=14 Snr=50.2 Angle=98.2 Quality=8876965363392006683896686406662892742631935607775781124567860367072844101467529341139897385073806494410959963118706647645741065022099471703157137719745329483651697091715990039867856095503627848912747997752817220409077532140407542424807929035441808867328.00
    卫星 Prn=16 Snr=50.2 Angle=98.3 Quality=8876965363392006683896686406662892742631935607775781124567860367072844101467529341139897385073806494410959963118706647645741065022099471703157137719745329483651697091715990039867856095503627848912747997752817220409077532140407542424807929035441808867328.00
    卫星 Prn=31 Snr=50.2 Angle=98.0 Quality=8876965363392006683896686406662892742631935607775781124567860367072844101467529341139897385073806494410959963118706647645741065022099471703157137719745329483651697091715990039867856095503627848912747997752817220409077532140407542424807929035441808867328.00

---- 报警时刻 code=17 天线对(1,4) t=5294.0s ----
  频点 Sys=BDS Type=B3I Alarm=1 来向角度=111.00° 被欺骗卫星数=12
    卫星 Prn=1 Snr=57.2 Angle=95.4 Quality=0.00
    卫星 Prn=2 Snr=57.2 Angle=95.5 Quality=8876965363392006683896686406662892742631935607775781124567860367072844101467529341139897385073806494410959963118706647645741065022099471703157137719745329483651697091715990039867856095503627848912747997752817220409077532140407542424807929035441808867328.00
    卫星 Prn=3 Snr=57.2 Angle=95.5 Quality=8876965363392006683896686406662892742631935607775781124567860367072844101467529341139897385073806494410959963118706647645741065022099471703157137719745329483651697091715990039867856095503627848912747997752817220409077532140407542424807929035441808867328.00
    卫星 Prn=4 Snr=57.2 Angle=95.5 Quality=8876965363392006683896686406662892742631935607775781124567860367072844101467529341139897385073806494410959963118706647645741065022099471703157137719745329483651697091715990039867856095503627848912747997752817220409077532140407542424807929035441808867328.00
    卫星 Prn=6 Snr=57.1 Angle=95.5 Quality=8876965363392006683896686406662892742631935607775781124567860367072844101467529341139897385073806494410959963118706647645741065022099471703157137719745329483651697091715990039867856095503627848912747997752817220409077532140407542424807929035441808867328.00
    卫星 Prn=7 Snr=57.2 Angle=95.6 Quality=8876965363392006683896686406662892742631935607775781124567860367072844101467529341139897385073806494410959963118706647645741065022099471703157137719745329483651697091715990039867856095503627848912747997752817220409077532140407542424807929035441808867328.00
    卫星 Prn=8 Snr=57.1 Angle=95.5 Quality=8876965363392006683896686406662892742631935607775781124567860367072844101467529341139897385073806494410959963118706647645741065022099471703157137719745329483651697091715990039867856095503627848912747997752817220409077532140407542424807929035441808867328.00
    卫星 Prn=9 Snr=57.1 Angle=95.5 Quality=8876965363392006683896686406662892742631935607775781124567860367072844101467529341139897385073806494410959963118706647645741065022099471703157137719745329483651697091715990039867856095503627848912747997752817220409077532140407542424807929035441808867328.00
    卫星 Prn=10 Snr=57.1 Angle=95.4 Quality=8876965363392006683896686406662892742631935607775781124567860367072844101467529341139897385073806494410959963118706647645741065022099471703157137719745329483651697091715990039867856095503627848912747997752817220409077532140407542424807929035441808867328.00
    卫星 Prn=14 Snr=57.1 Angle=95.5 Quality=8876965363392006683896686406662892742631935607775781124567860367072844101467529341139897385073806494410959963118706647645741065022099471703157137719745329483651697091715990039867856095503627848912747997752817220409077532140407542424807929035441808867328.00
    卫星 Prn=21 Snr=57.2 Angle=95.6 Quality=8876965363392006683896686406662892742631935607775781124567860367072844101467529341139897385073806494410959963118706647645741065022099471703157137719745329483651697091715990039867856095503627848912747997752817220409077532140407542424807929035441808867328.00
    卫星 Prn=26 Snr=57.2 Angle=95.6 Quality=8876965363392006683896686406662892742631935607775781124567860367072844101467529341139897385073806494410959963118706647645741065022099471703157137719745329483651697091715990039867856095503627848912747997752817220409077532140407542424807929035441808867328.00

---- 报警时刻 code=17 天线对(1,4) t=5294.0s ----
  频点 Sys=BDS Type=B1C Alarm=1 来向角度=111.43° 被欺骗卫星数=7
    卫星 Prn=6 Snr=49.0 Angle=98.1 Quality=0.00
    卫星 Prn=7 Snr=48.8 Angle=98.1 Quality=8876965363392006683896686406662892742631935607775781124567860367072844101467529341139897385073806494410959963118706647645741065022099471703157137719745329483651697091715990039867856095503627848912747997752817220409077532140407542424807929035441808867328.00
    卫星 Prn=8 Snr=48.8 Angle=98.0 Quality=8876965363392006683896686406662892742631935607775781124567860367072844101467529341139897385073806494410959963118706647645741065022099471703157137719745329483651697091715990039867856095503627848912747997752817220409077532140407542424807929035441808867328.00
    卫星 Prn=14 Snr=48.8 Angle=98.1 Quality=8876965363392006683896686406662892742631935607775781124567860367072844101467529341139897385073806494410959963118706647645741065022099471703157137719745329483651697091715990039867856095503627848912747997752817220409077532140407542424807929035441808867328.00
    卫星 Prn=21 Snr=48.7 Angle=98.1 Quality=8876965363392006683896686406662892742631935607775781124567860367072844101467529341139897385073806494410959963118706647645741065022099471703157137719745329483651697091715990039867856095503627848912747997752817220409077532140407542424807929035441808867328.00
    卫星 Prn=24 Snr=48.8 Angle=98.1 Quality=8876965363392006683896686406662892742631935607775781124567860367072844101467529341139897385073806494410959963118706647645741065022099471703157137719745329483651697091715990039867856095503627848912747997752817220409077532140407542424807929035441808867328.00
    卫星 Prn=26 Snr=48.8 Angle=98.0 Quality=8876965363392006683896686406662892742631935607775781124567860367072844101467529341139897385073806494410959963118706647645741065022099471703157137719745329483651697091715990039867856095503627848912747997752817220409077532140407542424807929035441808867328.00

---- 报警时刻 code=17 天线对(1,4) t=5294.0s ----
  频点 Sys=BDS Type=B2a Alarm=1 来向角度=109.86° 被欺骗卫星数=7
    卫星 Prn=6 Snr=55.6 Angle=98.4 Quality=0.00
    卫星 Prn=7 Snr=55.6 Angle=98.3 Quality=8876965363392006683896686406662892742631935607775781124567860367072844101467529341139897385073806494410959963118706647645741065022099471703157137719745329483651697091715990039867856095503627848912747997752817220409077532140407542424807929035441808867328.00
    卫星 Prn=8 Snr=55.6 Angle=98.4 Quality=8876965363392006683896686406662892742631935607775781124567860367072844101467529341139897385073806494410959963118706647645741065022099471703157137719745329483651697091715990039867856095503627848912747997752817220409077532140407542424807929035441808867328.00
    卫星 Prn=14 Snr=55.5 Angle=98.5 Quality=8876965363392006683896686406662892742631935607775781124567860367072844101467529341139897385073806494410959963118706647645741065022099471703157137719745329483651697091715990039867856095503627848912747997752817220409077532140407542424807929035441808867328.00
    卫星 Prn=21 Snr=55.6 Angle=98.4 Quality=8876965363392006683896686406662892742631935607775781124567860367072844101467529341139897385073806494410959963118706647645741065022099471703157137719745329483651697091715990039867856095503627848912747997752817220409077532140407542424807929035441808867328.00
    卫星 Prn=24 Snr=55.6 Angle=98.5 Quality=8876965363392006683896686406662892742631935607775781124567860367072844101467529341139897385073806494410959963118706647645741065022099471703157137719745329483651697091715990039867856095503627848912747997752817220409077532140407542424807929035441808867328.00
    卫星 Prn=26 Snr=55.6 Angle=98.4 Quality=8876965363392006683896686406662892742631935607775781124567860367072844101467529341139897385073806494410959963118706647645741065022099471703157137719745329483651697091715990039867856095503627848912747997752817220409077532140407542424807929035441808867328.00

---- 报警时刻 code=17 天线对(1,4) t=5294.0s ----
  频点 Sys=BDS Type=B2b Alarm=1 来向角度=112.00° 被欺骗卫星数=7
    卫星 Prn=6 Snr=55.0 Angle=97.5 Quality=0.00
    卫星 Prn=7 Snr=55.0 Angle=97.5 Quality=8876965363392006683896686406662892742631935607775781124567860367072844101467529341139897385073806494410959963118706647645741065022099471703157137719745329483651697091715990039867856095503627848912747997752817220409077532140407542424807929035441808867328.00
    卫星 Prn=8 Snr=55.0 Angle=97.6 Quality=8876965363392006683896686406662892742631935607775781124567860367072844101467529341139897385073806494410959963118706647645741065022099471703157137719745329483651697091715990039867856095503627848912747997752817220409077532140407542424807929035441808867328.00
    卫星 Prn=14 Snr=55.1 Angle=97.7 Quality=8876965363392006683896686406662892742631935607775781124567860367072844101467529341139897385073806494410959963118706647645741065022099471703157137719745329483651697091715990039867856095503627848912747997752817220409077532140407542424807929035441808867328.00
    卫星 Prn=21 Snr=55.0 Angle=97.7 Quality=8876965363392006683896686406662892742631935607775781124567860367072844101467529341139897385073806494410959963118706647645741065022099471703157137719745329483651697091715990039867856095503627848912747997752817220409077532140407542424807929035441808867328.00
    卫星 Prn=24 Snr=55.0 Angle=97.6 Quality=8876965363392006683896686406662892742631935607775781124567860367072844101467529341139897385073806494410959963118706647645741065022099471703157137719745329483651697091715990039867856095503627848912747997752817220409077532140407542424807929035441808867328.00
    卫星 Prn=26 Snr=55.0 Angle=97.7 Quality=8876965363392006683896686406662892742631935607775781124567860367072844101467529341139897385073806494410959963118706647645741065022099471703157137719745329483651697091715990039867856095503627848912747997752817220409077532140407542424807929035441808867328.00

---- 报警时刻 code=25 天线对(1,5) t=5303.0s ----
  频点 Sys=GPS Type=L1_CA Alarm=1 来向角度=111.00° 被欺骗卫星数=7
    卫星 Prn=3 Snr=50.2 Angle=98.0 Quality=0.00
    卫星 Prn=4 Snr=50.2 Angle=98.0 Quality=8876965363392006683896686406662892742631935607775781124567860367072844101467529341139897385073806494410959963118706647645741065022099471703157137719745329483651697091715990039867856095503627848912747997752817220409077532140407542424807929035441808867328.00
    卫星 Prn=26 Snr=50.2 Angle=97.9 Quality=8876965363392006683896686406662892742631935607775781124567860367072844101467529341139897385073806494410959963118706647645741065022099471703157137719745329483651697091715990039867856095503627848912747997752817220409077532140407542424807929035441808867328.00
    卫星 Prn=28 Snr=50.2 Angle=98.1 Quality=8876965363392006683896686406662892742631935607775781124567860367072844101467529341139897385073806494410959963118706647645741065022099471703157137719745329483651697091715990039867856095503627848912747997752817220409077532140407542424807929035441808867328.00
    卫星 Prn=29 Snr=50.2 Angle=98.1 Quality=8876965363392006683896686406662892742631935607775781124567860367072844101467529341139897385073806494410959963118706647645741065022099471703157137719745329483651697091715990039867856095503627848912747997752817220409077532140407542424807929035441808867328.00
    卫星 Prn=31 Snr=50.2 Angle=98.2 Quality=8876965363392006683896686406662892742631935607775781124567860367072844101467529341139897385073806494410959963118706647645741065022099471703157137719745329483651697091715990039867856095503627848912747997752817220409077532140407542424807929035441808867328.00
    卫星 Prn=32 Snr=50.2 Angle=98.2 Quality=8876965363392006683896686406662892742631935607775781124567860367072844101467529341139897385073806494410959963118706647645741065022099471703157137719745329483651697091715990039867856095503627848912747997752817220409077532140407542424807929035441808867328.00

---- 报警时刻 code=25 天线对(1,5) t=5303.0s ----
  频点 Sys=GLONASS Type=G1 Alarm=1 来向角度=-1 被欺骗卫星数=3
    卫星 Prn=6 Snr=57.8 Angle=-1 Quality=-1
    卫星 Prn=9 Snr=59.4 Angle=-1 Quality=-1
    卫星 Prn=16 Snr=59.1 Angle=-1 Quality=-1

---- 报警时刻 code=25 天线对(1,5) t=5303.0s ----
  频点 Sys=Galileo Type=E1C Alarm=1 来向角度=111.00° 被欺骗卫星数=7
    卫星 Prn=4 Snr=50.1 Angle=98.2 Quality=0.00
    卫星 Prn=5 Snr=50.2 Angle=98.2 Quality=8876965363392006683896686406662892742631935607775781124567860367072844101467529341139897385073806494410959963118706647645741065022099471703157137719745329483651697091715990039867856095503627848912747997752817220409077532140407542424807929035441808867328.00
    卫星 Prn=6 Snr=50.2 Angle=98.3 Quality=8876965363392006683896686406662892742631935607775781124567860367072844101467529341139897385073806494410959963118706647645741065022099471703157137719745329483651697091715990039867856095503627848912747997752817220409077532140407542424807929035441808867328.00
    卫星 Prn=9 Snr=50.3 Angle=98.2 Quality=8876965363392006683896686406662892742631935607775781124567860367072844101467529341139897385073806494410959963118706647645741065022099471703157137719745329483651697091715990039867856095503627848912747997752817220409077532140407542424807929035441808867328.00
    卫星 Prn=14 Snr=50.2 Angle=98.1 Quality=8876965363392006683896686406662892742631935607775781124567860367072844101467529341139897385073806494410959963118706647645741065022099471703157137719745329483651697091715990039867856095503627848912747997752817220409077532140407542424807929035441808867328.00
    卫星 Prn=16 Snr=50.2 Angle=98.2 Quality=8876965363392006683896686406662892742631935607775781124567860367072844101467529341139897385073806494410959963118706647645741065022099471703157137719745329483651697091715990039867856095503627848912747997752817220409077532140407542424807929035441808867328.00
    卫星 Prn=31 Snr=50.2 Angle=98.0 Quality=8876965363392006683896686406662892742631935607775781124567860367072844101467529341139897385073806494410959963118706647645741065022099471703157137719745329483651697091715990039867856095503627848912747997752817220409077532140407542424807929035441808867328.00

---- 报警时刻 code=25 天线对(1,5) t=5303.0s ----
  频点 Sys=BDS Type=B3I Alarm=1 来向角度=111.00° 被欺骗卫星数=12
    卫星 Prn=1 Snr=57.2 Angle=95.5 Quality=0.00
    卫星 Prn=2 Snr=57.1 Angle=95.4 Quality=8876965363392006683896686406662892742631935607775781124567860367072844101467529341139897385073806494410959963118706647645741065022099471703157137719745329483651697091715990039867856095503627848912747997752817220409077532140407542424807929035441808867328.00
    卫星 Prn=3 Snr=57.1 Angle=95.5 Quality=8876965363392006683896686406662892742631935607775781124567860367072844101467529341139897385073806494410959963118706647645741065022099471703157137719745329483651697091715990039867856095503627848912747997752817220409077532140407542424807929035441808867328.00
    卫星 Prn=4 Snr=57.3 Angle=95.5 Quality=8876965363392006683896686406662892742631935607775781124567860367072844101467529341139897385073806494410959963118706647645741065022099471703157137719745329483651697091715990039867856095503627848912747997752817220409077532140407542424807929035441808867328.00
    卫星 Prn=6 Snr=57.1 Angle=95.5 Quality=8876965363392006683896686406662892742631935607775781124567860367072844101467529341139897385073806494410959963118706647645741065022099471703157137719745329483651697091715990039867856095503627848912747997752817220409077532140407542424807929035441808867328.00
    卫星 Prn=7 Snr=57.1 Angle=95.7 Quality=8876965363392006683896686406662892742631935607775781124567860367072844101467529341139897385073806494410959963118706647645741065022099471703157137719745329483651697091715990039867856095503627848912747997752817220409077532140407542424807929035441808867328.00
    卫星 Prn=8 Snr=57.1 Angle=95.5 Quality=8876965363392006683896686406662892742631935607775781124567860367072844101467529341139897385073806494410959963118706647645741065022099471703157137719745329483651697091715990039867856095503627848912747997752817220409077532140407542424807929035441808867328.00
    卫星 Prn=9 Snr=57.1 Angle=95.5 Quality=8876965363392006683896686406662892742631935607775781124567860367072844101467529341139897385073806494410959963118706647645741065022099471703157137719745329483651697091715990039867856095503627848912747997752817220409077532140407542424807929035441808867328.00
    卫星 Prn=10 Snr=57.2 Angle=95.4 Quality=8876965363392006683896686406662892742631935607775781124567860367072844101467529341139897385073806494410959963118706647645741065022099471703157137719745329483651697091715990039867856095503627848912747997752817220409077532140407542424807929035441808867328.00
    卫星 Prn=14 Snr=57.1 Angle=95.5 Quality=8876965363392006683896686406662892742631935607775781124567860367072844101467529341139897385073806494410959963118706647645741065022099471703157137719745329483651697091715990039867856095503627848912747997752817220409077532140407542424807929035441808867328.00
    卫星 Prn=21 Snr=57.1 Angle=95.7 Quality=8876965363392006683896686406662892742631935607775781124567860367072844101467529341139897385073806494410959963118706647645741065022099471703157137719745329483651697091715990039867856095503627848912747997752817220409077532140407542424807929035441808867328.00
    卫星 Prn=26 Snr=57.1 Angle=95.6 Quality=8876965363392006683896686406662892742631935607775781124567860367072844101467529341139897385073806494410959963118706647645741065022099471703157137719745329483651697091715990039867856095503627848912747997752817220409077532140407542424807929035441808867328.00

---- 报警时刻 code=25 天线对(1,5) t=5303.0s ----
  频点 Sys=BDS Type=B1C Alarm=1 来向角度=111.00° 被欺骗卫星数=7
    卫星 Prn=6 Snr=49.0 Angle=98.0 Quality=0.00
    卫星 Prn=7 Snr=48.8 Angle=98.0 Quality=8876965363392006683896686406662892742631935607775781124567860367072844101467529341139897385073806494410959963118706647645741065022099471703157137719745329483651697091715990039867856095503627848912747997752817220409077532140407542424807929035441808867328.00
    卫星 Prn=8 Snr=48.8 Angle=98.0 Quality=8876965363392006683896686406662892742631935607775781124567860367072844101467529341139897385073806494410959963118706647645741065022099471703157137719745329483651697091715990039867856095503627848912747997752817220409077532140407542424807929035441808867328.00
    卫星 Prn=14 Snr=48.8 Angle=98.1 Quality=8876965363392006683896686406662892742631935607775781124567860367072844101467529341139897385073806494410959963118706647645741065022099471703157137719745329483651697091715990039867856095503627848912747997752817220409077532140407542424807929035441808867328.00
    卫星 Prn=21 Snr=48.7 Angle=98.1 Quality=8876965363392006683896686406662892742631935607775781124567860367072844101467529341139897385073806494410959963118706647645741065022099471703157137719745329483651697091715990039867856095503627848912747997752817220409077532140407542424807929035441808867328.00
    卫星 Prn=24 Snr=48.8 Angle=97.9 Quality=8876965363392006683896686406662892742631935607775781124567860367072844101467529341139897385073806494410959963118706647645741065022099471703157137719745329483651697091715990039867856095503627848912747997752817220409077532140407542424807929035441808867328.00
    卫星 Prn=26 Snr=48.8 Angle=98.0 Quality=8876965363392006683896686406662892742631935607775781124567860367072844101467529341139897385073806494410959963118706647645741065022099471703157137719745329483651697091715990039867856095503627848912747997752817220409077532140407542424807929035441808867328.00

---- 报警时刻 code=25 天线对(1,5) t=5303.0s ----
  频点 Sys=BDS Type=B2a Alarm=1 来向角度=109.71° 被欺骗卫星数=7
    卫星 Prn=6 Snr=55.6 Angle=98.4 Quality=0.00
    卫星 Prn=7 Snr=55.6 Angle=98.3 Quality=8876965363392006683896686406662892742631935607775781124567860367072844101467529341139897385073806494410959963118706647645741065022099471703157137719745329483651697091715990039867856095503627848912747997752817220409077532140407542424807929035441808867328.00
    卫星 Prn=8 Snr=55.6 Angle=98.4 Quality=8876965363392006683896686406662892742631935607775781124567860367072844101467529341139897385073806494410959963118706647645741065022099471703157137719745329483651697091715990039867856095503627848912747997752817220409077532140407542424807929035441808867328.00
    卫星 Prn=14 Snr=55.5 Angle=98.5 Quality=8876965363392006683896686406662892742631935607775781124567860367072844101467529341139897385073806494410959963118706647645741065022099471703157137719745329483651697091715990039867856095503627848912747997752817220409077532140407542424807929035441808867328.00
    卫星 Prn=21 Snr=55.6 Angle=98.4 Quality=8876965363392006683896686406662892742631935607775781124567860367072844101467529341139897385073806494410959963118706647645741065022099471703157137719745329483651697091715990039867856095503627848912747997752817220409077532140407542424807929035441808867328.00
    卫星 Prn=24 Snr=55.6 Angle=98.5 Quality=8876965363392006683896686406662892742631935607775781124567860367072844101467529341139897385073806494410959963118706647645741065022099471703157137719745329483651697091715990039867856095503627848912747997752817220409077532140407542424807929035441808867328.00
    卫星 Prn=26 Snr=55.6 Angle=98.4 Quality=8876965363392006683896686406662892742631935607775781124567860367072844101467529341139897385073806494410959963118706647645741065022099471703157137719745329483651697091715990039867856095503627848912747997752817220409077532140407542424807929035441808867328.00

---- 报警时刻 code=25 天线对(1,5) t=5303.0s ----
  频点 Sys=BDS Type=B2b Alarm=1 来向角度=112.00° 被欺骗卫星数=7
    卫星 Prn=6 Snr=54.8 Angle=97.4 Quality=0.00
    卫星 Prn=7 Snr=54.8 Angle=97.5 Quality=8876965363392006683896686406662892742631935607775781124567860367072844101467529341139897385073806494410959963118706647645741065022099471703157137719745329483651697091715990039867856095503627848912747997752817220409077532140407542424807929035441808867328.00
    卫星 Prn=8 Snr=54.8 Angle=97.5 Quality=8876965363392006683896686406662892742631935607775781124567860367072844101467529341139897385073806494410959963118706647645741065022099471703157137719745329483651697091715990039867856095503627848912747997752817220409077532140407542424807929035441808867328.00
    卫星 Prn=14 Snr=54.8 Angle=97.6 Quality=8876965363392006683896686406662892742631935607775781124567860367072844101467529341139897385073806494410959963118706647645741065022099471703157137719745329483651697091715990039867856095503627848912747997752817220409077532140407542424807929035441808867328.00
    卫星 Prn=21 Snr=54.8 Angle=97.7 Quality=8876965363392006683896686406662892742631935607775781124567860367072844101467529341139897385073806494410959963118706647645741065022099471703157137719745329483651697091715990039867856095503627848912747997752817220409077532140407542424807929035441808867328.00
    卫星 Prn=24 Snr=54.8 Angle=97.5 Quality=8876965363392006683896686406662892742631935607775781124567860367072844101467529341139897385073806494410959963118706647645741065022099471703157137719745329483651697091715990039867856095503627848912747997752817220409077532140407542424807929035441808867328.00
    卫星 Prn=26 Snr=54.8 Angle=97.6 Quality=8876965363392006683896686406662892742631935607775781124567860367072844101467529341139897385073806494410959963118706647645741065022099471703157137719745329483651697091715990039867856095503627848912747997752817220409077532140407542424807929035441808867328.00

---- 报警时刻 code=33 天线对(1,6) t=5312.0s ----
  频点 Sys=GPS Type=L1_CA Alarm=1 来向角度=111.00° 被欺骗卫星数=7
    卫星 Prn=3 Snr=50.2 Angle=98.0 Quality=0.00
    卫星 Prn=4 Snr=50.2 Angle=97.9 Quality=8876965363392006683896686406662892742631935607775781124567860367072844101467529341139897385073806494410959963118706647645741065022099471703157137719745329483651697091715990039867856095503627848912747997752817220409077532140407542424807929035441808867328.00
    卫星 Prn=26 Snr=50.2 Angle=97.9 Quality=8876965363392006683896686406662892742631935607775781124567860367072844101467529341139897385073806494410959963118706647645741065022099471703157137719745329483651697091715990039867856095503627848912747997752817220409077532140407542424807929035441808867328.00
    卫星 Prn=28 Snr=50.2 Angle=98.1 Quality=8876965363392006683896686406662892742631935607775781124567860367072844101467529341139897385073806494410959963118706647645741065022099471703157137719745329483651697091715990039867856095503627848912747997752817220409077532140407542424807929035441808867328.00
    卫星 Prn=29 Snr=50.2 Angle=98.0 Quality=8876965363392006683896686406662892742631935607775781124567860367072844101467529341139897385073806494410959963118706647645741065022099471703157137719745329483651697091715990039867856095503627848912747997752817220409077532140407542424807929035441808867328.00
    卫星 Prn=31 Snr=50.2 Angle=98.1 Quality=8876965363392006683896686406662892742631935607775781124567860367072844101467529341139897385073806494410959963118706647645741065022099471703157137719745329483651697091715990039867856095503627848912747997752817220409077532140407542424807929035441808867328.00
    卫星 Prn=32 Snr=50.2 Angle=98.1 Quality=8876965363392006683896686406662892742631935607775781124567860367072844101467529341139897385073806494410959963118706647645741065022099471703157137719745329483651697091715990039867856095503627848912747997752817220409077532140407542424807929035441808867328.00

---- 报警时刻 code=33 天线对(1,6) t=5312.0s ----
  频点 Sys=GLONASS Type=G1 Alarm=1 来向角度=-1 被欺骗卫星数=3
    卫星 Prn=7 Snr=60.6 Angle=-1 Quality=-1
    卫星 Prn=9 Snr=59.4 Angle=-1 Quality=-1
    卫星 Prn=16 Snr=59.1 Angle=-1 Quality=-1

---- 报警时刻 code=33 天线对(1,6) t=5312.0s ----
  频点 Sys=Galileo Type=E1C Alarm=1 来向角度=111.00° 被欺骗卫星数=7
    卫星 Prn=4 Snr=50.1 Angle=98.2 Quality=0.00
    卫星 Prn=5 Snr=50.2 Angle=98.2 Quality=8876965363392006683896686406662892742631935607775781124567860367072844101467529341139897385073806494410959963118706647645741065022099471703157137719745329483651697091715990039867856095503627848912747997752817220409077532140407542424807929035441808867328.00
    卫星 Prn=6 Snr=50.2 Angle=98.2 Quality=8876965363392006683896686406662892742631935607775781124567860367072844101467529341139897385073806494410959963118706647645741065022099471703157137719745329483651697091715990039867856095503627848912747997752817220409077532140407542424807929035441808867328.00
    卫星 Prn=9 Snr=50.3 Angle=98.1 Quality=8876965363392006683896686406662892742631935607775781124567860367072844101467529341139897385073806494410959963118706647645741065022099471703157137719745329483651697091715990039867856095503627848912747997752817220409077532140407542424807929035441808867328.00
    卫星 Prn=14 Snr=50.2 Angle=98.1 Quality=8876965363392006683896686406662892742631935607775781124567860367072844101467529341139897385073806494410959963118706647645741065022099471703157137719745329483651697091715990039867856095503627848912747997752817220409077532140407542424807929035441808867328.00
    卫星 Prn=16 Snr=50.2 Angle=98.2 Quality=8876965363392006683896686406662892742631935607775781124567860367072844101467529341139897385073806494410959963118706647645741065022099471703157137719745329483651697091715990039867856095503627848912747997752817220409077532140407542424807929035441808867328.00
    卫星 Prn=31 Snr=50.2 Angle=98.0 Quality=8876965363392006683896686406662892742631935607775781124567860367072844101467529341139897385073806494410959963118706647645741065022099471703157137719745329483651697091715990039867856095503627848912747997752817220409077532140407542424807929035441808867328.00

---- 报警时刻 code=33 天线对(1,6) t=5312.0s ----
  频点 Sys=BDS Type=B3I Alarm=1 来向角度=111.00° 被欺骗卫星数=12
    卫星 Prn=1 Snr=57.2 Angle=95.4 Quality=0.00
    卫星 Prn=2 Snr=57.1 Angle=95.4 Quality=8876965363392006683896686406662892742631935607775781124567860367072844101467529341139897385073806494410959963118706647645741065022099471703157137719745329483651697091715990039867856095503627848912747997752817220409077532140407542424807929035441808867328.00
    卫星 Prn=3 Snr=57.1 Angle=95.4 Quality=8876965363392006683896686406662892742631935607775781124567860367072844101467529341139897385073806494410959963118706647645741065022099471703157137719745329483651697091715990039867856095503627848912747997752817220409077532140407542424807929035441808867328.00
    卫星 Prn=4 Snr=57.3 Angle=95.4 Quality=8876965363392006683896686406662892742631935607775781124567860367072844101467529341139897385073806494410959963118706647645741065022099471703157137719745329483651697091715990039867856095503627848912747997752817220409077532140407542424807929035441808867328.00
    卫星 Prn=6 Snr=57.1 Angle=95.3 Quality=8876965363392006683896686406662892742631935607775781124567860367072844101467529341139897385073806494410959963118706647645741065022099471703157137719745329483651697091715990039867856095503627848912747997752817220409077532140407542424807929035441808867328.00
    卫星 Prn=7 Snr=57.1 Angle=95.5 Quality=8876965363392006683896686406662892742631935607775781124567860367072844101467529341139897385073806494410959963118706647645741065022099471703157137719745329483651697091715990039867856095503627848912747997752817220409077532140407542424807929035441808867328.00
    卫星 Prn=8 Snr=57.1 Angle=95.4 Quality=8876965363392006683896686406662892742631935607775781124567860367072844101467529341139897385073806494410959963118706647645741065022099471703157137719745329483651697091715990039867856095503627848912747997752817220409077532140407542424807929035441808867328.00
    卫星 Prn=9 Snr=57.1 Angle=95.5 Quality=8876965363392006683896686406662892742631935607775781124567860367072844101467529341139897385073806494410959963118706647645741065022099471703157137719745329483651697091715990039867856095503627848912747997752817220409077532140407542424807929035441808867328.00
    卫星 Prn=10 Snr=57.2 Angle=95.3 Quality=8876965363392006683896686406662892742631935607775781124567860367072844101467529341139897385073806494410959963118706647645741065022099471703157137719745329483651697091715990039867856095503627848912747997752817220409077532140407542424807929035441808867328.00
    卫星 Prn=14 Snr=57.1 Angle=95.4 Quality=8876965363392006683896686406662892742631935607775781124567860367072844101467529341139897385073806494410959963118706647645741065022099471703157137719745329483651697091715990039867856095503627848912747997752817220409077532140407542424807929035441808867328.00
    卫星 Prn=21 Snr=57.1 Angle=95.5 Quality=8876965363392006683896686406662892742631935607775781124567860367072844101467529341139897385073806494410959963118706647645741065022099471703157137719745329483651697091715990039867856095503627848912747997752817220409077532140407542424807929035441808867328.00
    卫星 Prn=26 Snr=57.1 Angle=95.6 Quality=8876965363392006683896686406662892742631935607775781124567860367072844101467529341139897385073806494410959963118706647645741065022099471703157137719745329483651697091715990039867856095503627848912747997752817220409077532140407542424807929035441808867328.00

---- 报警时刻 code=33 天线对(1,6) t=5312.0s ----
  频点 Sys=BDS Type=B1C Alarm=1 来向角度=111.00° 被欺骗卫星数=7
    卫星 Prn=6 Snr=49.0 Angle=98.0 Quality=0.00
    卫星 Prn=7 Snr=48.8 Angle=97.9 Quality=8876965363392006683896686406662892742631935607775781124567860367072844101467529341139897385073806494410959963118706647645741065022099471703157137719745329483651697091715990039867856095503627848912747997752817220409077532140407542424807929035441808867328.00
    卫星 Prn=8 Snr=48.8 Angle=98.0 Quality=8876965363392006683896686406662892742631935607775781124567860367072844101467529341139897385073806494410959963118706647645741065022099471703157137719745329483651697091715990039867856095503627848912747997752817220409077532140407542424807929035441808867328.00
    卫星 Prn=14 Snr=48.8 Angle=98.1 Quality=8876965363392006683896686406662892742631935607775781124567860367072844101467529341139897385073806494410959963118706647645741065022099471703157137719745329483651697091715990039867856095503627848912747997752817220409077532140407542424807929035441808867328.00
    卫星 Prn=21 Snr=48.7 Angle=98.1 Quality=8876965363392006683896686406662892742631935607775781124567860367072844101467529341139897385073806494410959963118706647645741065022099471703157137719745329483651697091715990039867856095503627848912747997752817220409077532140407542424807929035441808867328.00
    卫星 Prn=24 Snr=48.8 Angle=97.9 Quality=8876965363392006683896686406662892742631935607775781124567860367072844101467529341139897385073806494410959963118706647645741065022099471703157137719745329483651697091715990039867856095503627848912747997752817220409077532140407542424807929035441808867328.00
    卫星 Prn=26 Snr=48.8 Angle=98.0 Quality=8876965363392006683896686406662892742631935607775781124567860367072844101467529341139897385073806494410959963118706647645741065022099471703157137719745329483651697091715990039867856095503627848912747997752817220409077532140407542424807929035441808867328.00

---- 报警时刻 code=33 天线对(1,6) t=5312.0s ----
  频点 Sys=BDS Type=B2a Alarm=1 来向角度=109.86° 被欺骗卫星数=7
    卫星 Prn=6 Snr=55.6 Angle=98.4 Quality=0.00
    卫星 Prn=7 Snr=55.6 Angle=98.3 Quality=8876965363392006683896686406662892742631935607775781124567860367072844101467529341139897385073806494410959963118706647645741065022099471703157137719745329483651697091715990039867856095503627848912747997752817220409077532140407542424807929035441808867328.00
    卫星 Prn=8 Snr=55.6 Angle=98.4 Quality=8876965363392006683896686406662892742631935607775781124567860367072844101467529341139897385073806494410959963118706647645741065022099471703157137719745329483651697091715990039867856095503627848912747997752817220409077532140407542424807929035441808867328.00
    卫星 Prn=14 Snr=55.5 Angle=98.4 Quality=8876965363392006683896686406662892742631935607775781124567860367072844101467529341139897385073806494410959963118706647645741065022099471703157137719745329483651697091715990039867856095503627848912747997752817220409077532140407542424807929035441808867328.00
    卫星 Prn=21 Snr=55.6 Angle=98.2 Quality=8876965363392006683896686406662892742631935607775781124567860367072844101467529341139897385073806494410959963118706647645741065022099471703157137719745329483651697091715990039867856095503627848912747997752817220409077532140407542424807929035441808867328.00
    卫星 Prn=24 Snr=55.6 Angle=98.4 Quality=8876965363392006683896686406662892742631935607775781124567860367072844101467529341139897385073806494410959963118706647645741065022099471703157137719745329483651697091715990039867856095503627848912747997752817220409077532140407542424807929035441808867328.00
    卫星 Prn=26 Snr=55.6 Angle=98.4 Quality=8876965363392006683896686406662892742631935607775781124567860367072844101467529341139897385073806494410959963118706647645741065022099471703157137719745329483651697091715990039867856095503627848912747997752817220409077532140407542424807929035441808867328.00

---- 报警时刻 code=33 天线对(1,6) t=5312.0s ----
  频点 Sys=BDS Type=B2b Alarm=1 来向角度=112.00° 被欺骗卫星数=7
    卫星 Prn=6 Snr=54.8 Angle=97.5 Quality=0.00
    卫星 Prn=7 Snr=54.8 Angle=97.7 Quality=8876965363392006683896686406662892742631935607775781124567860367072844101467529341139897385073806494410959963118706647645741065022099471703157137719745329483651697091715990039867856095503627848912747997752817220409077532140407542424807929035441808867328.00
    卫星 Prn=8 Snr=54.8 Angle=97.8 Quality=8876965363392006683896686406662892742631935607775781124567860367072844101467529341139897385073806494410959963118706647645741065022099471703157137719745329483651697091715990039867856095503627848912747997752817220409077532140407542424807929035441808867328.00
    卫星 Prn=14 Snr=54.8 Angle=97.8 Quality=8876965363392006683896686406662892742631935607775781124567860367072844101467529341139897385073806494410959963118706647645741065022099471703157137719745329483651697091715990039867856095503627848912747997752817220409077532140407542424807929035441808867328.00
    卫星 Prn=21 Snr=54.8 Angle=97.8 Quality=8876965363392006683896686406662892742631935607775781124567860367072844101467529341139897385073806494410959963118706647645741065022099471703157137719745329483651697091715990039867856095503627848912747997752817220409077532140407542424807929035441808867328.00
    卫星 Prn=24 Snr=54.8 Angle=97.7 Quality=8876965363392006683896686406662892742631935607775781124567860367072844101467529341139897385073806494410959963118706647645741065022099471703157137719745329483651697091715990039867856095503627848912747997752817220409077532140407542424807929035441808867328.00
    卫星 Prn=26 Snr=54.8 Angle=97.8 Quality=8876965363392006683896686406662892742631935607775781124567860367072844101467529341139897385073806494410959963118706647645741065022099471703157137719745329483651697091715990039867856095503627848912747997752817220409077532140407542424807929035441808867328.00

---- 报警时刻 code=1 天线对(1,7) t=5321.0s ----
  频点 Sys=GPS Type=L1_CA Alarm=1 来向角度=111.00° 被欺骗卫星数=8
    卫星 Prn=3 Snr=50.2 Angle=97.9 Quality=0.00
    卫星 Prn=4 Snr=50.2 Angle=97.9 Quality=8876965363392006683896686406662892742631935607775781124567860367072844101467529341139897385073806494410959963118706647645741065022099471703157137719745329483651697091715990039867856095503627848912747997752817220409077532140407542424807929035441808867328.00
    卫星 Prn=16 Snr=50.2 Angle=97.6 Quality=8876965363392006683896686406662892742631935607775781124567860367072844101467529341139897385073806494410959963118706647645741065022099471703157137719745329483651697091715990039867856095503627848912747997752817220409077532140407542424807929035441808867328.00
    卫星 Prn=26 Snr=50.2 Angle=97.8 Quality=8876965363392006683896686406662892742631935607775781124567860367072844101467529341139897385073806494410959963118706647645741065022099471703157137719745329483651697091715990039867856095503627848912747997752817220409077532140407542424807929035441808867328.00
    卫星 Prn=28 Snr=50.2 Angle=98.0 Quality=8876965363392006683896686406662892742631935607775781124567860367072844101467529341139897385073806494410959963118706647645741065022099471703157137719745329483651697091715990039867856095503627848912747997752817220409077532140407542424807929035441808867328.00
    卫星 Prn=29 Snr=50.2 Angle=97.9 Quality=8876965363392006683896686406662892742631935607775781124567860367072844101467529341139897385073806494410959963118706647645741065022099471703157137719745329483651697091715990039867856095503627848912747997752817220409077532140407542424807929035441808867328.00
    卫星 Prn=31 Snr=50.2 Angle=98.1 Quality=8876965363392006683896686406662892742631935607775781124567860367072844101467529341139897385073806494410959963118706647645741065022099471703157137719745329483651697091715990039867856095503627848912747997752817220409077532140407542424807929035441808867328.00
    卫星 Prn=32 Snr=50.2 Angle=98.0 Quality=8876965363392006683896686406662892742631935607775781124567860367072844101467529341139897385073806494410959963118706647645741065022099471703157137719745329483651697091715990039867856095503627848912747997752817220409077532140407542424807929035441808867328.00

---- 报警时刻 code=1 天线对(1,7) t=5321.0s ----
  频点 Sys=Galileo Type=E1C Alarm=1 来向角度=111.00° 被欺骗卫星数=7
    卫星 Prn=4 Snr=50.1 Angle=98.1 Quality=0.00
    卫星 Prn=5 Snr=50.2 Angle=98.2 Quality=8876965363392006683896686406662892742631935607775781124567860367072844101467529341139897385073806494410959963118706647645741065022099471703157137719745329483651697091715990039867856095503627848912747997752817220409077532140407542424807929035441808867328.00
    卫星 Prn=6 Snr=50.2 Angle=98.2 Quality=8876965363392006683896686406662892742631935607775781124567860367072844101467529341139897385073806494410959963118706647645741065022099471703157137719745329483651697091715990039867856095503627848912747997752817220409077532140407542424807929035441808867328.00
    卫星 Prn=9 Snr=50.3 Angle=98.0 Quality=8876965363392006683896686406662892742631935607775781124567860367072844101467529341139897385073806494410959963118706647645741065022099471703157137719745329483651697091715990039867856095503627848912747997752817220409077532140407542424807929035441808867328.00
    卫星 Prn=14 Snr=50.2 Angle=98.0 Quality=8876965363392006683896686406662892742631935607775781124567860367072844101467529341139897385073806494410959963118706647645741065022099471703157137719745329483651697091715990039867856095503627848912747997752817220409077532140407542424807929035441808867328.00
    卫星 Prn=16 Snr=50.2 Angle=98.1 Quality=8876965363392006683896686406662892742631935607775781124567860367072844101467529341139897385073806494410959963118706647645741065022099471703157137719745329483651697091715990039867856095503627848912747997752817220409077532140407542424807929035441808867328.00
    卫星 Prn=31 Snr=50.2 Angle=97.9 Quality=8876965363392006683896686406662892742631935607775781124567860367072844101467529341139897385073806494410959963118706647645741065022099471703157137719745329483651697091715990039867856095503627848912747997752817220409077532140407542424807929035441808867328.00

---- 报警时刻 code=1 天线对(1,7) t=5321.0s ----
  频点 Sys=BDS Type=B3I Alarm=1 来向角度=111.00° 被欺骗卫星数=12
    卫星 Prn=1 Snr=57.2 Angle=95.4 Quality=0.00
    卫星 Prn=2 Snr=57.1 Angle=95.4 Quality=8876965363392006683896686406662892742631935607775781124567860367072844101467529341139897385073806494410959963118706647645741065022099471703157137719745329483651697091715990039867856095503627848912747997752817220409077532140407542424807929035441808867328.00
    卫星 Prn=3 Snr=57.1 Angle=95.4 Quality=8876965363392006683896686406662892742631935607775781124567860367072844101467529341139897385073806494410959963118706647645741065022099471703157137719745329483651697091715990039867856095503627848912747997752817220409077532140407542424807929035441808867328.00
    卫星 Prn=4 Snr=57.3 Angle=95.5 Quality=8876965363392006683896686406662892742631935607775781124567860367072844101467529341139897385073806494410959963118706647645741065022099471703157137719745329483651697091715990039867856095503627848912747997752817220409077532140407542424807929035441808867328.00
    卫星 Prn=6 Snr=57.1 Angle=95.4 Quality=8876965363392006683896686406662892742631935607775781124567860367072844101467529341139897385073806494410959963118706647645741065022099471703157137719745329483651697091715990039867856095503627848912747997752817220409077532140407542424807929035441808867328.00
    卫星 Prn=7 Snr=57.1 Angle=95.5 Quality=8876965363392006683896686406662892742631935607775781124567860367072844101467529341139897385073806494410959963118706647645741065022099471703157137719745329483651697091715990039867856095503627848912747997752817220409077532140407542424807929035441808867328.00
    卫星 Prn=8 Snr=57.1 Angle=95.5 Quality=8876965363392006683896686406662892742631935607775781124567860367072844101467529341139897385073806494410959963118706647645741065022099471703157137719745329483651697091715990039867856095503627848912747997752817220409077532140407542424807929035441808867328.00
    卫星 Prn=9 Snr=57.1 Angle=95.5 Quality=8876965363392006683896686406662892742631935607775781124567860367072844101467529341139897385073806494410959963118706647645741065022099471703157137719745329483651697091715990039867856095503627848912747997752817220409077532140407542424807929035441808867328.00
    卫星 Prn=10 Snr=57.2 Angle=95.4 Quality=8876965363392006683896686406662892742631935607775781124567860367072844101467529341139897385073806494410959963118706647645741065022099471703157137719745329483651697091715990039867856095503627848912747997752817220409077532140407542424807929035441808867328.00
    卫星 Prn=14 Snr=57.1 Angle=95.4 Quality=8876965363392006683896686406662892742631935607775781124567860367072844101467529341139897385073806494410959963118706647645741065022099471703157137719745329483651697091715990039867856095503627848912747997752817220409077532140407542424807929035441808867328.00
    卫星 Prn=21 Snr=57.1 Angle=95.6 Quality=8876965363392006683896686406662892742631935607775781124567860367072844101467529341139897385073806494410959963118706647645741065022099471703157137719745329483651697091715990039867856095503627848912747997752817220409077532140407542424807929035441808867328.00
    卫星 Prn=26 Snr=57.1 Angle=95.5 Quality=8876965363392006683896686406662892742631935607775781124567860367072844101467529341139897385073806494410959963118706647645741065022099471703157137719745329483651697091715990039867856095503627848912747997752817220409077532140407542424807929035441808867328.00

---- 报警时刻 code=1 天线对(1,7) t=5321.0s ----
  频点 Sys=BDS Type=B1C Alarm=1 来向角度=111.00° 被欺骗卫星数=7
    卫星 Prn=6 Snr=49.0 Angle=97.9 Quality=0.00
    卫星 Prn=7 Snr=48.8 Angle=97.9 Quality=8876965363392006683896686406662892742631935607775781124567860367072844101467529341139897385073806494410959963118706647645741065022099471703157137719745329483651697091715990039867856095503627848912747997752817220409077532140407542424807929035441808867328.00
    卫星 Prn=8 Snr=48.8 Angle=97.9 Quality=8876965363392006683896686406662892742631935607775781124567860367072844101467529341139897385073806494410959963118706647645741065022099471703157137719745329483651697091715990039867856095503627848912747997752817220409077532140407542424807929035441808867328.00
    卫星 Prn=14 Snr=48.8 Angle=98.0 Quality=8876965363392006683896686406662892742631935607775781124567860367072844101467529341139897385073806494410959963118706647645741065022099471703157137719745329483651697091715990039867856095503627848912747997752817220409077532140407542424807929035441808867328.00
    卫星 Prn=21 Snr=48.7 Angle=98.0 Quality=8876965363392006683896686406662892742631935607775781124567860367072844101467529341139897385073806494410959963118706647645741065022099471703157137719745329483651697091715990039867856095503627848912747997752817220409077532140407542424807929035441808867328.00
    卫星 Prn=24 Snr=48.8 Angle=97.9 Quality=8876965363392006683896686406662892742631935607775781124567860367072844101467529341139897385073806494410959963118706647645741065022099471703157137719745329483651697091715990039867856095503627848912747997752817220409077532140407542424807929035441808867328.00
    卫星 Prn=26 Snr=48.8 Angle=98.0 Quality=8876965363392006683896686406662892742631935607775781124567860367072844101467529341139897385073806494410959963118706647645741065022099471703157137719745329483651697091715990039867856095503627848912747997752817220409077532140407542424807929035441808867328.00

---- 报警时刻 code=1 天线对(1,7) t=5321.0s ----
  频点 Sys=BDS Type=B2a Alarm=1 来向角度=109.86° 被欺骗卫星数=7
    卫星 Prn=6 Snr=55.6 Angle=98.4 Quality=0.00
    卫星 Prn=7 Snr=55.6 Angle=98.3 Quality=8876965363392006683896686406662892742631935607775781124567860367072844101467529341139897385073806494410959963118706647645741065022099471703157137719745329483651697091715990039867856095503627848912747997752817220409077532140407542424807929035441808867328.00
    卫星 Prn=8 Snr=55.6 Angle=98.3 Quality=8876965363392006683896686406662892742631935607775781124567860367072844101467529341139897385073806494410959963118706647645741065022099471703157137719745329483651697091715990039867856095503627848912747997752817220409077532140407542424807929035441808867328.00
    卫星 Prn=14 Snr=55.5 Angle=98.3 Quality=8876965363392006683896686406662892742631935607775781124567860367072844101467529341139897385073806494410959963118706647645741065022099471703157137719745329483651697091715990039867856095503627848912747997752817220409077532140407542424807929035441808867328.00
    卫星 Prn=21 Snr=55.6 Angle=98.2 Quality=8876965363392006683896686406662892742631935607775781124567860367072844101467529341139897385073806494410959963118706647645741065022099471703157137719745329483651697091715990039867856095503627848912747997752817220409077532140407542424807929035441808867328.00
    卫星 Prn=24 Snr=55.6 Angle=98.4 Quality=8876965363392006683896686406662892742631935607775781124567860367072844101467529341139897385073806494410959963118706647645741065022099471703157137719745329483651697091715990039867856095503627848912747997752817220409077532140407542424807929035441808867328.00
    卫星 Prn=26 Snr=55.6 Angle=98.3 Quality=8876965363392006683896686406662892742631935607775781124567860367072844101467529341139897385073806494410959963118706647645741065022099471703157137719745329483651697091715990039867856095503627848912747997752817220409077532140407542424807929035441808867328.00

---- 报警时刻 code=1 天线对(1,7) t=5321.0s ----
  频点 Sys=BDS Type=B2b Alarm=1 来向角度=112.00° 被欺骗卫星数=7
    卫星 Prn=6 Snr=54.8 Angle=97.6 Quality=0.00
    卫星 Prn=7 Snr=54.8 Angle=97.7 Quality=8876965363392006683896686406662892742631935607775781124567860367072844101467529341139897385073806494410959963118706647645741065022099471703157137719745329483651697091715990039867856095503627848912747997752817220409077532140407542424807929035441808867328.00
    卫星 Prn=8 Snr=54.8 Angle=97.8 Quality=8876965363392006683896686406662892742631935607775781124567860367072844101467529341139897385073806494410959963118706647645741065022099471703157137719745329483651697091715990039867856095503627848912747997752817220409077532140407542424807929035441808867328.00
    卫星 Prn=14 Snr=54.8 Angle=97.8 Quality=8876965363392006683896686406662892742631935607775781124567860367072844101467529341139897385073806494410959963118706647645741065022099471703157137719745329483651697091715990039867856095503627848912747997752817220409077532140407542424807929035441808867328.00
    卫星 Prn=21 Snr=54.8 Angle=97.8 Quality=8876965363392006683896686406662892742631935607775781124567860367072844101467529341139897385073806494410959963118706647645741065022099471703157137719745329483651697091715990039867856095503627848912747997752817220409077532140407542424807929035441808867328.00
    卫星 Prn=24 Snr=54.8 Angle=97.7 Quality=8876965363392006683896686406662892742631935607775781124567860367072844101467529341139897385073806494410959963118706647645741065022099471703157137719745329483651697091715990039867856095503627848912747997752817220409077532140407542424807929035441808867328.00
    卫星 Prn=26 Snr=54.8 Angle=97.8 Quality=8876965363392006683896686406662892742631935607775781124567860367072844101467529341139897385073806494410959963118706647645741065022099471703157137719745329483651697091715990039867856095503627848912747997752817220409077532140407542424807929035441808867328.00

================================================================
GN902 检测完成: 处理 19 个完整测向轮, 共 264 个报警时刻记录
================================================================
